Time,Data_Collected_KB,Current_Node,Attempt_Count,Success_Flag,Skipped_Flag,Node_File,Strategy,Num_Nodes
10.032312253168737,12.351198981164806,0,1,1,0,data1001,baseline,50
40.076038957841476,29.917536146731585,1,3,1,0,data1001,baseline,50
50.119425291267746,45.40292389347179,2,1,1,0,data1001,baseline,50
70.16280919054866,65.24614884613624,3,2,1,0,data1001,baseline,50
100.18695813537812,76.73588337674947,4,3,1,0,data1001,baseline,50
210.2178972712928,90.09757264376063,5,11,1,0,data1001,baseline,50
220.24672490410686,103.13703187809983,6,1,1,0,data1001,baseline,50
340.26457200034764,110.81945713743924,7,12,1,0,data1001,baseline,50
350.30179616513135,127.30005852276213,8,1,1,0,data1001,baseline,50
370.34125265977883,143.60533488366158,9,2,1,0,data1001,baseline,50
380.3773690685577,158.63090216687388,10,1,1,0,data1001,baseline,50
600.4020661249357,166.5540484566218,12,2,1,0,data1001,baseline,50
630.4294854232304,179.45082184279502,13,3,1,0,data1001,baseline,50
660.4584885791643,192.73724926016118,14,3,1,0,data1001,baseline,50
700.4896479861317,203.7258629140531,15,4,1,0,data1001,baseline,50
730.5269071412695,217.91943435572304,16,3,1,0,data1001,baseline,50
831.4066122778268,655.6560176778813,17,10,1,0,data1001,baseline,50
851.4568968527565,680.086947183934,18,2,1,0,data1001,baseline,50
881.4920047388014,695.9598362480931,19,3,1,0,data1001,baseline,50
921.5297622482398,712.2475882017069,20,4,1,0,data1001,baseline,50
931.5676224890683,726.8753586228761,21,1,1,0,data1001,baseline,50
991.581820011454,732.2815025463809,22,6,1,0,data1001,baseline,50
1042.4088660206749,1144.4751715271218,23,5,1,0,data1001,baseline,50
1072.4434576280112,1159.776322576827,24,3,1,0,data1001,baseline,50
1102.5047620734435,1187.0925331392534,25,3,1,0,data1001,baseline,50
1162.5419579429126,1201.1307283153478,26,6,1,0,data1001,baseline,50
1182.581905178248,1217.6384650270159,27,2,1,0,data1001,baseline,50
1353.2499136603415,1549.9093164778321,28,17,1,0,data1001,baseline,50
1363.2793685960578,1559.0659262897345,29,1,1,0,data1001,baseline,50
1383.3299378959193,1579.7800403623096,30,2,1,0,data1001,baseline,50
1413.3696853536314,1598.5397055257436,31,3,1,0,data1001,baseline,50
1444.1287626169965,1975.7005614468371,32,3,1,0,data1001,baseline,50
1454.1532979477627,1986.1536241728634,33,1,1,0,data1001,baseline,50
1474.2026519257727,2008.1675957275438,34,2,1,0,data1001,baseline,50
1494.2221591587631,2016.1583404135824,35,2,1,0,data1001,baseline,50
1534.2608110706456,2034.092625882584,36,4,1,0,data1001,baseline,50
1674.9686015805712,2385.9808462368455,37,14,1,0,data1001,baseline,50
1775.935810634892,2866.019694857814,38,10,1,0,data1001,baseline,50
1785.9618977646248,2878.1882062098002,39,1,1,0,data1001,baseline,50
1795.9977102130033,2893.6864630352384,40,1,1,0,data1001,baseline,50
1886.0273021126545,2906.1690847646573,41,9,1,0,data1001,baseline,50
1896.0507584861589,2913.415767609327,42,1,1,0,data1001,baseline,50
1916.0969212090818,2928.758582483357,43,2,1,0,data1001,baseline,50
1926.1228210845595,2938.447063914726,44,1,1,0,data1001,baseline,50
2086.171847836356,2955.815026067902,45,16,1,0,data1001,baseline,50
2106.199948038852,2966.217904896733,46,2,1,0,data1001,baseline,50
2136.2574909808536,2988.967576921821,47,3,1,0,data1001,baseline,50
2146.2901243131428,3000.05131046014,48,1,1,0,data1001,baseline,50
2186.320033443982,3013.4410028791117,49,4,1,0,data1001,baseline,50
50.03231225316874,12.351198981164806,0,5,1,0,data1001,lya,50
110.08429261693664,27.836586727905008,2,1,1,0,data1001,lya,50
120.12767651621755,47.67981168056946,3,1,1,0,data1001,lya,50
130.151825461047,59.16954621118269,4,1,1,0,data1001,lya,50
150.18276459696168,72.53123547819385,5,2,1,0,data1001,lya,50
160.21159222977573,85.57069471253305,6,1,1,0,data1001,lya,50
170.22943932601652,93.25311997187247,7,1,1,0,data1001,lya,50
180.26666349080025,109.73372135719535,8,1,1,0,data1001,lya,50
190.30611998544774,126.0389977180948,9,1,1,0,data1001,lya,50
210.34223639422663,141.0645650013071,10,2,1,0,data1001,lya,50
231.27554851863317,606.3567828318168,11,2,1,0,data1001,lya,50
271.2975178862657,614.2799291215647,12,4,1,0,data1001,lya,50
281.32493718456044,627.1767025077379,13,1,1,0,data1001,lya,50
291.3539403404943,640.463129925104,14,1,1,0,data1001,lya,50
321.38509974746177,651.4517435789959,15,3,1,0,data1001,lya,50
331.4223589025995,665.6453150206659,16,1,1,0,data1001,lya,50
391.4768754474424,690.0762445267185,18,1,1,0,data1001,lya,50
401.51198333348725,705.9491335908776,19,1,1,0,data1001,lya,50
411.54974084292564,722.2368855444914,20,1,1,0,data1001,lya,50
421.5876010837542,736.8646559656606,21,1,1,0,data1001,lya,50
441.59098631829295,736.8646559656606,22,2,0,1,data1001,lya,50
462.4180323275137,1149.0583249464014,23,2,1,0,data1001,lya,50
472.4526239348499,1164.3594759961065,24,1,1,0,data1001,lya,50
482.51392838028244,1191.675686558533,25,1,1,0,data1001,lya,50
492.55112424975147,1205.7138817346274,26,1,1,0,data1001,lya,50
502.59107148508684,1222.2216184462955,27,1,1,0,data1001,lya,50
523.2590799671804,1554.4924698971117,28,2,1,0,data1001,lya,50
543.2885349028966,1563.6490797090141,29,2,1,0,data1001,lya,50
563.3391042027581,1584.3631937815892,30,2,1,0,data1001,lya,50
573.3788516604702,1603.1228589450232,31,1,1,0,data1001,lya,50
633.4081425427592,1613.5759216710494,33,1,1,0,data1001,lya,50
643.457496520769,1635.5898932257298,34,1,1,0,data1001,lya,50
683.4770037537595,1643.5806379117685,35,4,1,0,data1001,lya,50
713.5156556656418,1661.51492338077,36,3,1,0,data1001,lya,50
744.2234461755676,2013.4031437350318,37,3,1,0,data1001,lya,50
775.1906552298882,2493.4419923560004,38,3,1,0,data1001,lya,50
785.2167423596211,2505.6105037079865,39,1,1,0,data1001,lya,50
815.2525548079994,2521.1087605334246,40,3,1,0,data1001,lya,50
875.2806378376962,2528.355443378094,42,1,1,0,data1001,lya,50
885.3268005606191,2543.698258252124,43,1,1,0,data1001,lya,50
895.352700436097,2553.3867396834935,44,1,1,0,data1001,lya,50
965.3950914660829,2563.7896185123245,46,2,1,0,data1001,lya,50
985.452634408084,2586.5392905374124,47,2,1,0,data1001,lya,50
995.4852677403734,2597.6230240757313,48,1,1,0,data1001,lya,50
1005.5151768712126,2611.012716494703,49,1,1,0,data1001,lya,50
10.031559041457692,12.351198981164806,0,1,1,0,data1002,baseline,50
40.07283820297177,29.917536146731585,1,3,1,0,data1002,baseline,50
50.11028923426421,45.40292389347179,2,1,1,0,data1002,baseline,50
70.16112050595031,65.24614884613624,3,2,1,0,data1002,baseline,50
100.18807828090884,76.73588337674947,4,3,1,0,data1002,baseline,50
210.22067887444766,90.09757264376063,5,11,1,0,data1002,baseline,50
220.2525183040319,103.13703187809983,6,1,1,0,data1002,baseline,50
340.2742362480994,110.81945713743924,7,12,1,0,data1002,baseline,50
350.3108209948276,127.30005852276213,8,1,1,0,data1002,baseline,50
370.35124202495126,143.60533488366158,9,2,1,0,data1002,baseline,50
380.3830946644455,158.63090216687388,10,1,1,0,data1002,baseline,50
600.4079812285447,166.5540484566218,12,2,1,0,data1002,baseline,50
630.4424521608929,179.45082184279502,13,3,1,0,data1002,baseline,50
660.4720813962933,192.73724926016118,14,3,1,0,data1002,baseline,50
700.495089203701,203.7258629140531,15,4,1,0,data1002,baseline,50
730.5264980650111,217.91943435572304,16,3,1,0,data1002,baseline,50
831.404284133381,655.6560176778813,17,10,1,0,data1002,baseline,50
851.4586284931404,680.086947183934,18,2,1,0,data1002,baseline,50
881.4963473919815,695.9598362480931,19,3,1,0,data1002,baseline,50
921.5321159751808,712.2475882017069,20,4,1,0,data1002,baseline,50
931.5658263073369,726.8753586228761,21,1,1,0,data1002,baseline,50
991.5886410530363,732.2815025463809,22,6,1,0,data1002,baseline,50
1042.42755588697,1144.4751715271218,23,5,1,0,data1002,baseline,50
1072.4619585121034,1159.776322576827,24,3,1,0,data1002,baseline,50
1102.5200956452848,1187.0925331392534,25,3,1,0,data1002,baseline,50
1162.552564340136,1201.1307283153478,26,6,1,0,data1002,baseline,50
1182.5940754484338,1217.6384650270159,27,2,1,0,data1002,baseline,50
1353.2659284447384,1549.9093164778321,28,17,1,0,data1002,baseline,50
1363.2867297824387,1559.0659262897345,29,1,1,0,data1002,baseline,50
1383.335762885384,1579.7800403623096,30,2,1,0,data1002,baseline,50
1413.382983417153,1598.5397055257436,31,3,1,0,data1002,baseline,50
1444.1456981989372,1975.7005614468371,32,3,1,0,data1002,baseline,50
1454.1735144899649,1986.1536241728634,33,1,1,0,data1002,baseline,50
1474.2254096256868,2008.1675957275438,34,2,1,0,data1002,baseline,50
1494.2450519298895,2016.1583404135824,35,2,1,0,data1002,baseline,50
1534.2849545955603,2034.092625882584,36,4,1,0,data1002,baseline,50
1674.9934909241206,2385.9808462368455,37,14,1,0,data1002,baseline,50
1775.9624673958695,2866.019694857814,38,10,1,0,data1002,baseline,50
1785.9927737151504,2878.1882062098002,39,1,1,0,data1002,baseline,50
1796.0302695184337,2893.6864630352384,40,1,1,0,data1002,baseline,50
1886.0597569604822,2906.1690847646573,41,9,1,0,data1002,baseline,50
1896.0757890868676,2913.415767609327,42,1,1,0,data1002,baseline,50
1916.1097269332386,2928.758582483357,43,2,1,0,data1002,baseline,50
1926.1361468200064,2938.447063914726,44,1,1,0,data1002,baseline,50
2086.1754590116984,2955.815026067902,45,16,1,0,data1002,baseline,50
2106.203028825392,2966.217904896733,46,2,1,0,data1002,baseline,50
2136.252619145175,2988.967576921821,47,3,1,0,data1002,baseline,50
2146.2783223418464,3000.05131046014,48,1,1,0,data1002,baseline,50
2186.308563880439,3013.4410028791117,49,4,1,0,data1002,baseline,50
50.03155904145769,12.351198981164806,0,5,1,0,data1002,lya,50
110.07515655993308,27.836586727905008,2,1,1,0,data1002,lya,50
120.12598783161917,47.67981168056946,3,1,1,0,data1002,lya,50
130.1529456065777,59.16954621118269,4,1,1,0,data1002,lya,50
150.18554620011653,72.53123547819385,5,2,1,0,data1002,lya,50
160.21738562970077,85.57069471253305,6,1,1,0,data1002,lya,50
170.23910357376826,93.25311997187247,7,1,1,0,data1002,lya,50
180.2756883204965,109.73372135719535,8,1,1,0,data1002,lya,50
190.31610935062017,126.0389977180948,9,1,1,0,data1002,lya,50
210.34796199011444,141.0645650013071,10,2,1,0,data1002,lya,50
231.2842286990428,606.3567828318168,11,2,1,0,data1002,lya,50
271.30343298987464,614.2799291215647,12,4,1,0,data1002,lya,50
281.33790392222284,627.1767025077379,13,1,1,0,data1002,lya,50
291.3675331576233,640.463129925104,14,1,1,0,data1002,lya,50
321.3905409650311,651.4517435789959,15,3,1,0,data1002,lya,50
331.4219498263411,665.6453150206659,16,1,1,0,data1002,lya,50
391.4786070878263,690.0762445267185,18,1,1,0,data1002,lya,50
401.5163259866674,705.9491335908776,19,1,1,0,data1002,lya,50
411.55209456986665,722.2368855444914,20,1,1,0,data1002,lya,50
421.5858049020228,736.8646559656606,21,1,1,0,data1002,lya,50
441.5978073598753,736.8646559656606,22,2,0,1,data1002,lya,50
462.436722193809,1149.0583249464014,23,2,1,0,data1002,lya,50
472.4711248189423,1164.3594759961065,24,1,1,0,data1002,lya,50
482.5292619521238,1191.675686558533,25,1,1,0,data1002,lya,50
492.56173064697504,1205.7138817346274,26,1,1,0,data1002,lya,50
502.60324175527285,1222.2216184462955,27,1,1,0,data1002,lya,50
523.2750947515773,1554.4924698971117,28,2,1,0,data1002,lya,50
543.2958960892776,1563.6490797090141,29,2,1,0,data1002,lya,50
563.3449291922228,1584.3631937815892,30,2,1,0,data1002,lya,50
573.3921497239919,1603.1228589450232,31,1,1,0,data1002,lya,50
633.4283590849616,1613.5759216710494,33,1,1,0,data1002,lya,50
643.4802542206836,1635.5898932257298,34,1,1,0,data1002,lya,50
683.4998965248864,1643.5806379117685,35,4,1,0,data1002,lya,50
713.539799190557,1661.51492338077,36,3,1,0,data1002,lya,50
744.2483355191174,2013.4031437350318,37,3,1,0,data1002,lya,50
775.2173119908663,2493.4419923560004,38,3,1,0,data1002,lya,50
785.2476183101471,2505.6105037079865,39,1,1,0,data1002,lya,50
815.2851141134303,2521.1087605334246,40,3,1,0,data1002,lya,50
875.3056684384054,2528.355443378094,42,1,1,0,data1002,lya,50
885.3396062847764,2543.698258252124,43,1,1,0,data1002,lya,50
895.3660261715443,2553.3867396834935,44,1,1,0,data1002,lya,50
965.398172252623,2563.7896185123245,46,2,1,0,data1002,lya,50
985.4477625724058,2586.5392905374124,47,2,1,0,data1002,lya,50
995.4734657690776,2597.6230240757313,48,1,1,0,data1002,lya,50
1005.5037073076704,2611.012716494703,49,1,1,0,data1002,lya,50
10.025816367774533,12.351198981164806,0,1,1,0,data1003,baseline,50
40.06469754654111,29.917536146731585,1,3,1,0,data1003,baseline,50
50.10401006747859,45.40292389347179,2,1,1,0,data1003,baseline,50
70.148567447871,65.24614884613624,3,2,1,0,data1003,baseline,50
100.17674344539121,76.73588337674947,4,3,1,0,data1003,baseline,50
210.20596443939053,90.09757264376063,5,11,1,0,data1003,baseline,50
220.2332504177521,103.13703187809983,6,1,1,0,data1003,baseline,50
340.2565721119121,110.81945713743924,7,12,1,0,data1003,baseline,50
350.29346658331997,127.30005852276213,8,1,1,0,data1003,baseline,50
370.3306311517798,143.60533488366158,9,2,1,0,data1003,baseline,50
380.3622439226139,158.63090216687388,10,1,1,0,data1003,baseline,50
600.3836562791487,166.5540484566218,12,2,1,0,data1003,baseline,50
630.4130401344684,179.45082184279502,13,3,1,0,data1003,baseline,50
660.4461475114022,192.73724926016118,14,3,1,0,data1003,baseline,50
700.4697393442856,203.7258629140531,15,4,1,0,data1003,baseline,50
730.5114301535457,217.91943435572304,16,3,1,0,data1003,baseline,50
831.388587598994,655.6560176778813,17,10,1,0,data1003,baseline,50
851.4472429808918,680.086947183934,18,2,1,0,data1003,baseline,50
881.4845015496347,695.9598362480931,19,3,1,0,data1003,baseline,50
921.5201607058805,712.2475882017069,20,4,1,0,data1003,baseline,50
931.5593694002438,726.8753586228761,21,1,1,0,data1003,baseline,50
991.578612442776,732.2815025463809,22,6,1,0,data1003,baseline,50
1042.405728590486,1144.4751715271218,23,5,1,0,data1003,baseline,50
1072.444314295572,1159.776322576827,24,3,1,0,data1003,baseline,50
1102.5081101941378,1187.0925331392534,25,3,1,0,data1003,baseline,50
1162.5467286198125,1201.1307283153478,26,6,1,0,data1003,baseline,50
1182.5858113615216,1217.6384650270159,27,2,1,0,data1003,baseline,50
1353.2593770044737,1549.9093164778321,28,17,1,0,data1003,baseline,50
1363.2799691969683,1559.0659262897345,29,1,1,0,data1003,baseline,50
1383.3370674261478,1579.7800403623096,30,2,1,0,data1003,baseline,50
1413.3786230995388,1598.5397055257436,31,3,1,0,data1003,baseline,50
1444.1343459324912,1975.7005614468371,32,3,1,0,data1003,baseline,50
1454.1560698876597,1986.1536241728634,33,1,1,0,data1003,baseline,50
1474.2054261461294,2008.1675957275438,34,2,1,0,data1003,baseline,50
1494.2233244736044,2016.1583404135824,35,2,1,0,data1003,baseline,50
1534.266048716396,2034.092625882584,36,4,1,0,data1003,baseline,50
1674.9772035645274,2385.9808462368455,37,14,1,0,data1003,baseline,50
1775.945037482734,2866.019694857814,38,10,1,0,data1003,baseline,50
1785.9782845454026,2878.1882062098002,39,1,1,0,data1003,baseline,50
1796.0124510790006,2893.6864630352384,40,1,1,0,data1003,baseline,50
1886.0447470666443,2906.1690847646573,41,9,1,0,data1003,baseline,50
1896.0616987408907,2913.415767609327,42,1,1,0,data1003,baseline,50
1916.0935902076976,2928.758582483357,43,2,1,0,data1003,baseline,50
1926.1191551934016,2938.447063914726,44,1,1,0,data1003,baseline,50
2086.1544849661504,2955.815026067902,45,16,1,0,data1003,baseline,50
2106.176805587727,2966.217904896733,46,2,1,0,data1003,baseline,50
2136.2302790212166,2988.967576921821,47,3,1,0,data1003,baseline,50
2146.2636466580034,3000.05131046014,48,1,1,0,data1003,baseline,50
2186.29711427429,3013.4410028791117,49,4,1,0,data1003,baseline,50
50.02581636777453,12.351198981164806,0,5,1,0,data1003,lya,50
110.06887739314745,27.836586727905008,2,1,1,0,data1003,lya,50
120.11343477353986,47.67981168056946,3,1,1,0,data1003,lya,50
130.14161077106007,59.16954621118269,4,1,1,0,data1003,lya,50
150.1708317650594,72.53123547819385,5,2,1,0,data1003,lya,50
160.19811774342097,85.57069471253305,6,1,1,0,data1003,lya,50
170.22143943758095,93.25311997187247,7,1,1,0,data1003,lya,50
180.25833390898882,109.73372135719535,8,1,1,0,data1003,lya,50
190.29549847744866,126.0389977180948,9,1,1,0,data1003,lya,50
210.32711124828276,141.0645650013071,10,2,1,0,data1003,lya,50
231.26056999993068,606.3567828318168,11,2,1,0,data1003,lya,50
271.27910804047855,614.2799291215647,12,4,1,0,data1003,lya,50
281.30849189579817,627.1767025077379,13,1,1,0,data1003,lya,50
291.3415992727319,640.463129925104,14,1,1,0,data1003,lya,50
321.3651911056154,651.4517435789959,15,3,1,0,data1003,lya,50
331.40688191487544,665.6453150206659,16,1,1,0,data1003,lya,50
391.46722157557735,690.0762445267185,18,1,1,0,data1003,lya,50
401.5044801443202,705.9491335908776,19,1,1,0,data1003,lya,50
411.540139300566,722.2368855444914,20,1,1,0,data1003,lya,50
421.5793479949293,736.8646559656606,21,1,1,0,data1003,lya,50
441.58777874961453,736.8646559656606,22,2,0,1,data1003,lya,50
462.4148948973243,1149.0583249464014,23,2,1,0,data1003,lya,50
472.4534806024102,1164.3594759961065,24,1,1,0,data1003,lya,50
482.5172765009759,1191.675686558533,25,1,1,0,data1003,lya,50
492.5558949266506,1205.7138817346274,26,1,1,0,data1003,lya,50
502.59497766835955,1222.2216184462955,27,1,1,0,data1003,lya,50
523.2685433113115,1554.4924698971117,28,2,1,0,data1003,lya,50
543.2891355038059,1563.6490797090141,29,2,1,0,data1003,lya,50
563.3462337329853,1584.3631937815892,30,2,1,0,data1003,lya,50
573.3877894063764,1603.1228589450232,31,1,1,0,data1003,lya,50
633.4109144826549,1613.5759216710494,33,1,1,0,data1003,lya,50
643.4602707411246,1635.5898932257298,34,1,1,0,data1003,lya,50
683.4781690685995,1643.5806379117685,35,4,1,0,data1003,lya,50
713.5208933113911,1661.51492338077,36,3,1,0,data1003,lya,50
744.2320481595227,2013.4031437350318,37,3,1,0,data1003,lya,50
775.1998820777293,2493.4419923560004,38,3,1,0,data1003,lya,50
785.2331291403979,2505.6105037079865,39,1,1,0,data1003,lya,50
815.2672956739958,2521.1087605334246,40,3,1,0,data1003,lya,50
875.2915780924274,2528.355443378094,42,1,1,0,data1003,lya,50
885.3234695592342,2543.698258252124,43,1,1,0,data1003,lya,50
895.3490345449384,2553.3867396834935,44,1,1,0,data1003,lya,50
965.3719490149572,2563.7896185123245,46,2,1,0,data1003,lya,50
985.4254224484466,2586.5392905374124,47,2,1,0,data1003,lya,50
995.4587900852337,2597.6230240757313,48,1,1,0,data1003,lya,50
1005.4922577015204,2611.012716494703,49,1,1,0,data1003,lya,50
10.02752338723916,12.351198981164806,0,1,1,0,data1004,baseline,50
40.07176895674169,29.917536146731585,1,3,1,0,data1004,baseline,50
50.10645441745905,45.40292389347179,2,1,1,0,data1004,baseline,50
70.1535999476423,65.24614884613624,3,2,1,0,data1004,baseline,50
100.1802065699261,76.73588337674947,4,3,1,0,data1004,baseline,50
210.20925238296996,90.09757264376063,5,11,1,0,data1004,baseline,50
220.24088261031696,103.13703187809983,6,1,1,0,data1004,baseline,50
340.26046929415423,110.81945713743924,7,12,1,0,data1004,baseline,50
350.2986310576048,127.30005852276213,8,1,1,0,data1004,baseline,50
370.3386025980974,143.60533488366158,9,2,1,0,data1004,baseline,50
380.37440083529253,158.63090216687388,10,1,1,0,data1004,baseline,50
600.4030061368998,166.5540484566218,12,2,1,0,data1004,baseline,50
630.4311329138305,179.45082184279502,13,3,1,0,data1004,baseline,50
660.4654492171067,192.73724926016118,14,3,1,0,data1004,baseline,50
700.4931022814507,203.7258629140531,15,4,1,0,data1004,baseline,50
730.5335581321663,217.91943435572304,16,3,1,0,data1004,baseline,50
831.4140242355786,655.6560176778813,17,10,1,0,data1004,baseline,50
851.4685148678535,680.086947183934,18,2,1,0,data1004,baseline,50
881.5116390874292,695.9598362480931,19,3,1,0,data1004,baseline,50
921.5469048843897,712.2475882017069,20,4,1,0,data1004,baseline,50
931.577257605256,726.8753586228761,21,1,1,0,data1004,baseline,50
991.5986713035037,732.2815025463809,22,6,1,0,data1004,baseline,50
1042.4286689138048,1144.4751715271218,23,5,1,0,data1004,baseline,50
1072.461027053176,1159.776322576827,24,3,1,0,data1004,baseline,50
1102.519086966157,1187.0925331392534,25,3,1,0,data1004,baseline,50
1162.5597618312195,1201.1307283153478,26,6,1,0,data1004,baseline,50
1182.5955838424854,1217.6384650270159,27,2,1,0,data1004,baseline,50
1353.268596836658,1549.9093164778321,28,17,1,0,data1004,baseline,50
1363.2890971258291,1559.0659262897345,29,1,1,0,data1004,baseline,50
1383.3328348743844,1579.7800403623096,30,2,1,0,data1004,baseline,50
1413.3726431481907,1598.5397055257436,31,3,1,0,data1004,baseline,50
1444.1321997800574,1975.7005614468371,32,3,1,0,data1004,baseline,50
1454.1599369349562,1986.1536241728634,33,1,1,0,data1004,baseline,50
1474.2099346775337,2008.1675957275438,34,2,1,0,data1004,baseline,50
1494.2270605932479,2016.1583404135824,35,2,1,0,data1004,baseline,50
1534.2681354533754,2034.092625882584,36,4,1,0,data1004,baseline,50
1674.9787241284544,2385.9808462368455,37,14,1,0,data1004,baseline,50
1775.946598999043,2866.019694857814,38,10,1,0,data1004,baseline,50
1785.9804725380393,2878.1882062098002,39,1,1,0,data1004,baseline,50
1796.0153059638167,2893.6864630352384,40,1,1,0,data1004,baseline,50
1886.0420924150135,2906.1690847646573,41,9,1,0,data1004,baseline,50
1896.065451143137,2913.415767609327,42,1,1,0,data1004,baseline,50
1916.0989462047264,2928.758582483357,43,2,1,0,data1004,baseline,50
1926.123920207348,2938.447063914726,44,1,1,0,data1004,baseline,50
2086.161905773814,2955.815026067902,45,16,1,0,data1004,baseline,50
2106.1844310540896,2966.217904896733,46,2,1,0,data1004,baseline,50
2136.2371698842685,2988.967576921821,47,3,1,0,data1004,baseline,50
2146.2715303737045,3000.05131046014,48,1,1,0,data1004,baseline,50
2186.302209922515,3013.4410028791117,49,4,1,0,data1004,baseline,50
50.02752338723916,12.351198981164806,0,5,1,0,data1004,lya,50
110.07132174312794,27.836586727905008,2,1,1,0,data1004,lya,50
120.1184672733112,47.67981168056946,3,1,1,0,data1004,lya,50
130.14507389559498,59.16954621118269,4,1,1,0,data1004,lya,50
150.17411970863884,72.53123547819385,5,2,1,0,data1004,lya,50
160.20574993598584,85.57069471253305,6,1,1,0,data1004,lya,50
170.2253366198231,93.25311997187247,7,1,1,0,data1004,lya,50
180.26349838327363,109.73372135719535,8,1,1,0,data1004,lya,50
190.30346992376627,126.0389977180948,9,1,1,0,data1004,lya,50
210.3392681609614,141.0645650013071,10,2,1,0,data1004,lya,50
231.27801758414125,606.3567828318168,11,2,1,0,data1004,lya,50
271.29845789822974,614.2799291215647,12,4,1,0,data1004,lya,50
281.3265846751606,627.1767025077379,13,1,1,0,data1004,lya,50
291.36090097843675,640.463129925104,14,1,1,0,data1004,lya,50
321.3885540427808,651.4517435789959,15,3,1,0,data1004,lya,50
331.42900989349636,665.6453150206659,16,1,1,0,data1004,lya,50
391.48849346253945,690.0762445267185,18,1,1,0,data1004,lya,50
401.5316176821152,705.9491335908776,19,1,1,0,data1004,lya,50
411.5668834790757,722.2368855444914,20,1,1,0,data1004,lya,50
421.597236199942,736.8646559656606,21,1,1,0,data1004,lya,50
441.60783761034264,736.8646559656606,22,2,0,1,data1004,lya,50
462.43783522064376,1149.0583249464014,23,2,1,0,data1004,lya,50
472.47019336001495,1164.3594759961065,24,1,1,0,data1004,lya,50
482.5282532729961,1191.675686558533,25,1,1,0,data1004,lya,50
492.56892813805854,1205.7138817346274,26,1,1,0,data1004,lya,50
502.60475014932456,1222.2216184462955,27,1,1,0,data1004,lya,50
523.2777631434968,1554.4924698971117,28,2,1,0,data1004,lya,50
543.298263432668,1563.6490797090141,29,2,1,0,data1004,lya,50
563.3420011812234,1584.3631937815892,30,2,1,0,data1004,lya,50
573.3818094550298,1603.1228589450232,31,1,1,0,data1004,lya,50
633.4147815299531,1613.5759216710494,33,1,1,0,data1004,lya,50
643.4647792725306,1635.5898932257298,34,1,1,0,data1004,lya,50
683.4819051882447,1643.5806379117685,35,4,1,0,data1004,lya,50
713.5229800483722,1661.51492338077,36,3,1,0,data1004,lya,50
744.2335687234514,2013.4031437350318,37,3,1,0,data1004,lya,50
775.2014435940401,2493.4419923560004,38,3,1,0,data1004,lya,50
785.2353171330365,2505.6105037079865,39,1,1,0,data1004,lya,50
815.2701505588136,2521.1087605334246,40,3,1,0,data1004,lya,50
875.2953304946751,2528.355443378094,42,1,1,0,data1004,lya,50
885.3288255562647,2543.698258252124,43,1,1,0,data1004,lya,50
895.3537995588864,2553.3867396834935,44,1,1,0,data1004,lya,50
965.3795744813211,2563.7896185123245,46,2,1,0,data1004,lya,50
985.4323133114998,2586.5392905374124,47,2,1,0,data1004,lya,50
995.466673800936,2597.6230240757313,48,1,1,0,data1004,lya,50
1005.4973533497464,2611.012716494703,49,1,1,0,data1004,lya,50
10.036207775427888,12.351198981164806,0,1,1,0,data1005,baseline,50
40.08855003080055,29.917536146731585,1,3,1,0,data1005,baseline,50
50.124420318877185,45.40292389347179,2,1,1,0,data1005,baseline,50
70.16934454715148,65.24614884613624,3,2,1,0,data1005,baseline,50
100.19722404458022,76.73588337674947,4,3,1,0,data1005,baseline,50
210.2307216675225,90.09757264376063,5,11,1,0,data1005,baseline,50
220.26247018694912,103.13703187809983,6,1,1,0,data1005,baseline,50
340.2797376856118,110.81945713743924,7,12,1,0,data1005,baseline,50
350.31805759661785,127.30005852276213,8,1,1,0,data1005,baseline,50
370.35802501086613,143.60533488366158,9,2,1,0,data1005,baseline,50
380.4029300908856,158.63090216687388,10,1,1,0,data1005,baseline,50
600.4369859754103,166.5540484566218,12,2,1,0,data1005,baseline,50
630.4690742630451,179.45082184279502,13,3,1,0,data1005,baseline,50
660.4982127616026,192.73724926016118,14,3,1,0,data1005,baseline,50
700.5266425067176,203.7258629140531,15,4,1,0,data1005,baseline,50
730.5575169353892,217.91943435572304,16,3,1,0,data1005,baseline,50
831.4350810933922,655.6560176778813,17,10,1,0,data1005,baseline,50
851.4870787003692,680.086947183934,18,2,1,0,data1005,baseline,50
881.5225232820085,695.9598362480931,19,3,1,0,data1005,baseline,50
921.5585938929802,712.2475882017069,20,4,1,0,data1005,baseline,50
931.5905702501678,726.8753586228761,21,1,1,0,data1005,baseline,50
991.6137728583819,732.2815025463809,22,6,1,0,data1005,baseline,50
1042.4403695814667,1144.4751715271218,23,5,1,0,data1005,baseline,50
1072.4722197188246,1159.776322576827,24,3,1,0,data1005,baseline,50
1102.5345817026105,1187.0925331392534,25,3,1,0,data1005,baseline,50
1162.5648800298159,1201.1307283153478,26,6,1,0,data1005,baseline,50
1182.599954006047,1217.6384650270159,27,2,1,0,data1005,baseline,50
1353.272901378804,1549.9093164778321,28,17,1,0,data1005,baseline,50
1363.2960181834667,1559.0659262897345,29,1,1,0,data1005,baseline,50
1383.3454721748099,1579.7800403623096,30,2,1,0,data1005,baseline,50
1413.3949859261659,1598.5397055257436,31,3,1,0,data1005,baseline,50
1444.1504321485338,1975.7005614468371,32,3,1,0,data1005,baseline,50
1454.1727982544421,1986.1536241728634,33,1,1,0,data1005,baseline,50
1474.2208660065728,2008.1675957275438,34,2,1,0,data1005,baseline,50
1494.2386063431447,2016.1583404135824,35,2,1,0,data1005,baseline,50
1534.2815410995963,2034.092625882584,36,4,1,0,data1005,baseline,50
1674.9893257117349,2385.9808462368455,37,14,1,0,data1005,baseline,50
1775.9523897198853,2866.019694857814,38,10,1,0,data1005,baseline,50
1785.981381657043,2878.1882062098002,39,1,1,0,data1005,baseline,50
1796.0164137167963,2893.6864630352384,40,1,1,0,data1005,baseline,50
1886.043715845447,2906.1690847646573,41,9,1,0,data1005,baseline,50
1896.0614667266389,2913.415767609327,42,1,1,0,data1005,baseline,50
1916.0949640120484,2928.758582483357,43,2,1,0,data1005,baseline,50
1926.117420328845,2938.447063914726,44,1,1,0,data1005,baseline,50
2086.156738923352,2955.815026067902,45,16,1,0,data1005,baseline,50
2106.1784263652744,2966.217904896733,46,2,1,0,data1005,baseline,50
2136.2313626229416,2988.967576921821,47,3,1,0,data1005,baseline,50
2146.257191492963,3000.05131046014,48,1,1,0,data1005,baseline,50
2186.297836161673,3013.4410028791117,49,4,1,0,data1005,baseline,50
50.03620777542789,12.351198981164806,0,5,1,0,data1005,lya,50
110.08928764454606,27.836586727905008,2,1,1,0,data1005,lya,50
120.13421187282037,47.67981168056946,3,1,1,0,data1005,lya,50
130.16209137024913,59.16954621118269,4,1,1,0,data1005,lya,50
150.1955889931914,72.53123547819385,5,2,1,0,data1005,lya,50
160.22733751261802,85.57069471253305,6,1,1,0,data1005,lya,50
170.24460501128073,93.25311997187247,7,1,1,0,data1005,lya,50
180.2829249222868,109.73372135719535,8,1,1,0,data1005,lya,50
190.3228923365351,126.0389977180948,9,1,1,0,data1005,lya,50
210.3677974165546,141.0645650013071,10,2,1,0,data1005,lya,50
231.30950416480113,606.3567828318168,11,2,1,0,data1005,lya,50
271.33243773674036,614.2799291215647,12,4,1,0,data1005,lya,50
281.3645260243751,627.1767025077379,13,1,1,0,data1005,lya,50
291.3936645229327,640.463129925104,14,1,1,0,data1005,lya,50
321.4220942680477,651.4517435789959,15,3,1,0,data1005,lya,50
331.4529686967193,665.6453150206659,16,1,1,0,data1005,lya,50
391.50705729505523,690.0762445267185,18,1,1,0,data1005,lya,50
401.5425018766945,705.9491335908776,19,1,1,0,data1005,lya,50
411.57857248766624,722.2368855444914,20,1,1,0,data1005,lya,50
421.6105488448539,736.8646559656606,21,1,1,0,data1005,lya,50
441.622939165221,736.8646559656606,22,2,0,1,data1005,lya,50
462.44953588830566,1149.0583249464014,23,2,1,0,data1005,lya,50
472.4813860256636,1164.3594759961065,24,1,1,0,data1005,lya,50
482.5437480094496,1191.675686558533,25,1,1,0,data1005,lya,50
492.57404633665504,1205.7138817346274,26,1,1,0,data1005,lya,50
502.60912031288626,1222.2216184462955,27,1,1,0,data1005,lya,50
523.2820676856429,1554.4924698971117,28,2,1,0,data1005,lya,50
543.3051844903055,1563.6490797090141,29,2,1,0,data1005,lya,50
563.3546384816487,1584.3631937815892,30,2,1,0,data1005,lya,50
573.4041522330048,1603.1228589450232,31,1,1,0,data1005,lya,50
633.4276428494387,1613.5759216710494,33,1,1,0,data1005,lya,50
643.4757106015695,1635.5898932257298,34,1,1,0,data1005,lya,50
683.4934509381415,1643.5806379117685,35,4,1,0,data1005,lya,50
713.536385694593,1661.51492338077,36,3,1,0,data1005,lya,50
744.2441703067316,2013.4031437350318,37,3,1,0,data1005,lya,50
775.207234314882,2493.4419923560004,38,3,1,0,data1005,lya,50
785.2362262520396,2505.6105037079865,39,1,1,0,data1005,lya,50
815.271258311793,2521.1087605334246,40,3,1,0,data1005,lya,50
875.2913460781768,2528.355443378094,42,1,1,0,data1005,lya,50
885.3248433635866,2543.698258252124,43,1,1,0,data1005,lya,50
895.3472996803833,2553.3867396834935,44,1,1,0,data1005,lya,50
965.3735697925059,2563.7896185123245,46,2,1,0,data1005,lya,50
985.4265060501729,2586.5392905374124,47,2,1,0,data1005,lya,50
995.4523349201944,2597.6230240757313,48,1,1,0,data1005,lya,50
1005.4929795889044,2611.012716494703,49,1,1,0,data1005,lya,50
10.028477638522876,12.351198981164806,0,1,1,0,data1006,baseline,50
40.06772293188389,29.917536146731585,1,3,1,0,data1006,baseline,50
50.103245656878684,45.40292389347179,2,1,1,0,data1006,baseline,50
70.16167180904685,65.24614884613624,3,2,1,0,data1006,baseline,50
100.1874303599713,76.73588337674947,4,3,1,0,data1006,baseline,50
210.223190519355,90.09757264376063,5,11,1,0,data1006,baseline,50
220.25907513793956,103.13703187809983,6,1,1,0,data1006,baseline,50
340.2792638844151,110.81945713743924,7,12,1,0,data1006,baseline,50
350.31279442224746,127.30005852276213,8,1,1,0,data1006,baseline,50
370.3529131682148,143.60533488366158,9,2,1,0,data1006,baseline,50
380.38830879018064,158.63090216687388,10,1,1,0,data1006,baseline,50
600.4152891526033,166.5540484566218,12,2,1,0,data1006,baseline,50
630.4442893780515,179.45082184279502,13,3,1,0,data1006,baseline,50
660.475713231796,192.73724926016118,14,3,1,0,data1006,baseline,50
700.5029215090753,203.7258629140531,15,4,1,0,data1006,baseline,50
730.5365144976778,217.91943435572304,16,3,1,0,data1006,baseline,50
831.4141914008019,655.6560176778813,17,10,1,0,data1006,baseline,50
851.466338660067,680.086947183934,18,2,1,0,data1006,baseline,50
881.5027394143727,695.9598362480931,19,3,1,0,data1006,baseline,50
921.5424567537041,712.2475882017069,20,4,1,0,data1006,baseline,50
931.57271551058,726.8753586228761,21,1,1,0,data1006,baseline,50
991.587992766446,732.2815025463809,22,6,1,0,data1006,baseline,50
1042.4199582152723,1144.4751715271218,23,5,1,0,data1006,baseline,50
1072.455046366632,1159.776322576827,24,3,1,0,data1006,baseline,50
1102.517229138876,1187.0925331392534,25,3,1,0,data1006,baseline,50
1162.5483897406648,1201.1307283153478,26,6,1,0,data1006,baseline,50
1182.588285269649,1217.6384650270159,27,2,1,0,data1006,baseline,50
1353.2548776871836,1549.9093164778321,28,17,1,0,data1006,baseline,50
1363.2859645149865,1559.0659262897345,29,1,1,0,data1006,baseline,50
1383.3299297544768,1579.7800403623096,30,2,1,0,data1006,baseline,50
1413.374065254398,1598.5397055257436,31,3,1,0,data1006,baseline,50
1444.1364396449253,1975.7005614468371,32,3,1,0,data1006,baseline,50
1454.1617505939976,1986.1536241728634,33,1,1,0,data1006,baseline,50
1474.2070774205292,2008.1675957275438,34,2,1,0,data1006,baseline,50
1494.2324911256412,2016.1583404135824,35,2,1,0,data1006,baseline,50
1534.2755785551471,2034.092625882584,36,4,1,0,data1006,baseline,50
1674.983286475771,2385.9808462368455,37,14,1,0,data1006,baseline,50
1775.9463120494627,2866.019694857814,38,10,1,0,data1006,baseline,50
1785.9865389255237,2878.1882062098002,39,1,1,0,data1006,baseline,50
1796.0257568907257,2893.6864630352384,40,1,1,0,data1006,baseline,50
1886.0664683278087,2906.1690847646573,41,9,1,0,data1006,baseline,50
1896.0935278907925,2913.415767609327,42,1,1,0,data1006,baseline,50
1916.1277822419238,2928.758582483357,43,2,1,0,data1006,baseline,50
1926.1519908472615,2938.447063914726,44,1,1,0,data1006,baseline,50
2086.1889150215015,2955.815026067902,45,16,1,0,data1006,baseline,50
2106.21371144606,2966.217904896733,46,2,1,0,data1006,baseline,50
2136.262064303904,2988.967576921821,47,3,1,0,data1006,baseline,50
2146.28990217147,3000.05131046014,48,1,1,0,data1006,baseline,50
2186.324402821881,3013.4410028791117,49,4,1,0,data1006,baseline,50
50.02847763852287,12.351198981164806,0,5,1,0,data1006,lya,50
110.06811298254756,27.836586727905008,2,1,1,0,data1006,lya,50
120.12653913471574,47.67981168056946,3,1,1,0,data1006,lya,50
130.15229768564018,59.16954621118269,4,1,1,0,data1006,lya,50
150.18805784502388,72.53123547819385,5,2,1,0,data1006,lya,50
160.22394246360844,85.57069471253305,6,1,1,0,data1006,lya,50
170.244131210084,93.25311997187247,7,1,1,0,data1006,lya,50
180.27766174791637,109.73372135719535,8,1,1,0,data1006,lya,50
190.3177804938837,126.0389977180948,9,1,1,0,data1006,lya,50
210.35317611584955,141.0645650013071,10,2,1,0,data1006,lya,50
231.28961603751793,606.3567828318168,11,2,1,0,data1006,lya,50
271.31074091393333,614.2799291215647,12,4,1,0,data1006,lya,50
281.3397411393815,627.1767025077379,13,1,1,0,data1006,lya,50
291.371164993126,640.463129925104,14,1,1,0,data1006,lya,50
321.39837327040533,651.4517435789959,15,3,1,0,data1006,lya,50
331.43196625900765,665.6453150206659,16,1,1,0,data1006,lya,50
391.4863172547526,690.0762445267185,18,1,1,0,data1006,lya,50
401.52271800905834,705.9491335908776,19,1,1,0,data1006,lya,50
411.56243534838967,722.2368855444914,20,1,1,0,data1006,lya,50
421.59269410526554,736.8646559656606,21,1,1,0,data1006,lya,50
441.59715907328444,736.8646559656606,22,2,0,1,data1006,lya,50
462.42912452211095,1149.0583249464014,23,2,1,0,data1006,lya,50
472.4642126734705,1164.3594759961065,24,1,1,0,data1006,lya,50
482.5263954457147,1191.675686558533,25,1,1,0,data1006,lya,50
492.55755604750334,1205.7138817346274,26,1,1,0,data1006,lya,50
502.5974515764877,1222.2216184462955,27,1,1,0,data1006,lya,50
523.264043994022,1554.4924698971117,28,2,1,0,data1006,lya,50
543.2951308218248,1563.6490797090141,29,2,1,0,data1006,lya,50
563.3390960613151,1584.3631937815892,30,2,1,0,data1006,lya,50
573.3832315612362,1603.1228589450232,31,1,1,0,data1006,lya,50
633.4165951889936,1613.5759216710494,33,1,1,0,data1006,lya,50
643.4619220155253,1635.5898932257298,34,1,1,0,data1006,lya,50
683.4873357206372,1643.5806379117685,35,4,1,0,data1006,lya,50
713.5304231501432,1661.51492338077,36,3,1,0,data1006,lya,50
744.2381310707672,2013.4031437350318,37,3,1,0,data1006,lya,50
775.2011566444587,2493.4419923560004,38,3,1,0,data1006,lya,50
785.2413835205199,2505.6105037079865,39,1,1,0,data1006,lya,50
815.2806014857217,2521.1087605334246,40,3,1,0,data1006,lya,50
875.3234072423297,2528.355443378094,42,1,1,0,data1006,lya,50
885.3576615934612,2543.698258252124,43,1,1,0,data1006,lya,50
895.3818701987989,2553.3867396834935,44,1,1,0,data1006,lya,50
965.4088548732909,2563.7896185123245,46,2,1,0,data1006,lya,50
985.4572077311346,2586.5392905374124,47,2,1,0,data1006,lya,50
995.4850455987009,2597.6230240757313,48,1,1,0,data1006,lya,50
1005.5195462491116,2611.012716494703,49,1,1,0,data1006,lya,50
10.03045062808929,12.351198981164806,0,1,1,0,data1007,baseline,50
40.06868386422275,29.917536146731585,1,3,1,0,data1007,baseline,50
50.10757555767597,45.40292389347179,2,1,1,0,data1007,baseline,50
70.14951309532948,65.24614884613624,3,2,1,0,data1007,baseline,50
100.18306985776779,76.73588337674947,4,3,1,0,data1007,baseline,50
210.2219689128321,90.09757264376063,5,11,1,0,data1007,baseline,50
220.26088152622478,103.13703187809983,6,1,1,0,data1007,baseline,50
340.2773354063482,110.81945713743924,7,12,1,0,data1007,baseline,50
350.31425847498764,127.30005852276213,8,1,1,0,data1007,baseline,50
370.35446028518845,143.60533488366158,9,2,1,0,data1007,baseline,50
380.3929362865783,158.63090216687388,10,1,1,0,data1007,baseline,50
600.421386780409,166.5540484566218,12,2,1,0,data1007,baseline,50
630.4539380458356,179.45082184279502,13,3,1,0,data1007,baseline,50
660.4876726119581,192.73724926016118,14,3,1,0,data1007,baseline,50
700.5136192291037,203.7258629140531,15,4,1,0,data1007,baseline,50
730.5481153701063,217.91943435572304,16,3,1,0,data1007,baseline,50
831.4357782756962,655.6560176778813,17,10,1,0,data1007,baseline,50
851.4889941439575,680.086947183934,18,2,1,0,data1007,baseline,50
881.5258309120989,695.9598362480931,19,3,1,0,data1007,baseline,50
921.562565922643,712.2475882017069,20,4,1,0,data1007,baseline,50
931.5971928679704,726.8753586228761,21,1,1,0,data1007,baseline,50
991.6115975330422,732.2815025463809,22,6,1,0,data1007,baseline,50
1042.4362165829423,1144.4751715271218,23,5,1,0,data1007,baseline,50
1072.469269113552,1159.776322576827,24,3,1,0,data1007,baseline,50
1102.5301547976635,1187.0925331392534,25,3,1,0,data1007,baseline,50
1162.565717724291,1201.1307283153478,26,6,1,0,data1007,baseline,50
1182.6033094719162,1217.6384650270159,27,2,1,0,data1007,baseline,50
1353.271542905109,1549.9093164778321,28,17,1,0,data1007,baseline,50
1363.299460065117,1559.0659262897345,29,1,1,0,data1007,baseline,50
1383.3502067536715,1579.7800403623096,30,2,1,0,data1007,baseline,50
1413.3907114840322,1598.5397055257436,31,3,1,0,data1007,baseline,50
1444.1485213185285,1975.7005614468371,32,3,1,0,data1007,baseline,50
1454.1737851765909,1986.1536241728634,33,1,1,0,data1007,baseline,50
1474.228765052719,2008.1675957275438,34,2,1,0,data1007,baseline,50
1494.2454834606567,2016.1583404135824,35,2,1,0,data1007,baseline,50
1534.2834465628562,2034.092625882584,36,4,1,0,data1007,baseline,50
1674.992227250458,2385.9808462368455,37,14,1,0,data1007,baseline,50
1775.9533109703762,2866.019694857814,38,10,1,0,data1007,baseline,50
1785.9823753253788,2878.1882062098002,39,1,1,0,data1007,baseline,50
1796.0162625784483,2893.6864630352384,40,1,1,0,data1007,baseline,50
1886.04728423759,2906.1690847646573,41,9,1,0,data1007,baseline,50
1896.0686442696629,2913.415767609327,42,1,1,0,data1007,baseline,50
1916.1049104466442,2928.758582483357,43,2,1,0,data1007,baseline,50
1926.1350781688245,2938.447063914726,44,1,1,0,data1007,baseline,50
2086.176294771594,2955.815026067902,45,16,1,0,data1007,baseline,50
2106.205717225274,2966.217904896733,46,2,1,0,data1007,baseline,50
2136.252451507526,2988.967576921821,47,3,1,0,data1007,baseline,50
2146.275531691382,3000.05131046014,48,1,1,0,data1007,baseline,50
2186.3102000278445,3013.4410028791117,49,4,1,0,data1007,baseline,50
50.03045062808929,12.351198981164806,0,5,1,0,data1007,lya,50
110.07244288334485,27.836586727905008,2,1,1,0,data1007,lya,50
120.11438042099836,47.67981168056946,3,1,1,0,data1007,lya,50
130.14793718343668,59.16954621118269,4,1,1,0,data1007,lya,50
150.186836238501,72.53123547819385,5,2,1,0,data1007,lya,50
160.22574885189368,85.57069471253305,6,1,1,0,data1007,lya,50
170.24220273201712,93.25311997187247,7,1,1,0,data1007,lya,50
180.2791258006566,109.73372135719535,8,1,1,0,data1007,lya,50
190.31932761085739,126.0389977180948,9,1,1,0,data1007,lya,50
210.35780361224724,141.0645650013071,10,2,1,0,data1007,lya,50
231.29343344548946,606.3567828318168,11,2,1,0,data1007,lya,50
271.31683854173906,614.2799291215647,12,4,1,0,data1007,lya,50
281.3493898071656,627.1767025077379,13,1,1,0,data1007,lya,50
291.3831243732882,640.463129925104,14,1,1,0,data1007,lya,50
321.40907099043386,651.4517435789959,15,3,1,0,data1007,lya,50
331.44356713143634,665.6453150206659,16,1,1,0,data1007,lya,50
391.5089727386433,690.0762445267185,18,1,1,0,data1007,lya,50
401.5458095067846,705.9491335908776,19,1,1,0,data1007,lya,50
411.5825445173288,722.2368855444914,20,1,1,0,data1007,lya,50
421.61717146265624,736.8646559656606,21,1,1,0,data1007,lya,50
441.620763839881,736.8646559656606,22,2,0,1,data1007,lya,50
462.4453828897811,1149.0583249464014,23,2,1,0,data1007,lya,50
472.4784354203908,1164.3594759961065,24,1,1,0,data1007,lya,50
482.53932110450245,1191.675686558533,25,1,1,0,data1007,lya,50
492.57488403113,1205.7138817346274,26,1,1,0,data1007,lya,50
502.61247577875514,1222.2216184462955,27,1,1,0,data1007,lya,50
523.2807092119479,1554.4924698971117,28,2,1,0,data1007,lya,50
543.3086263719557,1563.6490797090141,29,2,1,0,data1007,lya,50
563.3593730605102,1584.3631937815892,30,2,1,0,data1007,lya,50
573.399877790871,1603.1228589450232,31,1,1,0,data1007,lya,50
633.4286297715873,1613.5759216710494,33,1,1,0,data1007,lya,50
643.4836096477153,1635.5898932257298,34,1,1,0,data1007,lya,50
683.5003280556531,1643.5806379117685,35,4,1,0,data1007,lya,50
713.5382911578524,1661.51492338077,36,3,1,0,data1007,lya,50
744.2470718454543,2013.4031437350318,37,3,1,0,data1007,lya,50
775.2081555653724,2493.4419923560004,38,3,1,0,data1007,lya,50
785.2372199203751,2505.6105037079865,39,1,1,0,data1007,lya,50
815.2711071734443,2521.1087605334246,40,3,1,0,data1007,lya,50
875.2985236212002,2528.355443378094,42,1,1,0,data1007,lya,50
885.3347897981816,2543.698258252124,43,1,1,0,data1007,lya,50
895.364957520362,2553.3867396834935,44,1,1,0,data1007,lya,50
965.4008606525052,2563.7896185123245,46,2,1,0,data1007,lya,50
985.4475949347574,2586.5392905374124,47,2,1,0,data1007,lya,50
995.4706751186137,2597.6230240757313,48,1,1,0,data1007,lya,50
1005.5053434550761,2611.012716494703,49,1,1,0,data1007,lya,50
10.028633134855712,12.351198981164806,0,1,1,0,data1008,baseline,50
40.064447080718615,29.917536146731585,1,3,1,0,data1008,baseline,50
50.10313717445401,45.40292389347179,2,1,1,0,data1008,baseline,50
70.14867379357078,65.24614884613624,3,2,1,0,data1008,baseline,50
100.18204548804394,76.73588337674947,4,3,1,0,data1008,baseline,50
210.21489177729183,90.09757264376063,5,11,1,0,data1008,baseline,50
220.24975094729447,103.13703187809983,6,1,1,0,data1008,baseline,50
340.27034694213654,110.81945713743924,7,12,1,0,data1008,baseline,50
350.31360472622384,127.30005852276213,8,1,1,0,data1008,baseline,50
370.3573941841626,143.60533488366158,9,2,1,0,data1008,baseline,50
380.3968156573351,158.63090216687388,10,1,1,0,data1008,baseline,50
600.418611497998,166.5540484566218,12,2,1,0,data1008,baseline,50
630.4486422671836,179.45082184279502,13,3,1,0,data1008,baseline,50
660.4846080643631,192.73724926016118,14,3,1,0,data1008,baseline,50
700.5093817712403,203.7258629140531,15,4,1,0,data1008,baseline,50
730.5422285116911,217.91943435572304,16,3,1,0,data1008,baseline,50
831.4246054418192,655.6560176778813,17,10,1,0,data1008,baseline,50
851.4771793236612,680.086947183934,18,2,1,0,data1008,baseline,50
881.5144669346923,695.9598362480931,19,3,1,0,data1008,baseline,50
921.5516092308463,712.2475882017069,20,4,1,0,data1008,baseline,50
931.5820867169381,726.8753586228761,21,1,1,0,data1008,baseline,50
991.599663277319,732.2815025463809,22,6,1,0,data1008,baseline,50
1042.430665713648,1144.4751715271218,23,5,1,0,data1008,baseline,50
1072.4654344723774,1159.776322576827,24,3,1,0,data1008,baseline,50
1102.5224158019657,1187.0925331392534,25,3,1,0,data1008,baseline,50
1162.5527443383744,1201.1307283153478,26,6,1,0,data1008,baseline,50
1182.5895488798183,1217.6384650270159,27,2,1,0,data1008,baseline,50
1353.2609423675467,1549.9093164778321,28,17,1,0,data1008,baseline,50
1363.284972204208,1559.0659262897345,29,1,1,0,data1008,baseline,50
1383.3286629777324,1579.7800403623096,30,2,1,0,data1008,baseline,50
1413.3753829189284,1598.5397055257436,31,3,1,0,data1008,baseline,50
1444.1356516265132,1975.7005614468371,32,3,1,0,data1008,baseline,50
1454.1579326118563,1986.1536241728634,33,1,1,0,data1008,baseline,50
1474.207817070715,2008.1675957275438,34,2,1,0,data1008,baseline,50
1494.2292087318497,2016.1583404135824,35,2,1,0,data1008,baseline,50
1534.27409212518,2034.092625882584,36,4,1,0,data1008,baseline,50
1674.981239836197,2385.9808462368455,37,14,1,0,data1008,baseline,50
1775.9519214658726,2866.019694857814,38,10,1,0,data1008,baseline,50
1785.9773738359854,2878.1882062098002,39,1,1,0,data1008,baseline,50
1796.0088810825043,2893.6864630352384,40,1,1,0,data1008,baseline,50
1886.0456691996123,2906.1690847646573,41,9,1,0,data1008,baseline,50
1896.0608587789775,2913.415767609327,42,1,1,0,data1008,baseline,50
1916.094047975254,2928.758582483357,43,2,1,0,data1008,baseline,50
1926.1150991568015,2938.447063914726,44,1,1,0,data1008,baseline,50
2086.159136376349,2955.815026067902,45,16,1,0,data1008,baseline,50
2106.1854120174853,2966.217904896733,46,2,1,0,data1008,baseline,50
2136.2319250662326,2988.967576921821,47,3,1,0,data1008,baseline,50
2146.262544916073,3000.05131046014,48,1,1,0,data1008,baseline,50
2186.2932060436974,3013.4410028791117,49,4,1,0,data1008,baseline,50
50.02863313485571,12.351198981164806,0,5,1,0,data1008,lya,50
110.06800450012287,27.836586727905008,2,1,1,0,data1008,lya,50
120.11354111923964,47.67981168056946,3,1,1,0,data1008,lya,50
130.1469128137128,59.16954621118269,4,1,1,0,data1008,lya,50
150.17975910296067,72.53123547819385,5,2,1,0,data1008,lya,50
160.21461827296332,85.57069471253305,6,1,1,0,data1008,lya,50
170.23521426780542,93.25311997187247,7,1,1,0,data1008,lya,50
180.2784720518927,109.73372135719535,8,1,1,0,data1008,lya,50
190.32226150983146,126.0389977180948,9,1,1,0,data1008,lya,50
210.36168298300396,141.0645650013071,10,2,1,0,data1008,lya,50
231.29656154686054,606.3567828318168,11,2,1,0,data1008,lya,50
271.31406325932784,614.2799291215647,12,4,1,0,data1008,lya,50
281.3440940285135,627.1767025077379,13,1,1,0,data1008,lya,50
291.380059825693,640.463129925104,14,1,1,0,data1008,lya,50
321.4048335325703,651.4517435789959,15,3,1,0,data1008,lya,50
331.437680273021,665.6453150206659,16,1,1,0,data1008,lya,50
391.4971579183468,690.0762445267185,18,1,1,0,data1008,lya,50
401.5344455293779,705.9491335908776,19,1,1,0,data1008,lya,50
411.5715878255319,722.2368855444914,20,1,1,0,data1008,lya,50
421.60206531162356,736.8646559656606,21,1,1,0,data1008,lya,50
441.60882958415743,736.8646559656606,22,2,0,1,data1008,lya,50
462.43983202048645,1149.0583249464014,23,2,1,0,data1008,lya,50
472.4746007792159,1164.3594759961065,24,1,1,0,data1008,lya,50
482.5315821088043,1191.675686558533,25,1,1,0,data1008,lya,50
492.561910645213,1205.7138817346274,26,1,1,0,data1008,lya,50
502.598715186657,1222.2216184462955,27,1,1,0,data1008,lya,50
523.2701086743854,1554.4924698971117,28,2,1,0,data1008,lya,50
543.2941385110465,1563.6490797090141,29,2,1,0,data1008,lya,50
563.3378292845708,1584.3631937815892,30,2,1,0,data1008,lya,50
573.3845492257668,1603.1228589450232,31,1,1,0,data1008,lya,50
633.4127772068525,1613.5759216710494,33,1,1,0,data1008,lya,50
643.4626616657112,1635.5898932257298,34,1,1,0,data1008,lya,50
683.4840533268457,1643.5806379117685,35,4,1,0,data1008,lya,50
713.5289367201759,1661.51492338077,36,3,1,0,data1008,lya,50
744.2360844311929,2013.4031437350318,37,3,1,0,data1008,lya,50
775.2067660608686,2493.4419923560004,38,3,1,0,data1008,lya,50
785.2322184309816,2505.6105037079865,39,1,1,0,data1008,lya,50
815.2637256775005,2521.1087605334246,40,3,1,0,data1008,lya,50
875.2907381305148,2528.355443378094,42,1,1,0,data1008,lya,50
885.3239273267914,2543.698258252124,43,1,1,0,data1008,lya,50
895.3449785083391,2553.3867396834935,44,1,1,0,data1008,lya,50
965.380555444716,2563.7896185123245,46,2,1,0,data1008,lya,50
985.4270684934631,2586.5392905374124,47,2,1,0,data1008,lya,50
995.4576883433035,2597.6230240757313,48,1,1,0,data1008,lya,50
1005.4883494709283,2611.012716494703,49,1,1,0,data1008,lya,50
10.028859127042388,12.351198981164806,0,1,1,0,data1009,baseline,50
40.06770790818375,29.917536146731585,1,3,1,0,data1009,baseline,50
50.107241861452444,45.40292389347179,2,1,1,0,data1009,baseline,50
70.15163094309888,65.24614884613624,3,2,1,0,data1009,baseline,50
100.18022460212572,76.73588337674947,4,3,1,0,data1009,baseline,50
210.21148170943997,90.09757264376063,5,11,1,0,data1009,baseline,50
220.24184334883844,103.13703187809983,6,1,1,0,data1009,baseline,50
340.25854155938725,110.81945713743924,7,12,1,0,data1009,baseline,50
350.2990833159657,127.30005852276213,8,1,1,0,data1009,baseline,50
370.33478366456586,143.60533488366158,9,2,1,0,data1009,baseline,50
380.3702074215278,158.63090216687388,10,1,1,0,data1009,baseline,50
600.3989670082614,166.5540484566218,12,2,1,0,data1009,baseline,50
630.435023710856,179.45082184279502,13,3,1,0,data1009,baseline,50
660.4720744609714,192.73724926016118,14,3,1,0,data1009,baseline,50
700.497715490957,203.7258629140531,15,4,1,0,data1009,baseline,50
730.5371430153358,217.91943435572304,16,3,1,0,data1009,baseline,50
831.4213486547147,655.6560176778813,17,10,1,0,data1009,baseline,50
851.4731800410398,680.086947183934,18,2,1,0,data1009,baseline,50
881.5166992413352,695.9598362480931,19,3,1,0,data1009,baseline,50
921.5517833962444,712.2475882017069,20,4,1,0,data1009,baseline,50
931.5863226508096,726.8753586228761,21,1,1,0,data1009,baseline,50
991.6000163984971,732.2815025463809,22,6,1,0,data1009,baseline,50
1042.4272665626781,1144.4751715271218,23,5,1,0,data1009,baseline,50
1072.464973830515,1159.776322576827,24,3,1,0,data1009,baseline,50
1102.5310299580788,1187.0925331392534,25,3,1,0,data1009,baseline,50
1162.567485722611,1201.1307283153478,26,6,1,0,data1009,baseline,50
1182.6053993534886,1217.6384650270159,27,2,1,0,data1009,baseline,50
1353.2704609517186,1549.9093164778321,28,17,1,0,data1009,baseline,50
1363.2925438258108,1559.0659262897345,29,1,1,0,data1009,baseline,50
1383.3375511105166,1579.7800403623096,30,2,1,0,data1009,baseline,50
1413.3802579851806,1598.5397055257436,31,3,1,0,data1009,baseline,50
1444.1394252871999,1975.7005614468371,32,3,1,0,data1009,baseline,50
1454.1624337639862,1986.1536241728634,33,1,1,0,data1009,baseline,50
1474.2156973627134,2008.1675957275438,34,2,1,0,data1009,baseline,50
1494.237931753237,2016.1583404135824,35,2,1,0,data1009,baseline,50
1534.2751206630728,2034.092625882584,36,4,1,0,data1009,baseline,50
1674.981124637992,2385.9808462368455,37,14,1,0,data1009,baseline,50
1775.9490045577375,2866.019694857814,38,10,1,0,data1009,baseline,50
1785.9789691305382,2878.1882062098002,39,1,1,0,data1009,baseline,50
1796.0246916660094,2893.6864630352384,40,1,1,0,data1009,baseline,50
1886.0514237193959,2906.1690847646573,41,9,1,0,data1009,baseline,50
1896.0680104015269,2913.415767609327,42,1,1,0,data1009,baseline,50
1916.1132942979768,2928.758582483357,43,2,1,0,data1009,baseline,50
1926.1407779438496,2938.447063914726,44,1,1,0,data1009,baseline,50
2086.178040779585,2955.815026067902,45,16,1,0,data1009,baseline,50
2106.2029960848063,2966.217904896733,46,2,1,0,data1009,baseline,50
2136.25008940635,2988.967576921821,47,3,1,0,data1009,baseline,50
2146.2779996076692,3000.05131046014,48,1,1,0,data1009,baseline,50
2186.3065921236675,3013.4410028791117,49,4,1,0,data1009,baseline,50
50.02885912704239,12.351198981164806,0,5,1,0,data1009,lya,50
110.07210918712131,27.836586727905008,2,1,1,0,data1009,lya,50
120.11649826876776,47.67981168056946,3,1,1,0,data1009,lya,50
130.1450919277946,59.16954621118269,4,1,1,0,data1009,lya,50
150.17634903510884,72.53123547819385,5,2,1,0,data1009,lya,50
160.20671067450732,85.57069471253305,6,1,1,0,data1009,lya,50
170.22340888505613,93.25311997187247,7,1,1,0,data1009,lya,50
180.26395064163455,109.73372135719535,8,1,1,0,data1009,lya,50
190.2996509902347,126.0389977180948,9,1,1,0,data1009,lya,50
210.33507474719667,141.0645650013071,10,2,1,0,data1009,lya,50
231.2745039279012,606.3567828318168,11,2,1,0,data1009,lya,50
271.29441876959123,614.2799291215647,12,4,1,0,data1009,lya,50
281.3304754721858,627.1767025077379,13,1,1,0,data1009,lya,50
291.3675262223012,640.463129925104,14,1,1,0,data1009,lya,50
321.39316725228684,651.4517435789959,15,3,1,0,data1009,lya,50
331.4325947766655,665.6453150206659,16,1,1,0,data1009,lya,50
391.4931586357253,690.0762445267185,18,1,1,0,data1009,lya,50
401.5366778360207,705.9491335908776,19,1,1,0,data1009,lya,50
411.57176199093,722.2368855444914,20,1,1,0,data1009,lya,50
421.60630124549516,736.8646559656606,21,1,1,0,data1009,lya,50
441.6091827053357,736.8646559656606,22,2,0,1,data1009,lya,50
462.4364328695166,1149.0583249464014,23,2,1,0,data1009,lya,50
472.4741401373534,1164.3594759961065,24,1,1,0,data1009,lya,50
482.54019626491726,1191.675686558533,25,1,1,0,data1009,lya,50
492.5766520294495,1205.7138817346274,26,1,1,0,data1009,lya,50
502.61456566032695,1222.2216184462955,27,1,1,0,data1009,lya,50
523.279627258557,1554.4924698971117,28,2,1,0,data1009,lya,50
543.301710132649,1563.6490797090141,29,2,1,0,data1009,lya,50
563.3467174173549,1584.3631937815892,30,2,1,0,data1009,lya,50
573.3894242920188,1603.1228589450232,31,1,1,0,data1009,lya,50
633.417278358982,1613.5759216710494,33,1,1,0,data1009,lya,50
643.4705419577092,1635.5898932257298,34,1,1,0,data1009,lya,50
683.492776348233,1643.5806379117685,35,4,1,0,data1009,lya,50
713.5299652580687,1661.51492338077,36,3,1,0,data1009,lya,50
744.235969232988,2013.4031437350318,37,3,1,0,data1009,lya,50
775.2038491527334,2493.4419923560004,38,3,1,0,data1009,lya,50
785.2338137255342,2505.6105037079865,39,1,1,0,data1009,lya,50
815.2795362610054,2521.1087605334246,40,3,1,0,data1009,lya,50
875.2978897530639,2528.355443378094,42,1,1,0,data1009,lya,50
885.343173649514,2543.698258252124,43,1,1,0,data1009,lya,50
895.3706572953869,2553.3867396834935,44,1,1,0,data1009,lya,50
965.398139512037,2563.7896185123245,46,2,1,0,data1009,lya,50
985.4452328335808,2586.5392905374124,47,2,1,0,data1009,lya,50
995.4731430349002,2597.6230240757313,48,1,1,0,data1009,lya,50
1005.5017355508986,2611.012716494703,49,1,1,0,data1009,lya,50
10.02695172587195,12.351198981164806,0,1,1,0,data1010,baseline,50
40.065354476774814,29.917536146731585,1,3,1,0,data1010,baseline,50
50.10178038063571,45.40292389347179,2,1,1,0,data1010,baseline,50
70.14642785128606,65.24614884613624,3,2,1,0,data1010,baseline,50
100.17556806914634,76.73588337674947,4,3,1,0,data1010,baseline,50
210.20941409902747,90.09757264376063,5,11,1,0,data1010,baseline,50
220.24023040230318,103.13703187809983,6,1,1,0,data1010,baseline,50
340.2569165362443,110.81945713743924,7,12,1,0,data1010,baseline,50
350.2988037553225,127.30005852276213,8,1,1,0,data1010,baseline,50
370.3362594447279,143.60533488366158,9,2,1,0,data1010,baseline,50
380.36979247237747,158.63090216687388,10,1,1,0,data1010,baseline,50
600.3931289931985,166.5540484566218,12,2,1,0,data1010,baseline,50
630.4223366501133,179.45082184279502,13,3,1,0,data1010,baseline,50
660.4563109074362,192.73724926016118,14,3,1,0,data1010,baseline,50
700.4828997127225,203.7258629140531,15,4,1,0,data1010,baseline,50
730.5208239912645,217.91943435572304,16,3,1,0,data1010,baseline,50
831.4037127948061,655.6560176778813,17,10,1,0,data1010,baseline,50
851.4635900418231,680.086947183934,18,2,1,0,data1010,baseline,50
881.4996838727193,695.9598362480931,19,3,1,0,data1010,baseline,50
921.548262411878,712.2475882017069,20,4,1,0,data1010,baseline,50
931.5833140292294,726.8753586228761,21,1,1,0,data1010,baseline,50
991.5990494030445,732.2815025463809,22,6,1,0,data1010,baseline,50
1042.4244081328347,1144.4751715271218,23,5,1,0,data1010,baseline,50
1072.4598829352476,1159.776322576827,24,3,1,0,data1010,baseline,50
1102.52043917783,1187.0925331392534,25,3,1,0,data1010,baseline,50
1162.5672728520215,1201.1307283153478,26,6,1,0,data1010,baseline,50
1182.6066051725904,1217.6384650270159,27,2,1,0,data1010,baseline,50
1353.2759186597152,1549.9093164778321,28,17,1,0,data1010,baseline,50
1363.305517387491,1559.0659262897345,29,1,1,0,data1010,baseline,50
1383.3476578571488,1579.7800403623096,30,2,1,0,data1010,baseline,50
1413.3885710683965,1598.5397055257436,31,3,1,0,data1010,baseline,50
1444.1537598008235,1975.7005614468371,32,3,1,0,data1010,baseline,50
1454.1863097933078,1986.1536241728634,33,1,1,0,data1010,baseline,50
1474.2309364776174,2008.1675957275438,34,2,1,0,data1010,baseline,50
1494.2505996314126,2016.1583404135824,35,2,1,0,data1010,baseline,50
1534.2949091875576,2034.092625882584,36,4,1,0,data1010,baseline,50
1675.0030345302496,2385.9808462368455,37,14,1,0,data1010,baseline,50
1775.9713344639586,2866.019694857814,38,10,1,0,data1010,baseline,50
1786.0049073454165,2878.1882062098002,39,1,1,0,data1010,baseline,50
1796.0416952103806,2893.6864630352384,40,1,1,0,data1010,baseline,50
1886.0742597881645,2906.1690847646573,41,9,1,0,data1010,baseline,50
1896.0946874286713,2913.415767609327,42,1,1,0,data1010,baseline,50
1916.1296735302597,2928.758582483357,43,2,1,0,data1010,baseline,50
1926.156084442108,2938.447063914726,44,1,1,0,data1010,baseline,50
2086.192988532915,2955.815026067902,45,16,1,0,data1010,baseline,50
2106.219384300602,2966.217904896733,46,2,1,0,data1010,baseline,50
2136.2751062298207,2988.967576921821,47,3,1,0,data1010,baseline,50
2146.3009537655207,3000.05131046014,48,1,1,0,data1010,baseline,50
2186.3306593867405,3013.4410028791117,49,4,1,0,data1010,baseline,50
50.02695172587195,12.351198981164806,0,5,1,0,data1010,lya,50
110.0666477063046,27.836586727905008,2,1,1,0,data1010,lya,50
120.11129517695494,47.67981168056946,3,1,1,0,data1010,lya,50
130.1404353948152,59.16954621118269,4,1,1,0,data1010,lya,50
150.17428142469635,72.53123547819385,5,2,1,0,data1010,lya,50
160.20509772797206,85.57069471253305,6,1,1,0,data1010,lya,50
170.2217838619132,93.25311997187247,7,1,1,0,data1010,lya,50
180.2636710809914,109.73372135719535,8,1,1,0,data1010,lya,50
190.30112677039676,126.0389977180948,9,1,1,0,data1010,lya,50
210.33465979804635,141.0645650013071,10,2,1,0,data1010,lya,50
231.26821758202743,606.3567828318168,11,2,1,0,data1010,lya,50
271.2885807545284,614.2799291215647,12,4,1,0,data1010,lya,50
281.31778841144325,627.1767025077379,13,1,1,0,data1010,lya,50
291.3517626687662,640.463129925104,14,1,1,0,data1010,lya,50
321.3783514740525,651.4517435789959,15,3,1,0,data1010,lya,50
331.4162757525944,665.6453150206659,16,1,1,0,data1010,lya,50
391.4835686365088,690.0762445267185,18,1,1,0,data1010,lya,50
401.519662467405,705.9491335908776,19,1,1,0,data1010,lya,50
411.5682410065638,722.2368855444914,20,1,1,0,data1010,lya,50
421.6032926239153,736.8646559656606,21,1,1,0,data1010,lya,50
441.6082157098835,736.8646559656606,22,2,0,1,data1010,lya,50
462.43357443967375,1149.0583249464014,23,2,1,0,data1010,lya,50
472.4690492420866,1164.3594759961065,24,1,1,0,data1010,lya,50
482.5296054846691,1191.675686558533,25,1,1,0,data1010,lya,50
492.5764391588604,1205.7138817346274,26,1,1,0,data1010,lya,50
502.6157714794295,1222.2216184462955,27,1,1,0,data1010,lya,50
523.2850849665543,1554.4924698971117,28,2,1,0,data1010,lya,50
543.3146836943298,1563.6490797090141,29,2,1,0,data1010,lya,50
563.3568241639878,1584.3631937815892,30,2,1,0,data1010,lya,50
573.3977373752355,1603.1228589450232,31,1,1,0,data1010,lya,50
633.4411543883047,1613.5759216710494,33,1,1,0,data1010,lya,50
643.4857810726144,1635.5898932257298,34,1,1,0,data1010,lya,50
683.5054442264096,1643.5806379117685,35,4,1,0,data1010,lya,50
713.5497537825546,1661.51492338077,36,3,1,0,data1010,lya,50
744.2578791252467,2013.4031437350318,37,3,1,0,data1010,lya,50
775.2261790589557,2493.4419923560004,38,3,1,0,data1010,lya,50
785.2597519404138,2505.6105037079865,39,1,1,0,data1010,lya,50
815.2965398053778,2521.1087605334246,40,3,1,0,data1010,lya,50
875.3245667802098,2528.355443378094,42,1,1,0,data1010,lya,50
885.3595528817982,2543.698258252124,43,1,1,0,data1010,lya,50
895.3859637936466,2553.3867396834935,44,1,1,0,data1010,lya,50
965.4145277278335,2563.7896185123245,46,2,1,0,data1010,lya,50
985.470249657052,2586.5392905374124,47,2,1,0,data1010,lya,50
995.496097192752,2597.6230240757313,48,1,1,0,data1010,lya,50
1005.5258028139718,2611.012716494703,49,1,1,0,data1010,lya,50
10.028625851262994,12.351198981164806,0,1,1,0,data1011,baseline,50
40.069297669160605,29.917536146731585,1,3,1,0,data1011,baseline,50
50.105794012925536,45.40292389347179,2,1,1,0,data1011,baseline,50
70.14726030823988,65.24614884613624,3,2,1,0,data1011,baseline,50
100.17594528118705,76.73588337674947,4,3,1,0,data1011,baseline,50
210.20414948173772,90.09757264376063,5,11,1,0,data1011,baseline,50
220.23248198970595,103.13703187809983,6,1,1,0,data1011,baseline,50
340.2611918064561,110.81945713743924,7,12,1,0,data1011,baseline,50
350.3054266264818,127.30005852276213,8,1,1,0,data1011,baseline,50
370.347378708351,143.60533488366158,9,2,1,0,data1011,baseline,50
380.3871565368862,158.63090216687388,10,1,1,0,data1011,baseline,50
600.4140755065189,166.5540484566218,12,2,1,0,data1011,baseline,50
630.4454032479898,179.45082184279502,13,3,1,0,data1011,baseline,50
660.4800528112545,192.73724926016118,14,3,1,0,data1011,baseline,50
700.5038361196969,203.7258629140531,15,4,1,0,data1011,baseline,50
730.5371122052208,217.91943435572304,16,3,1,0,data1011,baseline,50
831.4259813763863,655.6560176778813,17,10,1,0,data1011,baseline,50
851.4833409560463,680.086947183934,18,2,1,0,data1011,baseline,50
881.5199996859411,695.9598362480931,19,3,1,0,data1011,baseline,50
921.5612105010073,712.2475882017069,20,4,1,0,data1011,baseline,50
931.5933204906812,726.8753586228761,21,1,1,0,data1011,baseline,50
991.6075400884415,732.2815025463809,22,6,1,0,data1011,baseline,50
1042.437324472647,1144.4751715271218,23,5,1,0,data1011,baseline,50
1072.4768326954586,1159.776322576827,24,3,1,0,data1011,baseline,50
1102.531762078555,1187.0925331392534,25,3,1,0,data1011,baseline,50
1162.5724022905124,1201.1307283153478,26,6,1,0,data1011,baseline,50
1182.6124608324892,1217.6384650270159,27,2,1,0,data1011,baseline,50
1353.2806858966615,1549.9093164778321,28,17,1,0,data1011,baseline,50
1363.3067436105634,1559.0659262897345,29,1,1,0,data1011,baseline,50
1383.348707584936,1579.7800403623096,30,2,1,0,data1011,baseline,50
1413.3907852633868,1598.5397055257436,31,3,1,0,data1011,baseline,50
1444.1462150593618,1975.7005614468371,32,3,1,0,data1011,baseline,50
1454.1707458443655,1986.1536241728634,33,1,1,0,data1011,baseline,50
1474.219090089383,2008.1675957275438,34,2,1,0,data1011,baseline,50
1494.2456118944813,2016.1583404135824,35,2,1,0,data1011,baseline,50
1534.2884665503366,2034.092625882584,36,4,1,0,data1011,baseline,50
1674.998047414872,2385.9808462368455,37,14,1,0,data1011,baseline,50
1775.9629093171704,2866.019694857814,38,10,1,0,data1011,baseline,50
1785.9929418738777,2878.1882062098002,39,1,1,0,data1011,baseline,50
1796.0261621965205,2893.6864630352384,40,1,1,0,data1011,baseline,50
1886.053519967417,2906.1690847646573,41,9,1,0,data1011,baseline,50
1896.0726610591935,2913.415767609327,42,1,1,0,data1011,baseline,50
1916.1170468865057,2928.758582483357,43,2,1,0,data1011,baseline,50
1926.1439959154623,2938.447063914726,44,1,1,0,data1011,baseline,50
2086.179601009456,2955.815026067902,45,16,1,0,data1011,baseline,50
2106.2025440210587,2966.217904896733,46,2,1,0,data1011,baseline,50
2136.252039829975,2988.967576921821,47,3,1,0,data1011,baseline,50
2146.277050708211,3000.05131046014,48,1,1,0,data1011,baseline,50
2186.3136533950055,3013.4410028791117,49,4,1,0,data1011,baseline,50
50.028625851262994,12.351198981164806,0,5,1,0,data1011,lya,50
110.0706613385944,27.836586727905008,2,1,1,0,data1011,lya,50
120.11212763390876,47.67981168056946,3,1,1,0,data1011,lya,50
130.14081260685595,59.16954621118269,4,1,1,0,data1011,lya,50
150.16901680740662,72.53123547819385,5,2,1,0,data1011,lya,50
160.19734931537485,85.57069471253305,6,1,1,0,data1011,lya,50
170.22605913212504,93.25311997187247,7,1,1,0,data1011,lya,50
180.2702939521507,109.73372135719535,8,1,1,0,data1011,lya,50
190.31224603401992,126.0389977180948,9,1,1,0,data1011,lya,50
210.35202386255514,141.0645650013071,10,2,1,0,data1011,lya,50
231.28583208503176,606.3567828318168,11,2,1,0,data1011,lya,50
271.30952726784886,614.2799291215647,12,4,1,0,data1011,lya,50
281.34085500931985,627.1767025077379,13,1,1,0,data1011,lya,50
291.37550457258453,640.463129925104,14,1,1,0,data1011,lya,50
321.39928788102696,651.4517435789959,15,3,1,0,data1011,lya,50
331.43256396655084,665.6453150206659,16,1,1,0,data1011,lya,50
391.5033195507321,690.0762445267185,18,1,1,0,data1011,lya,50
401.53997828062694,705.9491335908776,19,1,1,0,data1011,lya,50
411.58118909569316,722.2368855444914,20,1,1,0,data1011,lya,50
421.61329908536715,736.8646559656606,21,1,1,0,data1011,lya,50
441.6167063952804,736.8646559656606,22,2,0,1,data1011,lya,50
462.4464907794859,1149.0583249464014,23,2,1,0,data1011,lya,50
472.4859990022974,1164.3594759961065,24,1,1,0,data1011,lya,50
482.54092838539367,1191.675686558533,25,1,1,0,data1011,lya,50
492.5815685973511,1205.7138817346274,26,1,1,0,data1011,lya,50
502.62162713932804,1222.2216184462955,27,1,1,0,data1011,lya,50
523.2898522035003,1554.4924698971117,28,2,1,0,data1011,lya,50
543.3159099174023,1563.6490797090141,29,2,1,0,data1011,lya,50
563.3578738917747,1584.3631937815892,30,2,1,0,data1011,lya,50
573.3999515702257,1603.1228589450232,31,1,1,0,data1011,lya,50
633.4255904393619,1613.5759216710494,33,1,1,0,data1011,lya,50
643.4739346843794,1635.5898932257298,34,1,1,0,data1011,lya,50
683.5004564894779,1643.5806379117685,35,4,1,0,data1011,lya,50
713.5433111453332,1661.51492338077,36,3,1,0,data1011,lya,50
744.2528920098687,2013.4031437350318,37,3,1,0,data1011,lya,50
775.217753912167,2493.4419923560004,38,3,1,0,data1011,lya,50
785.2477864688743,2505.6105037079865,39,1,1,0,data1011,lya,50
815.281006791517,2521.1087605334246,40,3,1,0,data1011,lya,50
875.302540410731,2528.355443378094,42,1,1,0,data1011,lya,50
885.3469262380434,2543.698258252124,43,1,1,0,data1011,lya,50
895.373875267,2553.3867396834935,44,1,1,0,data1011,lya,50
965.3976874482896,2563.7896185123245,46,2,1,0,data1011,lya,50
985.4471832572058,2586.5392905374124,47,2,1,0,data1011,lya,50
995.472194135442,2597.6230240757313,48,1,1,0,data1011,lya,50
1005.5087968222365,2611.012716494703,49,1,1,0,data1011,lya,50
10.030304232872874,12.351198981164806,0,1,1,0,data1012,baseline,50
40.067279360034476,29.917536146731585,1,3,1,0,data1012,baseline,50
50.101738424600335,45.40292389347179,2,1,1,0,data1012,baseline,50
70.1439681807446,65.24614884613624,3,2,1,0,data1012,baseline,50
100.16986091922564,76.73588337674947,4,3,1,0,data1012,baseline,50
210.19730822132607,90.09757264376063,5,11,1,0,data1012,baseline,50
220.22704023112126,103.13703187809983,6,1,1,0,data1012,baseline,50
340.25466731046714,110.81945713743924,7,12,1,0,data1012,baseline,50
350.2932378932503,127.30005852276213,8,1,1,0,data1012,baseline,50
370.33498204838094,143.60533488366158,9,2,1,0,data1012,baseline,50
380.3716500461666,158.63090216687388,10,1,1,0,data1012,baseline,50
600.39675344276,166.5540484566218,12,2,1,0,data1012,baseline,50
630.4241348056488,179.45082184279502,13,3,1,0,data1012,baseline,50
660.455401565432,192.73724926016118,14,3,1,0,data1012,baseline,50
700.4802813316736,203.7258629140531,15,4,1,0,data1012,baseline,50
730.5154881258813,217.91943435572304,16,3,1,0,data1012,baseline,50
831.3963004700288,655.6560176778813,17,10,1,0,data1012,baseline,50
851.4492289396495,680.086947183934,18,2,1,0,data1012,baseline,50
881.4861097379572,695.9598362480931,19,3,1,0,data1012,baseline,50
921.5236566798505,712.2475882017069,20,4,1,0,data1012,baseline,50
931.5669415570515,726.8753586228761,21,1,1,0,data1012,baseline,50
991.5805749112013,732.2815025463809,22,6,1,0,data1012,baseline,50
1042.4145661548978,1144.4751715271218,23,5,1,0,data1012,baseline,50
1072.447733064763,1159.776322576827,24,3,1,0,data1012,baseline,50
1102.5070073830932,1187.0925331392534,25,3,1,0,data1012,baseline,50
1162.5402952087077,1201.1307283153478,26,6,1,0,data1012,baseline,50
1182.5748706265572,1217.6384650270159,27,2,1,0,data1012,baseline,50
1353.2485481776419,1549.9093164778321,28,17,1,0,data1012,baseline,50
1363.2685475761782,1559.0659262897345,29,1,1,0,data1012,baseline,50
1383.3233074801938,1579.7800403623096,30,2,1,0,data1012,baseline,50
1413.3652238942734,1598.5397055257436,31,3,1,0,data1012,baseline,50
1444.1215126391735,1975.7005614468371,32,3,1,0,data1012,baseline,50
1454.1516922943001,1986.1536241728634,33,1,1,0,data1012,baseline,50
1474.1985535855747,2008.1675957275438,34,2,1,0,data1012,baseline,50
1494.2240580590742,2016.1583404135824,35,2,1,0,data1012,baseline,50
1534.265466869928,2034.092625882584,36,4,1,0,data1012,baseline,50
1674.979914561586,2385.9808462368455,37,14,1,0,data1012,baseline,50
1775.9445304490955,2866.019694857814,38,10,1,0,data1012,baseline,50
1785.9709424351274,2878.1882062098002,39,1,1,0,data1012,baseline,50
1796.005934675954,2893.6864630352384,40,1,1,0,data1012,baseline,50
1886.035985430658,2906.1690847646573,41,9,1,0,data1012,baseline,50
1896.0566386581309,2913.415767609327,42,1,1,0,data1012,baseline,50
1916.0888288198832,2928.758582483357,43,2,1,0,data1012,baseline,50
1926.1103437902161,2938.447063914726,44,1,1,0,data1012,baseline,50
2086.146442526785,2955.815026067902,45,16,1,0,data1012,baseline,50
2106.1726466901428,2966.217904896733,46,2,1,0,data1012,baseline,50
2136.224145242414,2988.967576921821,47,3,1,0,data1012,baseline,50
2146.2511733149277,3000.05131046014,48,1,1,0,data1012,baseline,50
2186.286608665861,3013.4410028791117,49,4,1,0,data1012,baseline,50
50.03030423287287,12.351198981164806,0,5,1,0,data1012,lya,50
110.0666057502692,27.836586727905008,2,1,1,0,data1012,lya,50
120.10883550641347,47.67981168056946,3,1,1,0,data1012,lya,50
130.13472824489452,59.16954621118269,4,1,1,0,data1012,lya,50
150.16217554699494,72.53123547819385,5,2,1,0,data1012,lya,50
160.19190755679014,85.57069471253305,6,1,1,0,data1012,lya,50
170.21953463613602,93.25311997187247,7,1,1,0,data1012,lya,50
180.2581052189192,109.73372135719535,8,1,1,0,data1012,lya,50
190.29984937404984,126.0389977180948,9,1,1,0,data1012,lya,50
210.33651737183555,141.0645650013071,10,2,1,0,data1012,lya,50
231.27297555225184,606.3567828318168,11,2,1,0,data1012,lya,50
271.2922052040899,614.2799291215647,12,4,1,0,data1012,lya,50
281.3195865669788,627.1767025077379,13,1,1,0,data1012,lya,50
291.350853326762,640.463129925104,14,1,1,0,data1012,lya,50
321.3757330930036,651.4517435789959,15,3,1,0,data1012,lya,50
331.4109398872112,665.6453150206659,16,1,1,0,data1012,lya,50
391.4692075343351,690.0762445267185,18,1,1,0,data1012,lya,50
401.5060883326428,705.9491335908776,19,1,1,0,data1012,lya,50
411.54363527453614,722.2368855444914,20,1,1,0,data1012,lya,50
421.58692015173705,736.8646559656606,21,1,1,0,data1012,lya,50
441.5897412180399,736.8646559656606,22,2,0,1,data1012,lya,50
462.4237324617363,1149.0583249464014,23,2,1,0,data1012,lya,50
472.4568993716015,1164.3594759961065,24,1,1,0,data1012,lya,50
482.5161736899317,1191.675686558533,25,1,1,0,data1012,lya,50
492.5494615155461,1205.7138817346274,26,1,1,0,data1012,lya,50
502.58403693339557,1222.2216184462955,27,1,1,0,data1012,lya,50
523.2577144844802,1554.4924698971117,28,2,1,0,data1012,lya,50
543.2777138830165,1563.6490797090141,29,2,1,0,data1012,lya,50
563.3324737870321,1584.3631937815892,30,2,1,0,data1012,lya,50
573.3743902011119,1603.1228589450232,31,1,1,0,data1012,lya,50
633.4065368892961,1613.5759216710494,33,1,1,0,data1012,lya,50
643.4533981805706,1635.5898932257298,34,1,1,0,data1012,lya,50
683.4789026540701,1643.5806379117685,35,4,1,0,data1012,lya,50
713.5203114649239,1661.51492338077,36,3,1,0,data1012,lya,50
744.2347591565817,2013.4031437350318,37,3,1,0,data1012,lya,50
775.1993750440912,2493.4419923560004,38,3,1,0,data1012,lya,50
785.2257870301232,2505.6105037079865,39,1,1,0,data1012,lya,50
815.2607792709498,2521.1087605334246,40,3,1,0,data1012,lya,50
875.2865180096678,2528.355443378094,42,1,1,0,data1012,lya,50
885.3187081714203,2543.698258252124,43,1,1,0,data1012,lya,50
895.3402231417533,2553.3867396834935,44,1,1,0,data1012,lya,50
965.3677901173734,2563.7896185123245,46,2,1,0,data1012,lya,50
985.4192886696446,2586.5392905374124,47,2,1,0,data1012,lya,50
995.4463167421582,2597.6230240757313,48,1,1,0,data1012,lya,50
1005.4817520930914,2611.012716494703,49,1,1,0,data1012,lya,50
10.027607073875835,12.351198981164806,0,1,1,0,data1013,baseline,50
40.07454847879434,29.917536146731585,1,3,1,0,data1013,baseline,50
50.11044608106197,45.40292389347179,2,1,1,0,data1013,baseline,50
70.15129977517482,65.24614884613624,3,2,1,0,data1013,baseline,50
100.18071855954437,76.73588337674947,4,3,1,0,data1013,baseline,50
210.2109446957909,90.09757264376063,5,11,1,0,data1013,baseline,50
220.24379425016784,103.13703187809983,6,1,1,0,data1013,baseline,50
340.27110109621964,110.81945713743924,7,12,1,0,data1013,baseline,50
350.312210372801,127.30005852276213,8,1,1,0,data1013,baseline,50
370.3503008308662,143.60533488366158,9,2,1,0,data1013,baseline,50
380.3935044329519,158.63090216687388,10,1,1,0,data1013,baseline,50
600.4250434138934,166.5540484566218,12,2,1,0,data1013,baseline,50
630.4564384964,179.45082184279502,13,3,1,0,data1013,baseline,50
660.4882455743598,192.73724926016118,14,3,1,0,data1013,baseline,50
700.5152101682316,203.7258629140531,15,4,1,0,data1013,baseline,50
730.546133948971,217.91943435572304,16,3,1,0,data1013,baseline,50
831.4230451935896,655.6560176778813,17,10,1,0,data1013,baseline,50
851.4751042248073,680.086947183934,18,2,1,0,data1013,baseline,50
881.5151191932506,695.9598362480931,19,3,1,0,data1013,baseline,50
921.5553206983905,712.2475882017069,20,4,1,0,data1013,baseline,50
931.589975136065,726.8753586228761,21,1,1,0,data1013,baseline,50
991.6023784387494,732.2815025463809,22,6,1,0,data1013,baseline,50
1042.4314328019373,1144.4751715271218,23,5,1,0,data1013,baseline,50
1072.470125232622,1159.776322576827,24,3,1,0,data1013,baseline,50
1102.5301562643422,1187.0925331392534,25,3,1,0,data1013,baseline,50
1162.567526442776,1201.1307283153478,26,6,1,0,data1013,baseline,50
1182.6107950288724,1217.6384650270159,27,2,1,0,data1013,baseline,50
1353.2805491934698,1549.9093164778321,28,17,1,0,data1013,baseline,50
1363.302161494089,1559.0659262897345,29,1,1,0,data1013,baseline,50
1383.345630375709,1579.7800403623096,30,2,1,0,data1013,baseline,50
1413.3861536233392,1598.5397055257436,31,3,1,0,data1013,baseline,50
1444.1435327643442,1975.7005614468371,32,3,1,0,data1013,baseline,50
1454.1647300942304,1986.1536241728634,33,1,1,0,data1013,baseline,50
1474.2141707031567,2008.1675957275438,34,2,1,0,data1013,baseline,50
1494.2386451632901,2016.1583404135824,35,2,1,0,data1013,baseline,50
1534.278263211261,2034.092625882584,36,4,1,0,data1013,baseline,50
1674.9857205005326,2385.9808462368455,37,14,1,0,data1013,baseline,50
1775.9550702706051,2866.019694857814,38,10,1,0,data1013,baseline,50
1785.9812909284124,2878.1882062098002,39,1,1,0,data1013,baseline,50
1796.0178021640677,2893.6864630352384,40,1,1,0,data1013,baseline,50
1886.0511980876843,2906.1690847646573,41,9,1,0,data1013,baseline,50
1896.0774619241986,2913.415767609327,42,1,1,0,data1013,baseline,50
1916.1156286604719,2928.758582483357,43,2,1,0,data1013,baseline,50
1926.1393793220968,2938.447063914726,44,1,1,0,data1013,baseline,50
2086.1779442438997,2955.815026067902,45,16,1,0,data1013,baseline,50
2106.2041721261185,2966.217904896733,46,2,1,0,data1013,baseline,50
2136.257542483943,2988.967576921821,47,3,1,0,data1013,baseline,50
2146.2827066855475,3000.05131046014,48,1,1,0,data1013,baseline,50
2186.314337888595,3013.4410028791117,49,4,1,0,data1013,baseline,50
50.027607073875835,12.351198981164806,0,5,1,0,data1013,lya,50
110.07531340673084,27.836586727905008,2,1,1,0,data1013,lya,50
120.1161671008437,47.67981168056946,3,1,1,0,data1013,lya,50
130.14558588521325,59.16954621118269,4,1,1,0,data1013,lya,50
150.1758120214598,72.53123547819385,5,2,1,0,data1013,lya,50
160.20866157583674,85.57069471253305,6,1,1,0,data1013,lya,50
170.23596842188851,93.25311997187247,7,1,1,0,data1013,lya,50
180.2770776984699,109.73372135719535,8,1,1,0,data1013,lya,50
190.31516815653507,126.0389977180948,9,1,1,0,data1013,lya,50
210.35837175862076,141.0645650013071,10,2,1,0,data1013,lya,50
231.29303038309214,606.3567828318168,11,2,1,0,data1013,lya,50
271.32049517522336,614.2799291215647,12,4,1,0,data1013,lya,50
281.35189025772996,627.1767025077379,13,1,1,0,data1013,lya,50
291.3836973356897,640.463129925104,14,1,1,0,data1013,lya,50
321.4106619295616,651.4517435789959,15,3,1,0,data1013,lya,50
331.44158571030096,665.6453150206659,16,1,1,0,data1013,lya,50
391.49508281949295,690.0762445267185,18,1,1,0,data1013,lya,50
401.5350977879362,705.9491335908776,19,1,1,0,data1013,lya,50
411.57529929307606,722.2368855444914,20,1,1,0,data1013,lya,50
421.6099537307506,736.8646559656606,21,1,1,0,data1013,lya,50
441.6115447455879,736.8646559656606,22,2,0,1,data1013,lya,50
462.4405991087756,1149.0583249464014,23,2,1,0,data1013,lya,50
472.4792915394602,1164.3594759961065,24,1,1,0,data1013,lya,50
482.5393225711803,1191.675686558533,25,1,1,0,data1013,lya,50
492.57669274961404,1205.7138817346274,26,1,1,0,data1013,lya,50
502.6199613357106,1222.2216184462955,27,1,1,0,data1013,lya,50
523.289715500308,1554.4924698971117,28,2,1,0,data1013,lya,50
543.311327800927,1563.6490797090141,29,2,1,0,data1013,lya,50
563.3547966825471,1584.3631937815892,30,2,1,0,data1013,lya,50
573.3953199301773,1603.1228589450232,31,1,1,0,data1013,lya,50
633.4195746892262,1613.5759216710494,33,1,1,0,data1013,lya,50
643.4690152981524,1635.5898932257298,34,1,1,0,data1013,lya,50
683.4934897582857,1643.5806379117685,35,4,1,0,data1013,lya,50
713.5331078062566,1661.51492338077,36,3,1,0,data1013,lya,50
744.2405650955283,2013.4031437350318,37,3,1,0,data1013,lya,50
775.2099148656006,2493.4419923560004,38,3,1,0,data1013,lya,50
785.2361355234079,2505.6105037079865,39,1,1,0,data1013,lya,50
815.2726467590632,2521.1087605334246,40,3,1,0,data1013,lya,50
875.3073412757351,2528.355443378094,42,1,1,0,data1013,lya,50
885.3455080120084,2543.698258252124,43,1,1,0,data1013,lya,50
895.3692586736333,2553.3867396834935,44,1,1,0,data1013,lya,50
965.3993155533478,2563.7896185123245,46,2,1,0,data1013,lya,50
985.4526859111721,2586.5392905374124,47,2,1,0,data1013,lya,50
995.477850112777,2597.6230240757313,48,1,1,0,data1013,lya,50
1005.5094813158249,2611.012716494703,49,1,1,0,data1013,lya,50
10.027258007040905,12.351198981164806,0,1,1,0,data1014,baseline,50
40.06644913776364,29.917536146731585,1,3,1,0,data1014,baseline,50
50.10724598403159,45.40292389347179,2,1,1,0,data1014,baseline,50
70.15104718858939,65.24614884613624,3,2,1,0,data1014,baseline,50
100.17895254661505,76.73588337674947,4,3,1,0,data1014,baseline,50
210.20941991018378,90.09757264376063,5,11,1,0,data1014,baseline,50
220.23930437795906,103.13703187809983,6,1,1,0,data1014,baseline,50
340.2601226550604,110.81945713743924,7,12,1,0,data1014,baseline,50
350.30238473462333,127.30005852276213,8,1,1,0,data1014,baseline,50
370.3381373841979,143.60533488366158,9,2,1,0,data1014,baseline,50
380.369957263394,158.63090216687388,10,1,1,0,data1014,baseline,50
600.400854175161,166.5540484566218,12,2,1,0,data1014,baseline,50
630.430123652498,179.45082184279502,13,3,1,0,data1014,baseline,50
660.4635031733193,192.73724926016118,14,3,1,0,data1014,baseline,50
700.4884893884705,203.7258629140531,15,4,1,0,data1014,baseline,50
730.5293234421371,217.91943435572304,16,3,1,0,data1014,baseline,50
831.4188250088777,655.6560176778813,17,10,1,0,data1014,baseline,50
851.4719391742689,680.086947183934,18,2,1,0,data1014,baseline,50
881.5089063028825,695.9598362480931,19,3,1,0,data1014,baseline,50
921.5482827693019,712.2475882017069,20,4,1,0,data1014,baseline,50
931.5822618142381,726.8753586228761,21,1,1,0,data1014,baseline,50
991.5975639309377,732.2815025463809,22,6,1,0,data1014,baseline,50
1042.4321538074287,1144.4751715271218,23,5,1,0,data1014,baseline,50
1072.465975068262,1159.776322576827,24,3,1,0,data1014,baseline,50
1102.5281830539263,1187.0925331392534,25,3,1,0,data1014,baseline,50
1162.5591269209567,1201.1307283153478,26,6,1,0,data1014,baseline,50
1182.593442767659,1217.6384650270159,27,2,1,0,data1014,baseline,50
1353.2629914505633,1549.9093164778321,28,17,1,0,data1014,baseline,50
1363.2879803596911,1559.0659262897345,29,1,1,0,data1014,baseline,50
1383.3324044079816,1579.7800403623096,30,2,1,0,data1014,baseline,50
1413.3773036375876,1598.5397055257436,31,3,1,0,data1014,baseline,50
1444.1336158830877,1975.7005614468371,32,3,1,0,data1014,baseline,50
1454.1608539241245,1986.1536241728634,33,1,1,0,data1014,baseline,50
1474.2103757808707,2008.1675957275438,34,2,1,0,data1014,baseline,50
1494.2323120695846,2016.1583404135824,35,2,1,0,data1014,baseline,50
1534.2760143058924,2034.092625882584,36,4,1,0,data1014,baseline,50
1674.982789296478,2385.9808462368455,37,14,1,0,data1014,baseline,50
1775.9478264944512,2866.019694857814,38,10,1,0,data1014,baseline,50
1785.976126889394,2878.1882062098002,39,1,1,0,data1014,baseline,50
1796.0157733802896,2893.6864630352384,40,1,1,0,data1014,baseline,50
1886.042793889384,2906.1690847646573,41,9,1,0,data1014,baseline,50
1896.0594276502763,2913.415767609327,42,1,1,0,data1014,baseline,50
1916.0913001127253,2928.758582483357,43,2,1,0,data1014,baseline,50
1926.1114910067045,2938.447063914726,44,1,1,0,data1014,baseline,50
2086.1607533130905,2955.815026067902,45,16,1,0,data1014,baseline,50
2106.184034944592,2966.217904896733,46,2,1,0,data1014,baseline,50
2136.232957168879,2988.967576921821,47,3,1,0,data1014,baseline,50
2146.261417672515,3000.05131046014,48,1,1,0,data1014,baseline,50
2186.2917388152237,3013.4410028791117,49,4,1,0,data1014,baseline,50
50.027258007040906,12.351198981164806,0,5,1,0,data1014,lya,50
110.07211330970047,27.836586727905008,2,1,1,0,data1014,lya,50
120.11591451425826,47.67981168056946,3,1,1,0,data1014,lya,50
130.14381987228393,59.16954621118269,4,1,1,0,data1014,lya,50
150.17428723585266,72.53123547819385,5,2,1,0,data1014,lya,50
160.20417170362794,85.57069471253305,6,1,1,0,data1014,lya,50
170.22498998072928,93.25311997187247,7,1,1,0,data1014,lya,50
180.2672520602922,109.73372135719535,8,1,1,0,data1014,lya,50
190.30300470986683,126.0389977180948,9,1,1,0,data1014,lya,50
210.33482458906295,141.0645650013071,10,2,1,0,data1014,lya,50
231.27607852021262,606.3567828318168,11,2,1,0,data1014,lya,50
271.296305936491,614.2799291215647,12,4,1,0,data1014,lya,50
281.32557541382795,627.1767025077379,13,1,1,0,data1014,lya,50
291.35895493464926,640.463129925104,14,1,1,0,data1014,lya,50
321.3839411498006,651.4517435789959,15,3,1,0,data1014,lya,50
331.4247752034671,665.6453150206659,16,1,1,0,data1014,lya,50
391.49191776895475,690.0762445267185,18,1,1,0,data1014,lya,50
401.52888489756833,705.9491335908776,19,1,1,0,data1014,lya,50
411.5682613639878,722.2368855444914,20,1,1,0,data1014,lya,50
421.602240408924,736.8646559656606,21,1,1,0,data1014,lya,50
441.6067302377765,736.8646559656606,22,2,0,1,data1014,lya,50
462.4413201142674,1149.0583249464014,23,2,1,0,data1014,lya,50
472.47514137510063,1164.3594759961065,24,1,1,0,data1014,lya,50
482.537349360765,1191.675686558533,25,1,1,0,data1014,lya,50
492.5682932277954,1205.7138817346274,26,1,1,0,data1014,lya,50
502.6026090744978,1222.2216184462955,27,1,1,0,data1014,lya,50
523.2721577574019,1554.4924698971117,28,2,1,0,data1014,lya,50
543.2971466665297,1563.6490797090141,29,2,1,0,data1014,lya,50
563.34157071482,1584.3631937815892,30,2,1,0,data1014,lya,50
573.386469944426,1603.1228589450232,31,1,1,0,data1014,lya,50
633.4156985191205,1613.5759216710494,33,1,1,0,data1014,lya,50
643.4652203758667,1635.5898932257298,34,1,1,0,data1014,lya,50
683.4871566645807,1643.5806379117685,35,4,1,0,data1014,lya,50
713.5308589008883,1661.51492338077,36,3,1,0,data1014,lya,50
744.2376338914739,2013.4031437350318,37,3,1,0,data1014,lya,50
775.202671089447,2493.4419923560004,38,3,1,0,data1014,lya,50
785.2309714843897,2505.6105037079865,39,1,1,0,data1014,lya,50
815.2706179752852,2521.1087605334246,40,3,1,0,data1014,lya,50
875.289307001813,2528.355443378094,42,1,1,0,data1014,lya,50
885.321179464262,2543.698258252124,43,1,1,0,data1014,lya,50
895.3413703582413,2553.3867396834935,44,1,1,0,data1014,lya,50
965.3791783718224,2563.7896185123245,46,2,1,0,data1014,lya,50
985.428100596109,2586.5392905374124,47,2,1,0,data1014,lya,50
995.4565610997454,2597.6230240757313,48,1,1,0,data1014,lya,50
1005.4868822424537,2611.012716494703,49,1,1,0,data1014,lya,50
10.035296249076655,12.351198981164806,0,1,1,0,data1015,baseline,50
40.080836055021855,29.917536146731585,1,3,1,0,data1015,baseline,50
50.13680646893737,45.40292389347179,2,1,1,0,data1015,baseline,50
70.1812760120022,65.24614884613624,3,2,1,0,data1015,baseline,50
100.20957640498344,76.73588337674947,4,3,1,0,data1015,baseline,50
210.2408886219353,90.09757264376063,5,11,1,0,data1015,baseline,50
220.27170743185948,103.13703187809983,6,1,1,0,data1015,baseline,50
340.29060977099647,110.81945713743924,7,12,1,0,data1015,baseline,50
350.3328845705959,127.30005852276213,8,1,1,0,data1015,baseline,50
370.3747313401677,143.60533488366158,9,2,1,0,data1015,baseline,50
380.4086184973338,158.63090216687388,10,1,1,0,data1015,baseline,50
600.4360138525342,166.5540484566218,12,2,1,0,data1015,baseline,50
630.4721488466223,179.45082184279502,13,3,1,0,data1015,baseline,50
660.5140631230408,192.73724926016118,14,3,1,0,data1015,baseline,50
700.5398484049726,203.7258629140531,15,4,1,0,data1015,baseline,50
730.5760352138839,217.91943435572304,16,3,1,0,data1015,baseline,50
831.4604550076464,655.6560176778813,17,10,1,0,data1015,baseline,50
851.5107246568425,680.086947183934,18,2,1,0,data1015,baseline,50
881.5473078875158,695.9598362480931,19,3,1,0,data1015,baseline,50
921.5867212587586,712.2475882017069,20,4,1,0,data1015,baseline,50
931.6210035164798,726.8753586228761,21,1,1,0,data1015,baseline,50
991.6339125340949,732.2815025463809,22,6,1,0,data1015,baseline,50
1042.467876856763,1144.4751715271218,23,5,1,0,data1015,baseline,50
1072.5039987078126,1159.776322576827,24,3,1,0,data1015,baseline,50
1102.567653332707,1187.0925331392534,25,3,1,0,data1015,baseline,50
1162.6026772427585,1201.1307283153478,26,6,1,0,data1015,baseline,50
1182.6435294525302,1217.6384650270159,27,2,1,0,data1015,baseline,50
1353.3099160165866,1549.9093164778321,28,17,1,0,data1015,baseline,50
1363.3306012653472,1559.0659262897345,29,1,1,0,data1015,baseline,50
1383.3810983812136,1579.7800403623096,30,2,1,0,data1015,baseline,50
1413.419903728113,1598.5397055257436,31,3,1,0,data1015,baseline,50
1444.1828747959107,1975.7005614468371,32,3,1,0,data1015,baseline,50
1454.214885303419,1986.1536241728634,33,1,1,0,data1015,baseline,50
1474.264841371784,2008.1675957275438,34,2,1,0,data1015,baseline,50
1494.2844362697326,2016.1583404135824,35,2,1,0,data1015,baseline,50
1534.3218645940678,2034.092625882584,36,4,1,0,data1015,baseline,50
1675.0322957780545,2385.9808462368455,37,14,1,0,data1015,baseline,50
1775.9985748892339,2866.019694857814,38,10,1,0,data1015,baseline,50
1786.0254229303653,2878.1882062098002,39,1,1,0,data1015,baseline,50
1796.0601662453603,2893.6864630352384,40,1,1,0,data1015,baseline,50
1886.089697096297,2906.1690847646573,41,9,1,0,data1015,baseline,50
1896.1083931949677,2913.415767609327,42,1,1,0,data1015,baseline,50
1916.13949493997,2928.758582483357,43,2,1,0,data1015,baseline,50
1926.162983093727,2938.447063914726,44,1,1,0,data1015,baseline,50
2086.201822980402,2955.815026067902,45,16,1,0,data1015,baseline,50
2106.2283445832513,2966.217904896733,46,2,1,0,data1015,baseline,50
2136.2778876287844,2988.967576921821,47,3,1,0,data1015,baseline,50
2146.3065721041203,3000.05131046014,48,1,1,0,data1015,baseline,50
2186.337703312032,3013.4410028791117,49,4,1,0,data1015,baseline,50
50.03529624907665,12.351198981164806,0,5,1,0,data1015,lya,50
110.10167379460624,27.836586727905008,2,1,1,0,data1015,lya,50
120.14614333767108,47.67981168056946,3,1,1,0,data1015,lya,50
130.1744437306523,59.16954621118269,4,1,1,0,data1015,lya,50
150.2057559476042,72.53123547819385,5,2,1,0,data1015,lya,50
160.23657475752836,85.57069471253305,6,1,1,0,data1015,lya,50
170.2554770966654,93.25311997187247,7,1,1,0,data1015,lya,50
180.29775189626488,109.73372135719535,8,1,1,0,data1015,lya,50
190.33959866583666,126.0389977180948,9,1,1,0,data1015,lya,50
210.37348582300274,141.0645650013071,10,2,1,0,data1015,lya,50
231.31027976266407,606.3567828318168,11,2,1,0,data1015,lya,50
271.33146561386417,614.2799291215647,12,4,1,0,data1015,lya,50
281.3676006079523,627.1767025077379,13,1,1,0,data1015,lya,50
291.4095148843708,640.463129925104,14,1,1,0,data1015,lya,50
321.4353001663027,651.4517435789959,15,3,1,0,data1015,lya,50
331.4714869752138,665.6453150206659,16,1,1,0,data1015,lya,50
391.5307032515283,690.0762445267185,18,1,1,0,data1015,lya,50
401.56728648220155,705.9491335908776,19,1,1,0,data1015,lya,50
411.60669985344447,722.2368855444914,20,1,1,0,data1015,lya,50
421.6409821111656,736.8646559656606,21,1,1,0,data1015,lya,50
441.6430788409336,736.8646559656606,22,2,0,1,data1015,lya,50
462.47704316360176,1149.0583249464014,23,2,1,0,data1015,lya,50
472.51316501465124,1164.3594759961065,24,1,1,0,data1015,lya,50
482.5768196395458,1191.675686558533,25,1,1,0,data1015,lya,50
492.6118435495973,1205.7138817346274,26,1,1,0,data1015,lya,50
502.65269575936895,1222.2216184462955,27,1,1,0,data1015,lya,50
523.3190823234253,1554.4924698971117,28,2,1,0,data1015,lya,50
543.3397675721857,1563.6490797090141,29,2,1,0,data1015,lya,50
563.3902646880521,1584.3631937815892,30,2,1,0,data1015,lya,50
573.4290700349516,1603.1228589450232,31,1,1,0,data1015,lya,50
633.4697298984153,1613.5759216710494,33,1,1,0,data1015,lya,50
643.5196859667805,1635.5898932257298,34,1,1,0,data1015,lya,50
683.5392808647289,1643.5806379117685,35,4,1,0,data1015,lya,50
713.576709189064,1661.51492338077,36,3,1,0,data1015,lya,50
744.2871403730509,2013.4031437350318,37,3,1,0,data1015,lya,50
775.2534194842301,2493.4419923560004,38,3,1,0,data1015,lya,50
785.2802675253614,2505.6105037079865,39,1,1,0,data1015,lya,50
815.3150108403564,2521.1087605334246,40,3,1,0,data1015,lya,50
875.338272546505,2528.355443378094,42,1,1,0,data1015,lya,50
885.3693742915075,2543.698258252124,43,1,1,0,data1015,lya,50
895.3928624452647,2553.3867396834935,44,1,1,0,data1015,lya,50
965.4234880104824,2563.7896185123245,46,2,1,0,data1015,lya,50
985.4730310560152,2586.5392905374124,47,2,1,0,data1015,lya,50
995.501715531351,2597.6230240757313,48,1,1,0,data1015,lya,50
1005.5328467392624,2611.012716494703,49,1,1,0,data1015,lya,50
10.027756810817527,12.351198981164806,0,1,1,0,data1016,baseline,50
40.0638990468283,29.917536146731585,1,3,1,0,data1016,baseline,50
50.10240728574291,45.40292389347179,2,1,1,0,data1016,baseline,50
70.14861620359834,65.24614884613624,3,2,1,0,data1016,baseline,50
100.18210923654746,76.73588337674947,4,3,1,0,data1016,baseline,50
210.21147189917383,90.09757264376063,5,11,1,0,data1016,baseline,50
220.24326114374395,103.13703187809983,6,1,1,0,data1016,baseline,50
340.2666447703927,110.81945713743924,7,12,1,0,data1016,baseline,50
350.3051539700895,127.30005852276213,8,1,1,0,data1016,baseline,50
370.34611745515883,143.60533488366158,9,2,1,0,data1016,baseline,50
380.382160390847,158.63090216687388,10,1,1,0,data1016,baseline,50
600.4225429577443,166.5540484566218,12,2,1,0,data1016,baseline,50
630.4612886643497,179.45082184279502,13,3,1,0,data1016,baseline,50
660.495094189647,192.73724926016118,14,3,1,0,data1016,baseline,50
700.5234441439322,203.7258629140531,15,4,1,0,data1016,baseline,50
730.5582754877515,217.91943435572304,16,3,1,0,data1016,baseline,50
831.4396200542868,655.6560176778813,17,10,1,0,data1016,baseline,50
851.4891243501323,680.086947183934,18,2,1,0,data1016,baseline,50
881.523053431066,695.9598362480931,19,3,1,0,data1016,baseline,50
921.5677006067931,712.2475882017069,20,4,1,0,data1016,baseline,50
931.6003267465351,726.8753586228761,21,1,1,0,data1016,baseline,50
991.6165246071912,732.2815025463809,22,6,1,0,data1016,baseline,50
1042.4441091018716,1144.4751715271218,23,5,1,0,data1016,baseline,50
1072.477318987928,1159.776322576827,24,3,1,0,data1016,baseline,50
1102.5371895100934,1187.0925331392534,25,3,1,0,data1016,baseline,50
1162.5682770654698,1201.1307283153478,26,6,1,0,data1016,baseline,50
1182.6104977429334,1217.6384650270159,27,2,1,0,data1016,baseline,50
1353.280822334111,1549.9093164778321,28,17,1,0,data1016,baseline,50
1363.3046677672885,1559.0659262897345,29,1,1,0,data1016,baseline,50
1383.3500112183092,1579.7800403623096,30,2,1,0,data1016,baseline,50
1413.388300648034,1598.5397055257436,31,3,1,0,data1016,baseline,50
1444.1447359355036,1975.7005614468371,32,3,1,0,data1016,baseline,50
1454.1681107423617,1986.1536241728634,33,1,1,0,data1016,baseline,50
1474.2143348216855,2008.1675957275438,34,2,1,0,data1016,baseline,50
1494.2343903691367,2016.1583404135824,35,2,1,0,data1016,baseline,50
1534.2780085943452,2034.092625882584,36,4,1,0,data1016,baseline,50
1674.9835512139405,2385.9808462368455,37,14,1,0,data1016,baseline,50
1775.9484723797273,2866.019694857814,38,10,1,0,data1016,baseline,50
1785.9796562386118,2878.1882062098002,39,1,1,0,data1016,baseline,50
1796.0162723141123,2893.6864630352384,40,1,1,0,data1016,baseline,50
1886.046845943287,2906.1690847646573,41,9,1,0,data1016,baseline,50
1896.0686337782145,2913.415767609327,42,1,1,0,data1016,baseline,50
1916.1010958815762,2928.758582483357,43,2,1,0,data1016,baseline,50
1926.1264531982722,2938.447063914726,44,1,1,0,data1016,baseline,50
2086.16759985593,2955.815026067902,45,16,1,0,data1016,baseline,50
2106.1911150807723,2966.217904896733,46,2,1,0,data1016,baseline,50
2136.2392639942295,2988.967576921821,47,3,1,0,data1016,baseline,50
2146.2638792294697,3000.05131046014,48,1,1,0,data1016,baseline,50
2186.2940261818703,3013.4410028791117,49,4,1,0,data1016,baseline,50
50.02775681081753,12.351198981164806,0,5,1,0,data1016,lya,50
110.06727461141179,27.836586727905008,2,1,1,0,data1016,lya,50
120.11348352926721,47.67981168056946,3,1,1,0,data1016,lya,50
130.14697656221634,59.16954621118269,4,1,1,0,data1016,lya,50
150.17633922484268,72.53123547819385,5,2,1,0,data1016,lya,50
160.2081284694128,85.57069471253305,6,1,1,0,data1016,lya,50
170.23151209606158,93.25311997187247,7,1,1,0,data1016,lya,50
180.27002129575837,109.73372135719535,8,1,1,0,data1016,lya,50
190.3109847808277,126.0389977180948,9,1,1,0,data1016,lya,50
210.3470277165159,141.0645650013071,10,2,1,0,data1016,lya,50
231.28599109239883,606.3567828318168,11,2,1,0,data1016,lya,50
271.3179947190743,614.2799291215647,12,4,1,0,data1016,lya,50
281.3567404256796,627.1767025077379,13,1,1,0,data1016,lya,50
291.3905459509769,640.463129925104,14,1,1,0,data1016,lya,50
321.4188959052622,651.4517435789959,15,3,1,0,data1016,lya,50
331.45372724908145,665.6453150206659,16,1,1,0,data1016,lya,50
391.50910294481804,690.0762445267185,18,1,1,0,data1016,lya,50
401.54303202575176,705.9491335908776,19,1,1,0,data1016,lya,50
411.5876792014788,722.2368855444914,20,1,1,0,data1016,lya,50
421.6203053412208,736.8646559656606,21,1,1,0,data1016,lya,50
441.6256909140299,736.8646559656606,22,2,0,1,data1016,lya,50
462.4532754087102,1149.0583249464014,23,2,1,0,data1016,lya,50
472.48648529476657,1164.3594759961065,24,1,1,0,data1016,lya,50
482.5463558169321,1191.675686558533,25,1,1,0,data1016,lya,50
492.5774433723084,1205.7138817346274,26,1,1,0,data1016,lya,50
502.619664049772,1222.2216184462955,27,1,1,0,data1016,lya,50
523.2899886409496,1554.4924698971117,28,2,1,0,data1016,lya,50
543.3138340741269,1563.6490797090141,29,2,1,0,data1016,lya,50
563.3591775251476,1584.3631937815892,30,2,1,0,data1016,lya,50
573.3974669548722,1603.1228589450232,31,1,1,0,data1016,lya,50
633.4229553373578,1613.5759216710494,33,1,1,0,data1016,lya,50
643.4691794166816,1635.5898932257298,34,1,1,0,data1016,lya,50
683.4892349641328,1643.5806379117685,35,4,1,0,data1016,lya,50
713.5328531893413,1661.51492338077,36,3,1,0,data1016,lya,50
744.2383958089366,2013.4031437350318,37,3,1,0,data1016,lya,50
775.2033169747234,2493.4419923560004,38,3,1,0,data1016,lya,50
785.2345008336079,2505.6105037079865,39,1,1,0,data1016,lya,50
815.2711169091082,2521.1087605334246,40,3,1,0,data1016,lya,50
875.2985131297517,2528.355443378094,42,1,1,0,data1016,lya,50
885.3309752331133,2543.698258252124,43,1,1,0,data1016,lya,50
895.3563325498095,2553.3867396834935,44,1,1,0,data1016,lya,50
965.386258508003,2563.7896185123245,46,2,1,0,data1016,lya,50
985.4344074214603,2586.5392905374124,47,2,1,0,data1016,lya,50
995.4590226567004,2597.6230240757313,48,1,1,0,data1016,lya,50
1005.4891696091012,2611.012716494703,49,1,1,0,data1016,lya,50
10.028424194368972,12.351198981164806,0,1,1,0,data1017,baseline,50
40.06741371846708,29.917536146731585,1,3,1,0,data1017,baseline,50
50.10952591542283,45.40292389347179,2,1,1,0,data1017,baseline,50
70.15639292294578,65.24614884613624,3,2,1,0,data1017,baseline,50
100.18560073988827,76.73588337674947,4,3,1,0,data1017,baseline,50
210.2256448751585,90.09757264376063,5,11,1,0,data1017,baseline,50
220.25637372713746,103.13703187809983,6,1,1,0,data1017,baseline,50
340.27450308262854,110.81945713743924,7,12,1,0,data1017,baseline,50
350.3183618514753,127.30005852276213,8,1,1,0,data1017,baseline,50
370.3538225000117,143.60533488366158,9,2,1,0,data1017,baseline,50
380.3969116660986,158.63090216687388,10,1,1,0,data1017,baseline,50
600.4208725136397,166.5540484566218,12,2,1,0,data1017,baseline,50
630.4490899261518,179.45082184279502,13,3,1,0,data1017,baseline,50
660.4812754797047,192.73724926016118,14,3,1,0,data1017,baseline,50
700.5087182345836,203.7258629140531,15,4,1,0,data1017,baseline,50
730.540371324577,217.91943435572304,16,3,1,0,data1017,baseline,50
831.4198955389586,655.6560176778813,17,10,1,0,data1017,baseline,50
851.4814558285691,680.086947183934,18,2,1,0,data1017,baseline,50
881.5214843597194,695.9598362480931,19,3,1,0,data1017,baseline,50
921.5625522886456,712.2475882017069,20,4,1,0,data1017,baseline,50
931.5963668343478,726.8753586228761,21,1,1,0,data1017,baseline,50
991.6122385821277,732.2815025463809,22,6,1,0,data1017,baseline,50
1042.4421162673607,1144.4751715271218,23,5,1,0,data1017,baseline,50
1072.4788758322206,1159.776322576827,24,3,1,0,data1017,baseline,50
1102.5352336797746,1187.0925331392534,25,3,1,0,data1017,baseline,50
1162.5687290543933,1201.1307283153478,26,6,1,0,data1017,baseline,50
1182.6042370630346,1217.6384650270159,27,2,1,0,data1017,baseline,50
1353.2745058096627,1549.9093164778321,28,17,1,0,data1017,baseline,50
1363.298485635174,1559.0659262897345,29,1,1,0,data1017,baseline,50
1383.346563799974,1579.7800403623096,30,2,1,0,data1017,baseline,50
1413.3847586130692,1598.5397055257436,31,3,1,0,data1017,baseline,50
1444.1422266448114,1975.7005614468371,32,3,1,0,data1017,baseline,50
1454.1816240443586,1986.1536241728634,33,1,1,0,data1017,baseline,50
1474.2335731973267,2008.1675957275438,34,2,1,0,data1017,baseline,50
1494.2526674717383,2016.1583404135824,35,2,1,0,data1017,baseline,50
1534.292984101569,2034.092625882584,36,4,1,0,data1017,baseline,50
1674.9980685871467,2385.9808462368455,37,14,1,0,data1017,baseline,50
1775.9605365908722,2866.019694857814,38,10,1,0,data1017,baseline,50
1785.9872678421784,2878.1882062098002,39,1,1,0,data1017,baseline,50
1796.0225132376368,2893.6864630352384,40,1,1,0,data1017,baseline,50
1886.0546960815218,2906.1690847646573,41,9,1,0,data1017,baseline,50
1896.0752722439265,2913.415767609327,42,1,1,0,data1017,baseline,50
1916.1063421717001,2928.758582483357,43,2,1,0,data1017,baseline,50
1926.1381256768905,2938.447063914726,44,1,1,0,data1017,baseline,50
2086.1778415243957,2955.815026067902,45,16,1,0,data1017,baseline,50
2106.207203637348,2966.217904896733,46,2,1,0,data1017,baseline,50
2136.2581220219326,2988.967576921821,47,3,1,0,data1017,baseline,50
2146.2827142127644,3000.05131046014,48,1,1,0,data1017,baseline,50
2186.3168328870047,3013.4410028791117,49,4,1,0,data1017,baseline,50
50.028424194368974,12.351198981164806,0,5,1,0,data1017,lya,50
110.0743932410917,27.836586727905008,2,1,1,0,data1017,lya,50
120.12126024861465,47.67981168056946,3,1,1,0,data1017,lya,50
130.15046806555713,59.16954621118269,4,1,1,0,data1017,lya,50
150.19051220082736,72.53123547819385,5,2,1,0,data1017,lya,50
160.2212410528063,85.57069471253305,6,1,1,0,data1017,lya,50
170.23937040829742,93.25311997187247,7,1,1,0,data1017,lya,50
180.28322917714414,109.73372135719535,8,1,1,0,data1017,lya,50
190.31868982568054,126.0389977180948,9,1,1,0,data1017,lya,50
210.3617789917675,141.0645650013071,10,2,1,0,data1017,lya,50
231.2953499868838,606.3567828318168,11,2,1,0,data1017,lya,50
271.3163242749696,614.2799291215647,12,4,1,0,data1017,lya,50
281.3445416874818,627.1767025077379,13,1,1,0,data1017,lya,50
291.37672724103464,640.463129925104,14,1,1,0,data1017,lya,50
321.4041699959137,651.4517435789959,15,3,1,0,data1017,lya,50
331.435823085907,665.6453150206659,16,1,1,0,data1017,lya,50
391.5014344232549,690.0762445267185,18,1,1,0,data1017,lya,50
401.5414629544052,705.9491335908776,19,1,1,0,data1017,lya,50
411.5825308833315,722.2368855444914,20,1,1,0,data1017,lya,50
421.61634542903374,736.8646559656606,21,1,1,0,data1017,lya,50
441.62140488896665,736.8646559656606,22,2,0,1,data1017,lya,50
462.4512825741997,1149.0583249464014,23,2,1,0,data1017,lya,50
472.48804213905964,1164.3594759961065,24,1,1,0,data1017,lya,50
482.54439998661366,1191.675686558533,25,1,1,0,data1017,lya,50
492.57789536123227,1205.7138817346274,26,1,1,0,data1017,lya,50
502.61340336987354,1222.2216184462955,27,1,1,0,data1017,lya,50
523.2836721165016,1554.4924698971117,28,2,1,0,data1017,lya,50
543.3076519420127,1563.6490797090141,29,2,1,0,data1017,lya,50
563.3557301068126,1584.3631937815892,30,2,1,0,data1017,lya,50
573.3939249199076,1603.1228589450232,31,1,1,0,data1017,lya,50
633.4364686393546,1613.5759216710494,33,1,1,0,data1017,lya,50
643.4884177923226,1635.5898932257298,34,1,1,0,data1017,lya,50
683.5075120667342,1643.5806379117685,35,4,1,0,data1017,lya,50
713.5478286965648,1661.51492338077,36,3,1,0,data1017,lya,50
744.2529131821426,2013.4031437350318,37,3,1,0,data1017,lya,50
775.215381185868,2493.4419923560004,38,3,1,0,data1017,lya,50
785.2421124371742,2505.6105037079865,39,1,1,0,data1017,lya,50
815.2773578326323,2521.1087605334246,40,3,1,0,data1017,lya,50
875.3051515954631,2528.355443378094,42,1,1,0,data1017,lya,50
885.3362215232369,2543.698258252124,43,1,1,0,data1017,lya,50
895.3680050284274,2553.3867396834935,44,1,1,0,data1017,lya,50
965.4023470645782,2563.7896185123245,46,2,1,0,data1017,lya,50
985.4532654491627,2586.5392905374124,47,2,1,0,data1017,lya,50
995.4778576399948,2597.6230240757313,48,1,1,0,data1017,lya,50
1005.5119763142352,2611.012716494703,49,1,1,0,data1017,lya,50
10.027009169788931,12.351198981164806,0,1,1,0,data1018,baseline,50
40.06447148435517,29.917536146731585,1,3,1,0,data1018,baseline,50
50.11043257156022,45.40292389347179,2,1,1,0,data1018,baseline,50
70.15326203409239,65.24614884613624,3,2,1,0,data1018,baseline,50
100.1788724195358,76.73588337674947,4,3,1,0,data1018,baseline,50
210.2073238131768,90.09757264376063,5,11,1,0,data1018,baseline,50
220.23850749699267,103.13703187809983,6,1,1,0,data1018,baseline,50
340.25865155103935,110.81945713743924,7,12,1,0,data1018,baseline,50
350.2991267537052,127.30005852276213,8,1,1,0,data1018,baseline,50
370.33755101048075,143.60533488366158,9,2,1,0,data1018,baseline,50
380.3747191119884,158.63090216687388,10,1,1,0,data1018,baseline,50
600.401858282034,166.5540484566218,12,2,1,0,data1018,baseline,50
630.4326269199659,179.45082184279502,13,3,1,0,data1018,baseline,50
660.4620147283406,192.73724926016118,14,3,1,0,data1018,baseline,50
700.4881234112574,203.7258629140531,15,4,1,0,data1018,baseline,50
730.5228712387197,217.91943435572304,16,3,1,0,data1018,baseline,50
831.4059824521734,655.6560176778813,17,10,1,0,data1018,baseline,50
851.4615174021793,680.086947183934,18,2,1,0,data1018,baseline,50
881.5020006506348,695.9598362480931,19,3,1,0,data1018,baseline,50
921.5361178419942,712.2475882017069,20,4,1,0,data1018,baseline,50
931.5680311365332,726.8753586228761,21,1,1,0,data1018,baseline,50
991.5844755774776,732.2815025463809,22,6,1,0,data1018,baseline,50
1042.4138314223528,1144.4751715271218,23,5,1,0,data1018,baseline,50
1072.4489774893518,1159.776322576827,24,3,1,0,data1018,baseline,50
1102.5050926686372,1187.0925331392534,25,3,1,0,data1018,baseline,50
1162.539393517771,1201.1307283153478,26,6,1,0,data1018,baseline,50
1182.582799105635,1217.6384650270159,27,2,1,0,data1018,baseline,50
1353.24994534314,1549.9093164778321,28,17,1,0,data1018,baseline,50
1363.2731890617513,1559.0659262897345,29,1,1,0,data1018,baseline,50
1383.3218531673008,1579.7800403623096,30,2,1,0,data1018,baseline,50
1413.3666400798006,1598.5397055257436,31,3,1,0,data1018,baseline,50
1444.1253262599419,1975.7005614468371,32,3,1,0,data1018,baseline,50
1454.1550360732865,1986.1536241728634,33,1,1,0,data1018,baseline,50
1474.2046708567404,2008.1675957275438,34,2,1,0,data1018,baseline,50
1494.2250917481715,2016.1583404135824,35,2,1,0,data1018,baseline,50
1534.2640085484202,2034.092625882584,36,4,1,0,data1018,baseline,50
1674.9703806677383,2385.9808462368455,37,14,1,0,data1018,baseline,50
1775.9471545465865,2866.019694857814,38,10,1,0,data1018,baseline,50
1785.9722215379543,2878.1882062098002,39,1,1,0,data1018,baseline,50
1796.0068154937858,2893.6864630352384,40,1,1,0,data1018,baseline,50
1886.039111656415,2906.1690847646573,41,9,1,0,data1018,baseline,50
1896.0668941641782,2913.415767609327,42,1,1,0,data1018,baseline,50
1916.1014772225124,2928.758582483357,43,2,1,0,data1018,baseline,50
1926.1255576967476,2938.447063914726,44,1,1,0,data1018,baseline,50
2086.1666158426306,2955.815026067902,45,16,1,0,data1018,baseline,50
2106.1907406813516,2966.217904896733,46,2,1,0,data1018,baseline,50
2136.2427122906815,2988.967576921821,47,3,1,0,data1018,baseline,50
2146.2816538114007,3000.05131046014,48,1,1,0,data1018,baseline,50
2186.3101066030517,3013.4410028791117,49,4,1,0,data1018,baseline,50
50.02700916978893,12.351198981164806,0,5,1,0,data1018,lya,50
110.07529989722909,27.836586727905008,2,1,1,0,data1018,lya,50
120.11812935976127,47.67981168056946,3,1,1,0,data1018,lya,50
130.14373974520467,59.16954621118269,4,1,1,0,data1018,lya,50
150.1721911388457,72.53123547819385,5,2,1,0,data1018,lya,50
160.20337482266157,85.57069471253305,6,1,1,0,data1018,lya,50
170.22351887670828,93.25311997187247,7,1,1,0,data1018,lya,50
180.26399407937413,109.73372135719535,8,1,1,0,data1018,lya,50
190.3024183361497,126.0389977180948,9,1,1,0,data1018,lya,50
210.33958643765737,141.0645650013071,10,2,1,0,data1018,lya,50
231.2744456872816,606.3567828318168,11,2,1,0,data1018,lya,50
271.2973100433641,614.2799291215647,12,4,1,0,data1018,lya,50
281.3280786812959,627.1767025077379,13,1,1,0,data1018,lya,50
291.3574664896707,640.463129925104,14,1,1,0,data1018,lya,50
321.3835751725876,651.4517435789959,15,3,1,0,data1018,lya,50
331.41832300004984,665.6453150206659,16,1,1,0,data1018,lya,50
391.48149599686525,690.0762445267185,18,1,1,0,data1018,lya,50
401.52197924532084,705.9491335908776,19,1,1,0,data1018,lya,50
411.5560964366802,722.2368855444914,20,1,1,0,data1018,lya,50
421.58800973121924,736.8646559656606,21,1,1,0,data1018,lya,50
441.59364188431664,736.8646559656606,22,2,0,1,data1018,lya,50
462.42299772919193,1149.0583249464014,23,2,1,0,data1018,lya,50
472.4581437961909,1164.3594759961065,24,1,1,0,data1018,lya,50
482.5142589754762,1191.675686558533,25,1,1,0,data1018,lya,50
492.54855982461004,1205.7138817346274,26,1,1,0,data1018,lya,50
502.59196541247417,1222.2216184462955,27,1,1,0,data1018,lya,50
523.2591116499791,1554.4924698971117,28,2,1,0,data1018,lya,50
543.2823553685901,1563.6490797090141,29,2,1,0,data1018,lya,50
563.3310194741395,1584.3631937815892,30,2,1,0,data1018,lya,50
573.3758063866394,1603.1228589450232,31,1,1,0,data1018,lya,50
633.4098806682831,1613.5759216710494,33,1,1,0,data1018,lya,50
643.459515451737,1635.5898932257298,34,1,1,0,data1018,lya,50
683.4799363431682,1643.5806379117685,35,4,1,0,data1018,lya,50
713.5188531434168,1661.51492338077,36,3,1,0,data1018,lya,50
744.2252252627351,2013.4031437350318,37,3,1,0,data1018,lya,50
775.2019991415831,2493.4419923560004,38,3,1,0,data1018,lya,50
785.2270661329508,2505.6105037079865,39,1,1,0,data1018,lya,50
815.2616600887822,2521.1087605334246,40,3,1,0,data1018,lya,50
875.2967735157156,2528.355443378094,42,1,1,0,data1018,lya,50
885.3313565740499,2543.698258252124,43,1,1,0,data1018,lya,50
895.3554370482854,2553.3867396834935,44,1,1,0,data1018,lya,50
965.3858841085824,2563.7896185123245,46,2,1,0,data1018,lya,50
985.4378557179125,2586.5392905374124,47,2,1,0,data1018,lya,50
995.4767972386317,2597.6230240757313,48,1,1,0,data1018,lya,50
1005.5052500302828,2611.012716494703,49,1,1,0,data1018,lya,50
10.027268415328795,12.351198981164806,0,1,1,0,data1019,baseline,50
40.06951933622071,29.917536146731585,1,3,1,0,data1019,baseline,50
50.111447746115026,45.40292389347179,2,1,1,0,data1019,baseline,50
70.15593080590469,65.24614884613624,3,2,1,0,data1019,baseline,50
100.18302684227042,76.73588337674947,4,3,1,0,data1019,baseline,50
210.21377571376215,90.09757264376063,5,11,1,0,data1019,baseline,50
220.24248800735222,103.13703187809983,6,1,1,0,data1019,baseline,50
340.2655802532137,110.81945713743924,7,12,1,0,data1019,baseline,50
350.30589053385376,127.30005852276213,8,1,1,0,data1019,baseline,50
370.34400614617243,143.60533488366158,9,2,1,0,data1019,baseline,50
380.37802836549304,158.63090216687388,10,1,1,0,data1019,baseline,50
600.4132727251108,166.5540484566218,12,2,1,0,data1019,baseline,50
630.4439722429389,179.45082184279502,13,3,1,0,data1019,baseline,50
660.4781705093725,192.73724926016118,14,3,1,0,data1019,baseline,50
700.5046141804046,203.7258629140531,15,4,1,0,data1019,baseline,50
730.5418548947551,217.91943435572304,16,3,1,0,data1019,baseline,50
831.426078696725,655.6560176778813,17,10,1,0,data1019,baseline,50
851.4857990441689,680.086947183934,18,2,1,0,data1019,baseline,50
881.5264302160602,695.9598362480931,19,3,1,0,data1019,baseline,50
921.5646259631066,712.2475882017069,20,4,1,0,data1019,baseline,50
931.6008802651221,726.8753586228761,21,1,1,0,data1019,baseline,50
991.6158473010848,732.2815025463809,22,6,1,0,data1019,baseline,50
1042.447373510019,1144.4751715271218,23,5,1,0,data1019,baseline,50
1072.4833314491152,1159.776322576827,24,3,1,0,data1019,baseline,50
1102.5411166165136,1187.0925331392534,25,3,1,0,data1019,baseline,50
1162.5729377649905,1201.1307283153478,26,6,1,0,data1019,baseline,50
1182.6081184053548,1217.6384650270159,27,2,1,0,data1019,baseline,50
1353.2801145257417,1549.9093164778321,28,17,1,0,data1019,baseline,50
1363.3093808255167,1559.0659262897345,29,1,1,0,data1019,baseline,50
1383.3579227566856,1579.7800403623096,30,2,1,0,data1019,baseline,50
1413.3987043391196,1598.5397055257436,31,3,1,0,data1019,baseline,50
1444.1568484005227,1975.7005614468371,32,3,1,0,data1019,baseline,50
1454.1849734287919,1986.1536241728634,33,1,1,0,data1019,baseline,50
1474.2332502256036,2008.1675957275438,34,2,1,0,data1019,baseline,50
1494.2541224692125,2016.1583404135824,35,2,1,0,data1019,baseline,50
1534.3021051438998,2034.092625882584,36,4,1,0,data1019,baseline,50
1675.0068210835718,2385.9808462368455,37,14,1,0,data1019,baseline,50
1775.9794543174596,2866.019694857814,38,10,1,0,data1019,baseline,50
1786.006772923215,2878.1882062098002,39,1,1,0,data1019,baseline,50
1796.040325003972,2893.6864630352384,40,1,1,0,data1019,baseline,50
1886.0711340156504,2906.1690847646573,41,9,1,0,data1019,baseline,50
1896.09888651921,2913.415767609327,42,1,1,0,data1019,baseline,50
1916.1358731249763,2928.758582483357,43,2,1,0,data1019,baseline,50
1926.1597318772606,2938.447063914726,44,1,1,0,data1019,baseline,50
2086.1988558604285,2955.815026067902,45,16,1,0,data1019,baseline,50
2106.2272982882746,2966.217904896733,46,2,1,0,data1019,baseline,50
2136.273418600299,2988.967576921821,47,3,1,0,data1019,baseline,50
2146.297660053408,3000.05131046014,48,1,1,0,data1019,baseline,50
2186.330318666209,3013.4410028791117,49,4,1,0,data1019,baseline,50
50.02726841532879,12.351198981164806,0,5,1,0,data1019,lya,50
110.0763150717839,27.836586727905008,2,1,1,0,data1019,lya,50
120.12079813157357,47.67981168056946,3,1,1,0,data1019,lya,50
130.14789416793928,59.16954621118269,4,1,1,0,data1019,lya,50
150.17864303943102,72.53123547819385,5,2,1,0,data1019,lya,50
160.2073553330211,85.57069471253305,6,1,1,0,data1019,lya,50
170.23044757888266,93.25311997187247,7,1,1,0,data1019,lya,50
180.2707578595227,109.73372135719535,8,1,1,0,data1019,lya,50
190.30887347184134,126.0389977180948,9,1,1,0,data1019,lya,50
210.34289569116197,141.0645650013071,10,2,1,0,data1019,lya,50
231.28210916947904,606.3567828318168,11,2,1,0,data1019,lya,50
271.3087244864408,614.2799291215647,12,4,1,0,data1019,lya,50
281.3394240042689,627.1767025077379,13,1,1,0,data1019,lya,50
291.3736222707025,640.463129925104,14,1,1,0,data1019,lya,50
321.4000659417346,651.4517435789959,15,3,1,0,data1019,lya,50
331.4373066560852,665.6453150206659,16,1,1,0,data1019,lya,50
391.5057776388547,690.0762445267185,18,1,1,0,data1019,lya,50
401.5464088107461,705.9491335908776,19,1,1,0,data1019,lya,50
411.58460455779243,722.2368855444914,20,1,1,0,data1019,lya,50
421.620858859808,736.8646559656606,21,1,1,0,data1019,lya,50
441.6250136079237,736.8646559656606,22,2,0,1,data1019,lya,50
462.4565398168577,1149.0583249464014,23,2,1,0,data1019,lya,50
472.492497755954,1164.3594759961065,24,1,1,0,data1019,lya,50
482.5502829233523,1191.675686558533,25,1,1,0,data1019,lya,50
492.5821040718292,1205.7138817346274,26,1,1,0,data1019,lya,50
502.61728471219357,1222.2216184462955,27,1,1,0,data1019,lya,50
523.2892808325804,1554.4924698971117,28,2,1,0,data1019,lya,50
543.3185471323551,1563.6490797090141,29,2,1,0,data1019,lya,50
563.3670890635242,1584.3631937815892,30,2,1,0,data1019,lya,50
573.4078706459582,1603.1228589450232,31,1,1,0,data1019,lya,50
633.4398180237882,1613.5759216710494,33,1,1,0,data1019,lya,50
643.4880948206,1635.5898932257298,34,1,1,0,data1019,lya,50
683.508967064209,1643.5806379117685,35,4,1,0,data1019,lya,50
713.5569497388963,1661.51492338077,36,3,1,0,data1019,lya,50
744.2616656785684,2013.4031437350318,37,3,1,0,data1019,lya,50
775.2342989124562,2493.4419923560004,38,3,1,0,data1019,lya,50
785.2616175182117,2505.6105037079865,39,1,1,0,data1019,lya,50
815.2951695989684,2521.1087605334246,40,3,1,0,data1019,lya,50
875.3287658707477,2528.355443378094,42,1,1,0,data1019,lya,50
885.365752476514,2543.698258252124,43,1,1,0,data1019,lya,50
895.3896112287985,2553.3867396834935,44,1,1,0,data1019,lya,50
965.4224417155056,2563.7896185123245,46,2,1,0,data1019,lya,50
985.46856202753,2586.5392905374124,47,2,1,0,data1019,lya,50
995.492803480639,2597.6230240757313,48,1,1,0,data1019,lya,50
1005.5254620934401,2611.012716494703,49,1,1,0,data1019,lya,50
10.029545418007972,12.351198981164806,0,1,1,0,data1020,baseline,50
40.0657481668038,29.917536146731585,1,3,1,0,data1020,baseline,50
50.10433991721129,45.40292389347179,2,1,1,0,data1020,baseline,50
70.14635347558047,65.24614884613624,3,2,1,0,data1020,baseline,50
100.17198076846562,76.73588337674947,4,3,1,0,data1020,baseline,50
210.20396155599315,90.09757264376063,5,11,1,0,data1020,baseline,50
220.23633834340873,103.13703187809983,6,1,1,0,data1020,baseline,50
340.2534697003136,110.81945713743924,7,12,1,0,data1020,baseline,50
350.298590089452,127.30005852276213,8,1,1,0,data1020,baseline,50
370.3357460936409,143.60533488366158,9,2,1,0,data1020,baseline,50
380.37212728388107,158.63090216687388,10,1,1,0,data1020,baseline,50
600.3999128719773,166.5540484566218,12,2,1,0,data1020,baseline,50
630.4317982829424,179.45082184279502,13,3,1,0,data1020,baseline,50
660.4660126664895,192.73724926016118,14,3,1,0,data1020,baseline,50
700.4897662541464,203.7258629140531,15,4,1,0,data1020,baseline,50
730.5201539416881,217.91943435572304,16,3,1,0,data1020,baseline,50
831.399798112116,655.6560176778813,17,10,1,0,data1020,baseline,50
851.4534321603303,680.086947183934,18,2,1,0,data1020,baseline,50
881.4877437089706,695.9598362480931,19,3,1,0,data1020,baseline,50
921.5258708342684,712.2475882017069,20,4,1,0,data1020,baseline,50
931.558697867498,726.8753586228761,21,1,1,0,data1020,baseline,50
991.5746220871621,732.2815025463809,22,6,1,0,data1020,baseline,50
1042.4087978368198,1144.4751715271218,23,5,1,0,data1020,baseline,50
1072.445906412684,1159.776322576827,24,3,1,0,data1020,baseline,50
1102.5046950278459,1187.0925331392534,25,3,1,0,data1020,baseline,50
1162.5354740415578,1201.1307283153478,26,6,1,0,data1020,baseline,50
1182.5767760386293,1217.6384650270159,27,2,1,0,data1020,baseline,50
1353.2516011637556,1549.9093164778321,28,17,1,0,data1020,baseline,50
1363.2761713674583,1559.0659262897345,29,1,1,0,data1020,baseline,50
1383.3201871571994,1579.7800403623096,30,2,1,0,data1020,baseline,50
1413.3604212572923,1598.5397055257436,31,3,1,0,data1020,baseline,50
1444.1206937062318,1975.7005614468371,32,3,1,0,data1020,baseline,50
1454.1446734580554,1986.1536241728634,33,1,1,0,data1020,baseline,50
1474.1966059853212,2008.1675957275438,34,2,1,0,data1020,baseline,50
1494.2145727097625,2016.1583404135824,35,2,1,0,data1020,baseline,50
1534.2576610036792,2034.092625882584,36,4,1,0,data1020,baseline,50
1674.9737849012843,2385.9808462368455,37,14,1,0,data1020,baseline,50
1775.9398253627824,2866.019694857814,38,10,1,0,data1020,baseline,50
1785.9655074714835,2878.1882062098002,39,1,1,0,data1020,baseline,50
1796.0049929149236,2893.6864630352384,40,1,1,0,data1020,baseline,50
1886.0315753257964,2906.1690847646573,41,9,1,0,data1020,baseline,50
1896.04953358321,2913.415767609327,42,1,1,0,data1020,baseline,50
1916.0824686751748,2928.758582483357,43,2,1,0,data1020,baseline,50
1926.105481849082,2938.447063914726,44,1,1,0,data1020,baseline,50
2086.151605930097,2955.815026067902,45,16,1,0,data1020,baseline,50
2106.177509045061,2966.217904896733,46,2,1,0,data1020,baseline,50
2136.2347648583504,2988.967576921821,47,3,1,0,data1020,baseline,50
2146.264138750204,3000.05131046014,48,1,1,0,data1020,baseline,50
2186.2939242734824,3013.4410028791117,49,4,1,0,data1020,baseline,50
50.02954541800797,12.351198981164806,0,5,1,0,data1020,lya,50
110.06920724288017,27.836586727905008,2,1,1,0,data1020,lya,50
120.11122080124935,47.67981168056946,3,1,1,0,data1020,lya,50
130.1368480941345,59.16954621118269,4,1,1,0,data1020,lya,50
150.16882888166205,72.53123547819385,5,2,1,0,data1020,lya,50
160.20120566907764,85.57069471253305,6,1,1,0,data1020,lya,50
170.21833702598252,93.25311997187247,7,1,1,0,data1020,lya,50
180.26345741512088,109.73372135719535,8,1,1,0,data1020,lya,50
190.3006134193098,126.0389977180948,9,1,1,0,data1020,lya,50
210.33699460954995,141.0645650013071,10,2,1,0,data1020,lya,50
231.2738291720275,606.3567828318168,11,2,1,0,data1020,lya,50
271.29536463330726,614.2799291215647,12,4,1,0,data1020,lya,50
281.3272500442723,627.1767025077379,13,1,1,0,data1020,lya,50
291.36146442781944,640.463129925104,14,1,1,0,data1020,lya,50
321.38521801547637,651.4517435789959,15,3,1,0,data1020,lya,50
331.41560570301806,665.6453150206659,16,1,1,0,data1020,lya,50
391.473410755016,690.0762445267185,18,1,1,0,data1020,lya,50
401.5077223036563,705.9491335908776,19,1,1,0,data1020,lya,50
411.54584942895417,722.2368855444914,20,1,1,0,data1020,lya,50
421.57867646218375,736.8646559656606,21,1,1,0,data1020,lya,50
441.5837883940008,736.8646559656606,22,2,0,1,data1020,lya,50
462.41796414365825,1149.0583249464014,23,2,1,0,data1020,lya,50
472.45507271952243,1164.3594759961065,24,1,1,0,data1020,lya,50
482.5138613346842,1191.675686558533,25,1,1,0,data1020,lya,50
492.5446403483962,1205.7138817346274,26,1,1,0,data1020,lya,50
502.58594234546774,1222.2216184462955,27,1,1,0,data1020,lya,50
523.260767470594,1554.4924698971117,28,2,1,0,data1020,lya,50
543.2853376742967,1563.6490797090141,29,2,1,0,data1020,lya,50
563.3293534640377,1584.3631937815892,30,2,1,0,data1020,lya,50
573.3695875641306,1603.1228589450232,31,1,1,0,data1020,lya,50
633.3995180530516,1613.5759216710494,33,1,1,0,data1020,lya,50
643.4514505803172,1635.5898932257298,34,1,1,0,data1020,lya,50
683.4694173047585,1643.5806379117685,35,4,1,0,data1020,lya,50
713.5125055986753,1661.51492338077,36,3,1,0,data1020,lya,50
744.2286294962804,2013.4031437350318,37,3,1,0,data1020,lya,50
775.1946699577783,2493.4419923560004,38,3,1,0,data1020,lya,50
785.2203520664796,2505.6105037079865,39,1,1,0,data1020,lya,50
815.2598375099195,2521.1087605334246,40,3,1,0,data1020,lya,50
875.2794129347469,2528.355443378094,42,1,1,0,data1020,lya,50
885.3123480267118,2543.698258252124,43,1,1,0,data1020,lya,50
895.3353612006191,2553.3867396834935,44,1,1,0,data1020,lya,50
965.3726524722914,2563.7896185123245,46,2,1,0,data1020,lya,50
985.4299082855805,2586.5392905374124,47,2,1,0,data1020,lya,50
995.459282177434,2597.6230240757313,48,1,1,0,data1020,lya,50
1005.4890677007123,2611.012716494703,49,1,1,0,data1020,lya,50
10.034758426666649,16.68199381893126,0,1,1,0,data31,baseline,100
20.066697977609394,31.935142873507093,1,1,1,0,data31,baseline,100
40.095476444556596,45.84785798898697,2,2,1,0,data31,baseline,100
50.126554751483816,58.471571246984595,3,1,1,0,data31,baseline,100
100.1543813308531,70.42470436756253,4,5,1,0,data31,baseline,100
120.19096124425614,81.35709888276241,5,2,1,0,data31,baseline,100
130.20253806747547,86.35709888276241,6,1,1,0,data31,baseline,100
140.2368391870288,100.01700712354805,7,1,1,0,data31,baseline,100
210.28370735948448,120.49865607125349,8,7,1,0,data31,baseline,100
340.3145351885908,133.8216009508993,9,13,1,0,data31,baseline,100
350.3542643970788,151.9971637054092,10,1,1,0,data31,baseline,100
370.3756101595592,161.5961593552068,11,2,1,0,data31,baseline,100
600.4040786894082,172.84235013986842,13,3,1,0,data31,baseline,100
660.4333647033642,182.71485079126762,14,6,1,0,data31,baseline,100
700.4534820887613,191.79965273459237,15,4,1,0,data31,baseline,100
730.4923890231612,209.04852292703603,16,3,1,0,data31,baseline,100
750.5427338984422,232.94314464646584,17,2,1,0,data31,baseline,100
780.5713331578779,244.60842777168327,18,3,1,0,data31,baseline,100
800.5894451507646,251.14933649043175,19,2,1,0,data31,baseline,100
830.6291797859662,269.43332314625167,20,3,1,0,data31,baseline,100
850.6497628502815,277.2538190493815,21,2,1,0,data31,baseline,100
880.6721153187034,286.3374909421094,22,3,1,0,data31,baseline,100
920.7089847088206,303.81246921306786,23,4,1,0,data31,baseline,100
930.739649521984,317.98592114030004,24,1,1,0,data31,baseline,100
990.7718997751897,329.55004526363746,25,6,1,0,data31,baseline,100
1041.287519998908,586.1864372528203,26,5,1,0,data31,baseline,100
1251.3435023816228,610.6341755334532,28,1,1,0,data31,baseline,100
1291.371280402226,622.2551518623462,29,4,1,0,data31,baseline,100
1321.3983636358773,632.6880891757341,30,3,1,0,data31,baseline,100
1351.4313764632468,645.4129233057963,31,3,1,0,data31,baseline,100
1361.4604874554773,658.3491152398458,32,1,1,0,data31,baseline,100
1442.2642477069526,1059.3208359657037,33,8,1,0,data31,baseline,100
1452.2768451367583,1064.3631470330467,34,1,1,0,data31,baseline,100
1472.3157874035987,1081.4932763672168,35,2,1,0,data31,baseline,100
1492.3434440292951,1093.786849159017,36,2,1,0,data31,baseline,100
1532.3827957755298,1112.670964181145,37,4,1,0,data31,baseline,100
1562.419840554787,1127.43274562536,38,3,1,0,data31,baseline,100
1572.4575836192093,1145.0262179139488,39,1,1,0,data31,baseline,100
1662.4852523915777,1158.0692088535397,40,9,1,0,data31,baseline,100
1672.5215401809048,1175.2593218406482,41,1,1,0,data31,baseline,100
1773.2591862077197,1542.6260936189447,42,10,1,0,data31,baseline,100
1983.295731205787,1557.090121243139,44,1,1,0,data31,baseline,100
2003.3237408249001,1569.6590348143734,45,2,1,0,data31,baseline,100
2013.372302669112,1592.6239437856707,46,1,1,0,data31,baseline,100
2033.4000455394887,1605.4542357906205,47,2,1,0,data31,baseline,100
2083.423720010971,1616.7907747841014,48,5,1,0,data31,baseline,100
2103.4527026274777,1628.8993902142806,49,2,1,0,data31,baseline,100
2133.4834580596007,1643.2208033026895,50,3,1,0,data31,baseline,100
2143.5077009826546,1654.2532782143264,51,1,1,0,data31,baseline,100
2184.210852642452,2005.205703581656,52,4,1,0,data31,baseline,100
2274.2454183676673,2020.9917128571415,53,9,1,0,data31,baseline,100
2304.278902638275,2035.4143458075227,54,3,1,0,data31,baseline,100
2355.0447261936934,2416.2763619779425,55,5,1,0,data31,baseline,100
2375.07687550162,2429.6795865888685,56,2,1,0,data31,baseline,100
2415.1070241984316,2443.6565040614805,57,4,1,0,data31,baseline,100
2465.1416564346755,2460.0118128051918,58,5,1,0,data31,baseline,100
2475.1969870790026,2486.2358458352446,59,1,1,0,data31,baseline,100
2495.22146620711,2497.29783628345,60,2,1,0,data31,baseline,100
10.034758426666649,16.68199381893126,0,1,1,0,data31,lya,100
20.066697977609394,31.935142873507093,1,1,1,0,data31,lya,100
40.095476444556596,45.84785798898697,2,2,1,0,data31,lya,100
50.126554751483816,58.471571246984595,3,1,1,0,data31,lya,100
70.15438133085308,70.42470436756253,4,2,1,0,data31,lya,100
80.19096124425613,81.35709888276241,5,1,1,0,data31,lya,100
110.20253806747546,86.35709888276241,6,3,1,0,data31,lya,100
130.2368391870288,100.01700712354805,7,2,1,0,data31,lya,100
150.28370735948448,120.49865607125349,8,2,1,0,data31,lya,100
210.32761850731947,138.67421882576338,10,1,1,0,data31,lya,100
220.34896426979984,148.27321447556096,11,1,1,0,data31,lya,100
280.37743279964883,159.51940526022258,13,1,1,0,data31,lya,100
310.4067188136049,169.3919059116218,14,3,1,0,data31,lya,100
320.426836199002,178.47670785494654,15,1,1,0,data31,lya,100
330.465743133402,195.7255780473902,16,1,1,0,data31,lya,100
340.51608800868297,219.62019976682,17,1,1,0,data31,lya,100
350.5446872681186,231.28548289203744,18,1,1,0,data31,lya,100
360.56279926100535,237.82639161078592,19,1,1,0,data31,lya,100
370.6025338962069,256.11037826660584,20,1,1,0,data31,lya,100
380.6231169605223,263.93087416973566,21,1,1,0,data31,lya,100
390.6454694289442,273.0145460624636,22,1,1,0,data31,lya,100
400.68233881906144,290.4895243334221,23,1,1,0,data31,lya,100
420.71300363222497,304.66297626065426,24,2,1,0,data31,lya,100
440.74525388543066,316.2271003839917,25,2,1,0,data31,lya,100
510.75132436457744,316.2271003839917,27,2,0,1,data31,lya,100
520.8035837078855,340.6748386646246,28,1,1,0,data31,lya,100
530.8313617284888,352.2958149935176,29,1,1,0,data31,lya,100
540.8584449621403,362.7287523069055,30,1,1,0,data31,lya,100
550.8914577895097,375.45358643696767,31,1,1,0,data31,lya,100
560.9205687817401,388.38977837101714,32,1,1,0,data31,lya,100
620.9349830215699,393.4320894383601,34,1,1,0,data31,lya,100
640.9739252884102,410.5622187725301,35,2,1,0,data31,lya,100
651.0015819141065,422.8557915643303,36,1,1,0,data31,lya,100
661.040933660341,441.7399065864583,37,1,1,0,data31,lya,100
671.0779784395982,456.50168803067305,38,1,1,0,data31,lya,100
681.1157215040204,474.09516031926194,39,1,1,0,data31,lya,100
691.1433902763887,487.13815125885276,40,1,1,0,data31,lya,100
701.1796780657157,504.3282642459611,41,1,1,0,data31,lya,100
771.183957961996,504.3282642459611,43,2,0,1,data31,lya,100
781.2191355470414,518.7922918701555,44,1,1,0,data31,lya,100
791.2471451661545,531.3612054413899,45,1,1,0,data31,lya,100
801.2957070103664,554.3261144126872,46,1,1,0,data31,lya,100
811.3234498807428,567.156406417637,47,1,1,0,data31,lya,100
871.353433890745,579.2650218478162,49,1,1,0,data31,lya,100
891.3841893228677,593.586434936225,50,2,1,0,data31,lya,100
901.4084322459214,604.618909847862,51,1,1,0,data31,lya,100
971.412672761649,604.618909847862,53,2,0,1,data31,lya,100
981.4461570322568,619.0415427982433,54,1,1,0,data31,lya,100
1002.211980587675,999.9035589686629,55,2,1,0,data31,lya,100
1022.2441298956016,1013.306783579589,56,2,1,0,data31,lya,100
1032.2742785924133,1027.2837010522012,57,1,1,0,data31,lya,100
1042.3089108286572,1043.6390097959124,58,1,1,0,data31,lya,100
1062.3642414729843,1069.8630428259653,59,2,1,0,data31,lya,100
1072.3887206010916,1080.925033274171,60,1,1,0,data31,lya,100
1082.4396467148922,1105.5431553348974,61,1,1,0,data31,lya,100
1152.4774436426844,1121.6880074960495,63,2,1,0,data31,lya,100
1162.5070560336883,1134.9910760301586,64,1,1,0,data31,lya,100
1213.2369329016678,1499.249195086966,65,5,1,0,data31,lya,100
1223.2778317656732,1517.744656996266,66,1,1,0,data31,lya,100
1283.3102816647538,1530.3384163271485,68,1,1,0,data31,lya,100
1293.3278285439342,1535.3384163271485,69,1,1,0,data31,lya,100
1303.356433031928,1548.2381790040108,70,1,1,0,data31,lya,100
1313.3894018754743,1563.934199558795,71,1,1,0,data31,lya,100
1383.4375287717316,1582.7138759677532,73,2,1,0,data31,lya,100
1393.4890311848883,1607.3815891149031,74,1,1,0,data31,lya,100
1463.5302762225137,1625.2204309536912,76,2,1,0,data31,lya,100
1473.5660459924698,1640.961339610587,77,1,1,0,data31,lya,100
1483.610038365643,1661.823518522548,78,1,1,0,data31,lya,100
1494.367191256409,2040.1402815394647,79,1,1,0,data31,lya,100
1504.4090759657831,2058.885809924286,80,1,1,0,data31,lya,100
1524.4594701040164,2082.930594069387,81,2,1,0,data31,lya,100
1534.496923527559,2099.065515575484,82,1,1,0,data31,lya,100
1554.5309295304264,2112.7107042646453,83,2,1,0,data31,lya,100
1624.5404753308794,2112.7107042646453,85,2,0,1,data31,lya,100
1644.544901440676,2112.7107042646453,86,2,0,1,data31,lya,100
1664.548744447344,2112.7107042646453,87,2,0,1,data31,lya,100
1674.578658490862,2124.365830128062,88,1,1,0,data31,lya,100
1694.5822396292879,2124.365830128062,89,2,0,1,data31,lya,100
1714.5860747098932,2124.365830128062,90,2,0,1,data31,lya,100
1724.6043054087904,2133.0289186205005,91,1,1,0,data31,lya,100
1744.606262289607,2133.0289186205005,92,2,0,1,data31,lya,100
1764.6094950960905,2133.0289186205005,93,2,0,1,data31,lya,100
1774.660974354562,2154.179975388722,94,1,1,0,data31,lya,100
1784.6818038540432,2162.7238535777346,95,1,1,0,data31,lya,100
1804.6825411883228,2162.7238535777346,96,2,0,1,data31,lya,100
1824.7080336887843,2172.817851901547,97,2,1,0,data31,lya,100
1834.7277177035414,2181.626697645805,98,1,1,0,data31,lya,100
1844.75039595347,2192.5034410075496,99,1,1,0,data31,lya,100
10.038286293353938,16.68199381893126,0,1,1,0,data32,baseline,100
20.073370044847344,31.935142873507093,1,1,1,0,data32,baseline,100
40.10555390641825,45.84785798898697,2,2,1,0,data32,baseline,100
50.14123962005858,58.471571246984595,3,1,1,0,data32,baseline,100
100.16576321373513,70.42470436756253,4,5,1,0,data32,baseline,100
120.18859957972724,81.35709888276241,5,2,1,0,data32,baseline,100
130.20139527604925,86.35709888276241,6,1,1,0,data32,baseline,100
140.23350788141752,100.01700712354805,7,1,1,0,data32,baseline,100
210.27653448795988,120.49865607125349,8,7,1,0,data32,baseline,100
340.3034896108675,133.8216009508993,9,13,1,0,data32,baseline,100
350.3418574532214,151.9971637054092,10,1,1,0,data32,baseline,100
370.364032141107,161.5961593552068,11,2,1,0,data32,baseline,100
600.392391280337,172.84235013986842,13,3,1,0,data32,baseline,100
660.4130202875858,182.71485079126762,14,6,1,0,data32,baseline,100
700.4333063169307,191.79965273459237,15,4,1,0,data32,baseline,100
730.4710058262992,209.04852292703603,16,3,1,0,data32,baseline,100
750.5214786032892,232.94314464646584,17,2,1,0,data32,baseline,100
780.5461400231379,244.60842777168327,18,3,1,0,data32,baseline,100
800.5619015402905,251.14933649043175,19,2,1,0,data32,baseline,100
830.6031288089204,269.43332314625167,20,3,1,0,data32,baseline,100
850.6282607081977,277.2538190493815,21,2,1,0,data32,baseline,100
880.6489350399468,286.3374909421094,22,3,1,0,data32,baseline,100
920.686571787438,303.81246921306786,23,4,1,0,data32,baseline,100
930.7154909091267,317.98592114030004,24,1,1,0,data32,baseline,100
990.7442199421722,329.55004526363746,25,6,1,0,data32,baseline,100
1041.2655013457327,586.1864372528203,26,5,1,0,data32,baseline,100
1251.319543812654,610.6341755334532,28,1,1,0,data32,baseline,100
1291.3447041597044,622.2551518623462,29,4,1,0,data32,baseline,100
1321.36790141708,632.6880891757341,30,3,1,0,data32,baseline,100
1351.3958368706712,645.4129233057963,31,3,1,0,data32,baseline,100
1361.424955999619,658.3491152398458,32,1,1,0,data32,baseline,100
1442.2293462074274,1059.3208359657037,33,8,1,0,data32,baseline,100
1452.2458242884977,1064.3631470330467,34,1,1,0,data32,baseline,100
1472.2835874105126,1081.4932763672168,35,2,1,0,data32,baseline,100
1492.313762269362,1093.786849159017,36,2,1,0,data32,baseline,100
1532.3545609398961,1112.670964181145,37,4,1,0,data32,baseline,100
1562.387365568932,1127.43274562536,38,3,1,0,data32,baseline,100
1572.4254378652122,1145.0262179139488,39,1,1,0,data32,baseline,100
1662.4606380227226,1158.0692088535397,40,9,1,0,data32,baseline,100
1672.499409335399,1175.2593218406482,41,1,1,0,data32,baseline,100
1773.2376161149825,1542.6260936189447,42,10,1,0,data32,baseline,100
1983.2824138916485,1557.090121243139,44,1,1,0,data32,baseline,100
2003.3094915377067,1569.6590348143734,45,2,1,0,data32,baseline,100
2013.361665660034,1592.6239437856707,46,1,1,0,data32,baseline,100
2033.3926872896557,1605.4542357906205,47,2,1,0,data32,baseline,100
2083.420320802471,1616.7907747841014,48,5,1,0,data32,baseline,100
2103.448330524451,1628.8993902142806,49,2,1,0,data32,baseline,100
2133.4793581143613,1643.2208033026895,50,3,1,0,data32,baseline,100
2143.502044196467,1654.2532782143264,51,1,1,0,data32,baseline,100
2184.20687874997,2005.205703581656,52,4,1,0,data32,baseline,100
2274.2417879730415,2020.9917128571415,53,9,1,0,data32,baseline,100
2304.2744604508384,2035.4143458075227,54,3,1,0,data32,baseline,100
2355.0436276659643,2416.2763619779425,55,5,1,0,data32,baseline,100
2375.0717727657307,2429.6795865888685,56,2,1,0,data32,baseline,100
2415.100372661944,2443.6565040614805,57,4,1,0,data32,baseline,100
2465.1347725201613,2460.0118128051918,58,5,1,0,data32,baseline,100
2475.1893717954918,2486.2358458352446,59,1,1,0,data32,baseline,100
2495.212504038994,2497.29783628345,60,2,1,0,data32,baseline,100
10.038286293353938,16.68199381893126,0,1,1,0,data32,lya,100
20.073370044847344,31.935142873507093,1,1,1,0,data32,lya,100
40.10555390641825,45.84785798898697,2,2,1,0,data32,lya,100
50.14123962005858,58.471571246984595,3,1,1,0,data32,lya,100
70.16576321373513,70.42470436756253,4,2,1,0,data32,lya,100
80.18859957972724,81.35709888276241,5,1,1,0,data32,lya,100
110.20139527604927,86.35709888276241,6,3,1,0,data32,lya,100
130.23350788141755,100.01700712354805,7,2,1,0,data32,lya,100
150.2765344879599,120.49865607125349,8,2,1,0,data32,lya,100
210.31521156346213,138.67421882576338,10,1,1,0,data32,lya,100
220.3373862513477,148.27321447556096,11,1,1,0,data32,lya,100
280.3657453905778,159.51940526022258,13,1,1,0,data32,lya,100
310.38637439782656,169.3919059116218,14,3,1,0,data32,lya,100
320.40666042717135,178.47670785494654,15,1,1,0,data32,lya,100
330.44435993653997,195.7255780473902,16,1,1,0,data32,lya,100
340.49483271352995,219.62019976682,17,1,1,0,data32,lya,100
350.5194941333786,231.28548289203744,18,1,1,0,data32,lya,100
360.5352556505311,237.82639161078592,19,1,1,0,data32,lya,100
370.576482919161,256.11037826660584,20,1,1,0,data32,lya,100
380.60161481843835,263.93087416973566,21,1,1,0,data32,lya,100
390.6222891501875,273.0145460624636,22,1,1,0,data32,lya,100
400.6599258976787,290.4895243334221,23,1,1,0,data32,lya,100
420.6888450193676,304.66297626065426,24,2,1,0,data32,lya,100
440.71757405241306,316.2271003839917,25,2,1,0,data32,lya,100
510.7280122382527,316.2271003839917,27,2,0,1,data32,lya,100
520.7796251389165,340.6748386646246,28,1,1,0,data32,lya,100
530.8047854859667,352.2958149935176,29,1,1,0,data32,lya,100
540.8279827433425,362.7287523069055,30,1,1,0,data32,lya,100
550.8559181969338,375.45358643696767,31,1,1,0,data32,lya,100
560.8850373258815,388.38977837101714,32,1,1,0,data32,lya,100
620.9039621733087,393.4320894383601,34,1,1,0,data32,lya,100
640.9417252953237,410.5622187725301,35,2,1,0,data32,lya,100
650.9719001541733,422.8557915643303,36,1,1,0,data32,lya,100
661.0126988247074,441.7399065864583,37,1,1,0,data32,lya,100
671.0455034537431,456.50168803067305,38,1,1,0,data32,lya,100
681.0835757500232,474.09516031926194,39,1,1,0,data32,lya,100
691.1187759075339,487.13815125885276,40,1,1,0,data32,lya,100
701.1575472202102,504.3282642459611,41,1,1,0,data32,lya,100
771.1660915549437,504.3282642459611,43,2,0,1,data32,lya,100
781.2058182329034,518.7922918701555,44,1,1,0,data32,lya,100
791.2328958789614,531.3612054413899,45,1,1,0,data32,lya,100
801.2850700012888,554.3261144126872,46,1,1,0,data32,lya,100
811.3160916309103,567.156406417637,47,1,1,0,data32,lya,100
871.3490617877189,579.2650218478162,49,1,1,0,data32,lya,100
891.3800893776288,593.586434936225,50,2,1,0,data32,lya,100
901.4027754597347,604.618909847862,51,1,1,0,data32,lya,100
971.4090423670235,604.618909847862,53,2,0,1,data32,lya,100
981.4417148448206,619.0415427982433,54,1,1,0,data32,lya,100
1002.2108820599465,999.9035589686629,55,2,1,0,data32,lya,100
1022.2390271597128,1013.306783579589,56,2,1,0,data32,lya,100
1032.2676270559264,1027.2837010522012,57,1,1,0,data32,lya,100
1042.3020269141434,1043.6390097959124,58,1,1,0,data32,lya,100
1062.356626189474,1069.8630428259653,59,2,1,0,data32,lya,100
1072.3797584329761,1080.925033274171,60,1,1,0,data32,lya,100
1082.4321513594589,1105.5431553348974,61,1,1,0,data32,lya,100
1152.4755745146254,1121.6880074960495,63,2,1,0,data32,lya,100
1162.506680672966,1134.9910760301586,64,1,1,0,data32,lya,100
1213.2356207940823,1499.249195086966,65,5,1,0,data32,lya,100
1223.2778081272884,1517.744656996266,66,1,1,0,data32,lya,100
1283.3139000481349,1530.3384163271485,68,1,1,0,data32,lya,100
1293.3306592989265,1535.3384163271485,69,1,1,0,data32,lya,100
1303.359917566457,1548.2381790040108,70,1,1,0,data32,lya,100
1313.393692405135,1563.934199558795,71,1,1,0,data32,lya,100
1383.437574252092,1582.7138759677532,73,2,1,0,data32,lya,100
1393.4885117014962,1607.3815891149031,74,1,1,0,data32,lya,100
1463.5352903795672,1625.2204309536912,76,2,1,0,data32,lya,100
1473.5739833165494,1640.961339610587,77,1,1,0,data32,lya,100
1483.620681177502,1661.823518522548,78,1,1,0,data32,lya,100
1494.3791998812158,2040.1402815394647,79,1,1,0,data32,lya,100
1504.4218969470905,2058.885809924286,80,1,1,0,data32,lya,100
1524.475943608051,2082.930594069387,81,2,1,0,data32,lya,100
1534.515924443934,2099.065515575484,82,1,1,0,data32,lya,100
1554.549282388029,2112.7107042646453,83,2,1,0,data32,lya,100
1624.5601762935346,2112.7107042646453,85,2,0,1,data32,lya,100
1644.560753715566,2112.7107042646453,86,2,0,1,data32,lya,100
1664.566820701215,2112.7107042646453,87,2,0,1,data32,lya,100
1674.5964913292357,2124.365830128062,88,1,1,0,data32,lya,100
1694.5996194324057,2124.365830128062,89,2,0,1,data32,lya,100
1714.603992034034,2124.365830128062,90,2,0,1,data32,lya,100
1724.627031584175,2133.0289186205005,91,1,1,0,data32,lya,100
1744.6339931849104,2133.0289186205005,92,2,0,1,data32,lya,100
1764.6384426403647,2133.0289186205005,93,2,0,1,data32,lya,100
1774.6813972235211,2154.179975388722,94,1,1,0,data32,lya,100
1784.7012450947486,2162.7238535777346,95,1,1,0,data32,lya,100
1804.7071118505987,2162.7238535777346,96,2,0,1,data32,lya,100
1824.7292572476704,2172.817851901547,97,2,1,0,data32,lya,100
1834.7514408457075,2181.626697645805,98,1,1,0,data32,lya,100
1844.7753831116308,2192.5034410075496,99,1,1,0,data32,lya,100
10.035563815293044,16.68199381893126,0,1,1,0,data33,baseline,100
20.069424059198194,31.935142873507093,1,1,1,0,data33,baseline,100
40.10173105915555,45.84785798898697,2,2,1,0,data33,baseline,100
50.13299929700724,58.471571246984595,3,1,1,0,data33,baseline,100
100.16160211300247,70.42470436756253,4,5,1,0,data33,baseline,100
120.18789232797876,81.35709888276241,5,2,1,0,data33,baseline,100
130.20028824965215,86.35709888276241,6,1,1,0,data33,baseline,100
140.22892618756305,100.01700712354805,7,1,1,0,data33,baseline,100
210.27642418853225,120.49865607125349,8,7,1,0,data33,baseline,100
340.3067987305749,133.8216009508993,9,13,1,0,data33,baseline,100
350.35079093928266,151.9971637054092,10,1,1,0,data33,baseline,100
370.3715808366175,161.5961593552068,11,2,1,0,data33,baseline,100
600.4020529693786,172.84235013986842,13,3,1,0,data33,baseline,100
660.4375050663946,182.71485079126762,14,6,1,0,data33,baseline,100
700.4579327085764,191.79965273459237,15,4,1,0,data33,baseline,100
730.496796900577,209.04852292703603,16,3,1,0,data33,baseline,100
750.5565597359091,232.94314464646584,17,2,1,0,data33,baseline,100
780.5864208028927,244.60842777168327,18,3,1,0,data33,baseline,100
800.6010008866825,251.14933649043175,19,2,1,0,data33,baseline,100
830.641433501639,269.43332314625167,20,3,1,0,data33,baseline,100
850.6600671307644,277.2538190493815,21,2,1,0,data33,baseline,100
880.6885661062995,286.3374909421094,22,3,1,0,data33,baseline,100
920.7308685147966,303.81246921306786,23,4,1,0,data33,baseline,100
930.7657526042503,317.98592114030004,24,1,1,0,data33,baseline,100
990.793657126962,329.55004526363746,25,6,1,0,data33,baseline,100
1041.3093131888181,586.1864372528203,26,5,1,0,data33,baseline,100
1251.3676452224786,610.6341755334532,28,1,1,0,data33,baseline,100
1291.3917206217934,622.2551518623462,29,4,1,0,data33,baseline,100
1321.414830723425,632.6880891757341,30,3,1,0,data33,baseline,100
1351.4434224487154,645.4129233057963,31,3,1,0,data33,baseline,100
1361.4756666873263,658.3491152398458,32,1,1,0,data33,baseline,100
1442.2780831705572,1059.3208359657037,33,8,1,0,data33,baseline,100
1452.2926279709823,1064.3631470330467,34,1,1,0,data33,baseline,100
1472.3297355100483,1081.4932763672168,35,2,1,0,data33,baseline,100
1492.3594734500282,1093.786849159017,36,2,1,0,data33,baseline,100
1532.4003853841525,1112.670964181145,37,4,1,0,data33,baseline,100
1562.4371781135974,1127.43274562536,38,3,1,0,data33,baseline,100
1572.4773526718895,1145.0262179139488,39,1,1,0,data33,baseline,100
1662.5087350513443,1158.0692088535397,40,9,1,0,data33,baseline,100
1672.5452432632565,1175.2593218406482,41,1,1,0,data33,baseline,100
1773.2827404364282,1542.6260936189447,42,10,1,0,data33,baseline,100
1983.3239038673807,1557.090121243139,44,1,1,0,data33,baseline,100
2003.3571663819403,1569.6590348143734,45,2,1,0,data33,baseline,100
2013.4061557976527,1592.6239437856707,46,1,1,0,data33,baseline,100
2033.4331686378782,1605.4542357906205,47,2,1,0,data33,baseline,100
2083.4597009991567,1616.7907747841014,48,5,1,0,data33,baseline,100
2103.4869465199877,1628.8993902142806,49,2,1,0,data33,baseline,100
2133.5219073796197,1643.2208033026895,50,3,1,0,data33,baseline,100
2143.547525592541,1654.2532782143264,51,1,1,0,data33,baseline,100
2184.2533572163456,2005.205703581656,52,4,1,0,data33,baseline,100
2274.2904090885954,2020.9917128571415,53,9,1,0,data33,baseline,100
2304.3219518260235,2035.4143458075227,54,3,1,0,data33,baseline,100
2355.0896131710147,2416.2763619779425,55,5,1,0,data33,baseline,100
2375.120089564355,2429.6795865888685,56,2,1,0,data33,baseline,100
2415.151119340688,2443.6565040614805,57,4,1,0,data33,baseline,100
2465.1889193607076,2460.0118128051918,58,5,1,0,data33,baseline,100
2475.243325626309,2486.2358458352446,59,1,1,0,data33,baseline,100
2495.267539994871,2497.29783628345,60,2,1,0,data33,baseline,100
10.035563815293044,16.68199381893126,0,1,1,0,data33,lya,100
20.069424059198194,31.935142873507093,1,1,1,0,data33,lya,100
40.10173105915555,45.84785798898697,2,2,1,0,data33,lya,100
50.13299929700724,58.471571246984595,3,1,1,0,data33,lya,100
70.16160211300246,70.42470436756253,4,2,1,0,data33,lya,100
80.18789232797874,81.35709888276241,5,1,1,0,data33,lya,100
110.20028824965213,86.35709888276241,6,3,1,0,data33,lya,100
130.22892618756305,100.01700712354805,7,2,1,0,data33,lya,100
150.27642418853225,120.49865607125349,8,2,1,0,data33,lya,100
210.32414504952334,138.67421882576338,10,1,1,0,data33,lya,100
220.34493494685816,148.27321447556096,11,1,1,0,data33,lya,100
280.3754070796193,159.51940526022258,13,1,1,0,data33,lya,100
310.41085917663537,169.3919059116218,14,3,1,0,data33,lya,100
320.43128681881717,178.47670785494654,15,1,1,0,data33,lya,100
330.4701510108178,195.7255780473902,16,1,1,0,data33,lya,100
340.52991384614984,219.62019976682,17,1,1,0,data33,lya,100
350.55977491313337,231.28548289203744,18,1,1,0,data33,lya,100
360.5743549969232,237.82639161078592,19,1,1,0,data33,lya,100
370.61478761187965,256.11037826660584,20,1,1,0,data33,lya,100
380.63342124100524,263.93087416973566,21,1,1,0,data33,lya,100
390.66192021654035,273.0145460624636,22,1,1,0,data33,lya,100
400.7042226250374,290.4895243334221,23,1,1,0,data33,lya,100
420.7391067144912,304.66297626065426,24,2,1,0,data33,lya,100
440.76701123720284,316.2271003839917,25,2,1,0,data33,lya,100
510.77216502775565,316.2271003839917,27,2,0,1,data33,lya,100
520.8277265487411,340.6748386646246,28,1,1,0,data33,lya,100
530.8518019480559,352.2958149935176,29,1,1,0,data33,lya,100
540.8749120496877,362.7287523069055,30,1,1,0,data33,lya,100
550.9035037749783,375.45358643696767,31,1,1,0,data33,lya,100
560.9357480135891,388.38977837101714,32,1,1,0,data33,lya,100
620.9507658557935,393.4320894383601,34,1,1,0,data33,lya,100
640.9878733948595,410.5622187725301,35,2,1,0,data33,lya,100
651.0176113348394,422.8557915643303,36,1,1,0,data33,lya,100
661.0585232689637,441.7399065864583,37,1,1,0,data33,lya,100
671.0953159984085,456.50168803067305,38,1,1,0,data33,lya,100
681.1354905567007,474.09516031926194,39,1,1,0,data33,lya,100
691.1668729361556,487.13815125885276,40,1,1,0,data33,lya,100
701.2033811480679,504.3282642459611,41,1,1,0,data33,lya,100
771.2101131954264,504.3282642459611,43,2,0,1,data33,lya,100
781.2473082086358,518.7922918701555,44,1,1,0,data33,lya,100
791.2805707231953,531.3612054413899,45,1,1,0,data33,lya,100
801.3295601389076,554.3261144126872,46,1,1,0,data33,lya,100
811.356572979133,567.156406417637,47,1,1,0,data33,lya,100
871.3876777832551,579.2650218478162,49,1,1,0,data33,lya,100
891.422638642887,593.586434936225,50,2,1,0,data33,lya,100
901.4482568558085,604.618909847862,51,1,1,0,data33,lya,100
971.4576634825775,604.618909847862,53,2,0,1,data33,lya,100
981.4892062200058,619.0415427982433,54,1,1,0,data33,lya,100
1002.2568675649974,999.9035589686629,55,2,1,0,data33,lya,100
1022.2873439583377,1013.306783579589,56,2,1,0,data33,lya,100
1032.318373734671,1027.2837010522012,57,1,1,0,data33,lya,100
1042.3561737546904,1043.6390097959124,58,1,1,0,data33,lya,100
1062.4105800202915,1069.8630428259653,59,2,1,0,data33,lya,100
1072.4347943888536,1080.925033274171,60,1,1,0,data33,lya,100
1082.4851759419605,1105.5431553348974,61,1,1,0,data33,lya,100
1152.5215889307535,1121.6880074960495,63,2,1,0,data33,lya,100
1162.55067376387,1134.9910760301586,64,1,1,0,data33,lya,100
1213.2807693818065,1499.249195086966,65,5,1,0,data33,lya,100
1223.3211055627323,1517.744656996266,66,1,1,0,data33,lya,100
1283.353264329234,1530.3384163271485,68,1,1,0,data33,lya,100
1293.3658774939613,1535.3384163271485,69,1,1,0,data33,lya,100
1303.3933152146644,1548.2381790040108,70,1,1,0,data33,lya,100
1313.4287157149847,1563.934199558795,71,1,1,0,data33,lya,100
1383.4769956068426,1582.7138759677532,73,2,1,0,data33,lya,100
1393.5336694813304,1607.3815891149031,74,1,1,0,data33,lya,100
1463.5769968228096,1625.2204309536912,76,2,1,0,data33,lya,100
1473.6107707167282,1640.961339610587,77,1,1,0,data33,lya,100
1483.654251818507,1661.823518522548,78,1,1,0,data33,lya,100
1494.4128829633162,2040.1402815394647,79,1,1,0,data33,lya,100
1504.455537402004,2058.885809924286,80,1,1,0,data33,lya,100
1524.5072209501707,2082.930594069387,81,2,1,0,data33,lya,100
1534.5418269821976,2099.065515575484,82,1,1,0,data33,lya,100
1554.5731805133414,2112.7107042646453,83,2,1,0,data33,lya,100
1624.5809095612299,2112.7107042646453,85,2,0,1,data33,lya,100
1644.5838304547906,2112.7107042646453,86,2,0,1,data33,lya,100
1664.5926406207777,2112.7107042646453,87,2,0,1,data33,lya,100
1674.620580752097,2124.365830128062,88,1,1,0,data33,lya,100
1694.6229247402423,2124.365830128062,89,2,0,1,data33,lya,100
1714.6233113161372,2124.365830128062,90,2,0,1,data33,lya,100
1724.6433242888033,2133.0289186205005,91,1,1,0,data33,lya,100
1744.6482273109636,2133.0289186205005,92,2,0,1,data33,lya,100
1764.6501619955277,2133.0289186205005,93,2,0,1,data33,lya,100
1774.6969070202315,2154.179975388722,94,1,1,0,data33,lya,100
1784.7159788005238,2162.7238535777346,95,1,1,0,data33,lya,100
1804.7172429063144,2162.7238535777346,96,2,0,1,data33,lya,100
1824.7385745499464,2172.817851901547,97,2,1,0,data33,lya,100
1834.7577714526874,2181.626697645805,98,1,1,0,data33,lya,100
1844.7840287285758,2192.5034410075496,99,1,1,0,data33,lya,100
10.03515431732049,16.68199381893126,0,1,1,0,data34,baseline,100
20.070719927827835,31.935142873507093,1,1,1,0,data34,baseline,100
40.1017083587488,45.84785798898697,2,2,1,0,data34,baseline,100
50.12783286058226,58.471571246984595,3,1,1,0,data34,baseline,100
100.15439602657547,70.42470436756253,4,5,1,0,data34,baseline,100
120.1807933713929,81.35709888276241,5,2,1,0,data34,baseline,100
130.19485275736648,86.35709888276241,6,1,1,0,data34,baseline,100
140.22321031943585,100.01700712354805,7,1,1,0,data34,baseline,100
210.26802886107518,120.49865607125349,8,7,1,0,data34,baseline,100
340.30042639193175,133.8216009508993,9,13,1,0,data34,baseline,100
350.33895294195395,151.9971637054092,10,1,1,0,data34,baseline,100
370.36447452850825,161.5961593552068,11,2,1,0,data34,baseline,100
600.3983722835683,172.84235013986842,13,3,1,0,data34,baseline,100
660.4198794885518,182.71485079126762,14,6,1,0,data34,baseline,100
700.4418175234396,191.79965273459237,15,4,1,0,data34,baseline,100
730.4801372429625,209.04852292703603,16,3,1,0,data34,baseline,100
750.5305956222634,232.94314464646584,17,2,1,0,data34,baseline,100
780.5577864365385,244.60842777168327,18,3,1,0,data34,baseline,100
800.5740614736604,251.14933649043175,19,2,1,0,data34,baseline,100
830.6119915451193,269.43332314625167,20,3,1,0,data34,baseline,100
850.6328595434612,277.2538190493815,21,2,1,0,data34,baseline,100
880.6582649605178,286.3374909421094,22,3,1,0,data34,baseline,100
920.7004101547086,303.81246921306786,23,4,1,0,data34,baseline,100
930.7325662521424,317.98592114030004,24,1,1,0,data34,baseline,100
990.7626607721052,329.55004526363746,25,6,1,0,data34,baseline,100
1041.2784061635273,586.1864372528203,26,5,1,0,data34,baseline,100
1251.3315979806187,610.6341755334532,28,1,1,0,data34,baseline,100
1291.3574409725154,622.2551518623462,29,4,1,0,data34,baseline,100
1321.3849657941978,632.6880891757341,30,3,1,0,data34,baseline,100
1351.4144747912849,645.4129233057963,31,3,1,0,data34,baseline,100
1361.4436476216429,658.3491152398458,32,1,1,0,data34,baseline,100
1442.2494127939622,1059.3208359657037,33,8,1,0,data34,baseline,100
1452.2613305885654,1064.3631470330467,34,1,1,0,data34,baseline,100
1472.2985792998606,1081.4932763672168,35,2,1,0,data34,baseline,100
1492.3258281277529,1093.786849159017,36,2,1,0,data34,baseline,100
1532.3668319327712,1112.670964181145,37,4,1,0,data34,baseline,100
1562.3992745948688,1127.43274562536,38,3,1,0,data34,baseline,100
1572.4388553345427,1145.0262179139488,39,1,1,0,data34,baseline,100
1662.4674929423295,1158.0692088535397,40,9,1,0,data34,baseline,100
1672.5077345677655,1175.2593218406482,41,1,1,0,data34,baseline,100
1773.245395470132,1542.6260936189447,42,10,1,0,data34,baseline,100
1983.2855536889276,1557.090121243139,44,1,1,0,data34,baseline,100
2003.3118099936885,1569.6590348143734,45,2,1,0,data34,baseline,100
2013.3587995778034,1592.6239437856707,46,1,1,0,data34,baseline,100
2033.386683466544,1605.4542357906205,47,2,1,0,data34,baseline,100
2083.411550145767,1616.7907747841014,48,5,1,0,data34,baseline,100
2103.437089910212,1628.8993902142806,49,2,1,0,data34,baseline,100
2133.469107781236,1643.2208033026895,50,3,1,0,data34,baseline,100
2143.494468723711,1654.2532782143264,51,1,1,0,data34,baseline,100
2184.19941045862,2005.205703581656,52,4,1,0,data34,baseline,100
2274.234668289231,2020.9917128571415,53,9,1,0,data34,baseline,100
2304.266315634596,2035.4143458075227,54,3,1,0,data34,baseline,100
2355.0360936988495,2416.2763619779425,55,5,1,0,data34,baseline,100
2375.0697174547254,2429.6795865888685,56,2,1,0,data34,baseline,100
2415.0994288063844,2443.6565040614805,57,4,1,0,data34,baseline,100
2465.1342219452913,2460.0118128051918,58,5,1,0,data34,baseline,100
2475.1878201878967,2486.2358458352446,59,1,1,0,data34,baseline,100
2495.211507331133,2497.29783628345,60,2,1,0,data34,baseline,100
10.03515431732049,16.68199381893126,0,1,1,0,data34,lya,100
20.070719927827835,31.935142873507093,1,1,1,0,data34,lya,100
40.1017083587488,45.84785798898697,2,2,1,0,data34,lya,100
50.12783286058226,58.471571246984595,3,1,1,0,data34,lya,100
70.15439602657548,70.42470436756253,4,2,1,0,data34,lya,100
80.18079337139291,81.35709888276241,5,1,1,0,data34,lya,100
110.19485275736649,86.35709888276241,6,3,1,0,data34,lya,100
130.22321031943585,100.01700712354805,7,2,1,0,data34,lya,100
150.26802886107518,120.49865607125349,8,2,1,0,data34,lya,100
210.3123070521947,138.67421882576338,10,1,1,0,data34,lya,100
220.337828638749,148.27321447556096,11,1,1,0,data34,lya,100
280.37172639380896,159.51940526022258,13,1,1,0,data34,lya,100
310.3932335987925,169.3919059116218,14,3,1,0,data34,lya,100
320.41517163368025,178.47670785494654,15,1,1,0,data34,lya,100
330.4534913532033,195.7255780473902,16,1,1,0,data34,lya,100
340.50394973250417,219.62019976682,17,1,1,0,data34,lya,100
350.53114054677934,231.28548289203744,18,1,1,0,data34,lya,100
360.5474155839012,237.82639161078592,19,1,1,0,data34,lya,100
370.5853456553601,256.11037826660584,20,1,1,0,data34,lya,100
380.6062136537021,263.93087416973566,21,1,1,0,data34,lya,100
390.63161907075886,273.0145460624636,22,1,1,0,data34,lya,100
400.67376426494957,290.4895243334221,23,1,1,0,data34,lya,100
420.7059203623834,304.66297626065426,24,2,1,0,data34,lya,100
440.7360148823462,316.2271003839917,25,2,1,0,data34,lya,100
510.7407169351967,316.2271003839917,27,2,0,1,data34,lya,100
520.7916793068811,340.6748386646246,28,1,1,0,data34,lya,100
530.8175222987778,352.2958149935176,29,1,1,0,data34,lya,100
540.8450471204602,362.7287523069055,30,1,1,0,data34,lya,100
550.8745561175472,375.45358643696767,31,1,1,0,data34,lya,100
560.9037289479052,388.38977837101714,32,1,1,0,data34,lya,100
620.9194684733762,393.4320894383601,34,1,1,0,data34,lya,100
640.9567171846714,410.5622187725301,35,2,1,0,data34,lya,100
650.9839660125638,422.8557915643303,36,1,1,0,data34,lya,100
661.024969817582,441.7399065864583,37,1,1,0,data34,lya,100
671.0574124796796,456.50168803067305,38,1,1,0,data34,lya,100
681.0969932193535,474.09516031926194,39,1,1,0,data34,lya,100
691.1256308271403,487.13815125885276,40,1,1,0,data34,lya,100
701.1658724525763,504.3282642459611,41,1,1,0,data34,lya,100
771.1779399120959,504.3282642459611,43,2,0,1,data34,lya,100
781.2089580301819,518.7922918701555,44,1,1,0,data34,lya,100
791.2352143349425,531.3612054413899,45,1,1,0,data34,lya,100
801.2822039190575,554.3261144126872,46,1,1,0,data34,lya,100
811.3100878077979,567.156406417637,47,1,1,0,data34,lya,100
871.3378211734788,579.2650218478162,49,1,1,0,data34,lya,100
891.3698390445027,593.586434936225,50,2,1,0,data34,lya,100
901.395199986978,604.618909847862,51,1,1,0,data34,lya,100
971.4019226832128,604.618909847862,53,2,0,1,data34,lya,100
981.433570028578,619.0415427982433,54,1,1,0,data34,lya,100
1002.2033480928314,999.9035589686629,55,2,1,0,data34,lya,100
1022.2369718487071,1013.306783579589,56,2,1,0,data34,lya,100
1032.2666832003663,1027.2837010522012,57,1,1,0,data34,lya,100
1042.3014763392732,1043.6390097959124,58,1,1,0,data34,lya,100
1062.3550745818786,1069.8630428259653,59,2,1,0,data34,lya,100
1072.3787617251146,1080.925033274171,60,1,1,0,data34,lya,100
1082.4298145483872,1105.5431553348974,61,1,1,0,data34,lya,100
1152.4744260280563,1121.6880074960495,63,2,1,0,data34,lya,100
1162.5094757087747,1134.9910760301586,64,1,1,0,data34,lya,100
1213.2422225886496,1499.249195086966,65,5,1,0,data34,lya,100
1223.280716771092,1517.744656996266,66,1,1,0,data34,lya,100
1283.3126022087488,1530.3384163271485,68,1,1,0,data34,lya,100
1293.3256799166888,1535.3384163271485,69,1,1,0,data34,lya,100
1303.3517277962453,1548.2381790040108,70,1,1,0,data34,lya,100
1313.387864188827,1563.934199558795,71,1,1,0,data34,lya,100
1383.430129387656,1582.7138759677532,73,2,1,0,data34,lya,100
1393.4831435786114,1607.3815891149031,74,1,1,0,data34,lya,100
1463.5320438831934,1625.2204309536912,76,2,1,0,data34,lya,100
1473.5697524110908,1640.961339610587,77,1,1,0,data34,lya,100
1483.617795099859,1661.823518522548,78,1,1,0,data34,lya,100
1494.3767797805197,2040.1402815394647,79,1,1,0,data34,lya,100
1504.4223912112082,2058.885809924286,80,1,1,0,data34,lya,100
1524.4744023379287,2082.930594069387,81,2,1,0,data34,lya,100
1534.5096958085937,2099.065515575484,82,1,1,0,data34,lya,100
1554.5421935873853,2112.7107042646453,83,2,1,0,data34,lya,100
1624.5459750077064,2112.7107042646453,85,2,0,1,data34,lya,100
1644.5517078300188,2112.7107042646453,86,2,0,1,data34,lya,100
1664.5596425680312,2112.7107042646453,87,2,0,1,data34,lya,100
1674.5967731062763,2124.365830128062,88,1,1,0,data34,lya,100
1694.6029448891904,2124.365830128062,89,2,0,1,data34,lya,100
1714.6043037924687,2124.365830128062,90,2,0,1,data34,lya,100
1724.6255156974476,2133.0289186205005,91,1,1,0,data34,lya,100
1744.6326176936211,2133.0289186205005,92,2,0,1,data34,lya,100
1764.6394013054298,2133.0289186205005,93,2,0,1,data34,lya,100
1774.6825659722022,2154.179975388722,94,1,1,0,data34,lya,100
1784.7009936559382,2162.7238535777346,95,1,1,0,data34,lya,100
1804.7050213633968,2162.7238535777346,96,2,0,1,data34,lya,100
1824.726464715064,2172.817851901547,97,2,1,0,data34,lya,100
1834.7463891331508,2181.626697645805,98,1,1,0,data34,lya,100
1844.7703374253697,2192.5034410075496,99,1,1,0,data34,lya,100
10.037350292585117,16.68199381893126,0,1,1,0,data35,baseline,100
20.072275876541838,31.935142873507093,1,1,1,0,data35,baseline,100
40.101242198223595,45.84785798898697,2,2,1,0,data35,baseline,100
50.13014472986051,58.471571246984595,3,1,1,0,data35,baseline,100
100.15611556892976,70.42470436756253,4,5,1,0,data35,baseline,100
120.18241306142899,81.35709888276241,5,2,1,0,data35,baseline,100
130.19316044912622,86.35709888276241,6,1,1,0,data35,baseline,100
140.2248706286819,100.01700712354805,7,1,1,0,data35,baseline,100
210.26686216586126,120.49865607125349,8,7,1,0,data35,baseline,100
340.2940181210207,133.8216009508993,9,13,1,0,data35,baseline,100
350.3324447142373,151.9971637054092,10,1,1,0,data35,baseline,100
370.36070626385913,161.5961593552068,11,2,1,0,data35,baseline,100
600.3944444354186,172.84235013986842,13,3,1,0,data35,baseline,100
660.4182235316167,182.71485079126762,14,6,1,0,data35,baseline,100
700.4373218620037,191.79965273459237,15,4,1,0,data35,baseline,100
730.4803999251279,209.04852292703603,16,3,1,0,data35,baseline,100
750.5321247610977,232.94314464646584,17,2,1,0,data35,baseline,100
780.5592951633766,244.60842777168327,18,3,1,0,data35,baseline,100
800.5786232423387,251.14933649043175,19,2,1,0,data35,baseline,100
830.616087185696,269.43332314625167,20,3,1,0,data35,baseline,100
850.6397926288543,277.2538190493815,21,2,1,0,data35,baseline,100
880.6630403921696,286.3374909421094,22,3,1,0,data35,baseline,100
920.7050617590901,303.81246921306786,23,4,1,0,data35,baseline,100
930.7345534745546,317.98592114030004,24,1,1,0,data35,baseline,100
990.7625646913626,329.55004526363746,25,6,1,0,data35,baseline,100
1041.2794274403557,586.1864372528203,26,5,1,0,data35,baseline,100
1251.332155140442,610.6341755334532,28,1,1,0,data35,baseline,100
1291.3605448656738,622.2551518623462,29,4,1,0,data35,baseline,100
1321.3855663980594,632.6880891757341,30,3,1,0,data35,baseline,100
1351.416865339442,645.4129233057963,31,3,1,0,data35,baseline,100
1361.4484490534467,658.3491152398458,32,1,1,0,data35,baseline,100
1442.2551441888331,1059.3208359657037,33,8,1,0,data35,baseline,100
1452.2671949885246,1064.3631470330467,34,1,1,0,data35,baseline,100
1472.3039758380667,1081.4932763672168,35,2,1,0,data35,baseline,100
1492.33670720063,1093.786849159017,36,2,1,0,data35,baseline,100
1532.3780818376868,1112.670964181145,37,4,1,0,data35,baseline,100
1562.4114069029747,1127.43274562536,38,3,1,0,data35,baseline,100
1572.450027917786,1145.0262179139488,39,1,1,0,data35,baseline,100
1662.4813018964956,1158.0692088535397,40,9,1,0,data35,baseline,100
1672.5170402952394,1175.2593218406482,41,1,1,0,data35,baseline,100
1773.2542411910702,1542.6260936189447,42,10,1,0,data35,baseline,100
1983.293593066055,1557.090121243139,44,1,1,0,data35,baseline,100
2003.324223802738,1569.6590348143734,45,2,1,0,data35,baseline,100
2013.374433667794,1592.6239437856707,46,1,1,0,data35,baseline,100
2033.4020797368744,1605.4542357906205,47,2,1,0,data35,baseline,100
2083.425836473554,1616.7907747841014,48,5,1,0,data35,baseline,100
2103.45251843195,1628.8993902142806,49,2,1,0,data35,baseline,100
2133.4867759056033,1643.2208033026895,50,3,1,0,data35,baseline,100
2143.5116318150035,1654.2532782143264,51,1,1,0,data35,baseline,100
2184.2172840504277,2005.205703581656,52,4,1,0,data35,baseline,100
2274.252518988282,2020.9917128571415,53,9,1,0,data35,baseline,100
2304.2824681694988,2035.4143458075227,54,3,1,0,data35,baseline,100
2355.048960052815,2416.2763619779425,55,5,1,0,data35,baseline,100
2375.090681265896,2429.6795865888685,56,2,1,0,data35,baseline,100
2415.126195944059,2443.6565040614805,57,4,1,0,data35,baseline,100
2465.165589852912,2460.0118128051918,58,5,1,0,data35,baseline,100
2475.218199878103,2486.2358458352446,59,1,1,0,data35,baseline,100
2495.2429460589938,2497.29783628345,60,2,1,0,data35,baseline,100
10.037350292585117,16.68199381893126,0,1,1,0,data35,lya,100
20.072275876541838,31.935142873507093,1,1,1,0,data35,lya,100
40.101242198223595,45.84785798898697,2,2,1,0,data35,lya,100
50.13014472986051,58.471571246984595,3,1,1,0,data35,lya,100
70.15611556892975,70.42470436756253,4,2,1,0,data35,lya,100
80.18241306142897,81.35709888276241,5,1,1,0,data35,lya,100
110.19316044912622,86.35709888276241,6,3,1,0,data35,lya,100
130.2248706286819,100.01700712354805,7,2,1,0,data35,lya,100
150.26686216586126,120.49865607125349,8,2,1,0,data35,lya,100
210.30579882447802,138.67421882576338,10,1,1,0,data35,lya,100
220.3340603740998,148.27321447556096,11,1,1,0,data35,lya,100
280.3677985456593,159.51940526022258,13,1,1,0,data35,lya,100
310.3915776418575,169.3919059116218,14,3,1,0,data35,lya,100
320.4106759722445,178.47670785494654,15,1,1,0,data35,lya,100
330.45375403536883,195.7255780473902,16,1,1,0,data35,lya,100
340.50547887133865,219.62019976682,17,1,1,0,data35,lya,100
350.5326492736175,231.28548289203744,18,1,1,0,data35,lya,100
360.5519773525795,237.82639161078592,19,1,1,0,data35,lya,100
370.5894412959367,256.11037826660584,20,1,1,0,data35,lya,100
380.61314673909504,263.93087416973566,21,1,1,0,data35,lya,100
390.63639450241044,273.0145460624636,22,1,1,0,data35,lya,100
400.678415869331,290.4895243334221,23,1,1,0,data35,lya,100
420.7079075847955,304.66297626065426,24,2,1,0,data35,lya,100
440.7359188016037,316.2271003839917,25,2,1,0,data35,lya,100
510.7409539292197,316.2271003839917,27,2,0,1,data35,lya,100
520.7922364667045,340.6748386646246,28,1,1,0,data35,lya,100
530.8206261919362,352.2958149935176,29,1,1,0,data35,lya,100
540.845647724322,362.7287523069055,30,1,1,0,data35,lya,100
550.8769466657046,375.45358643696767,31,1,1,0,data35,lya,100
560.9085303797094,388.38977837101714,32,1,1,0,data35,lya,100
620.9253328733358,393.4320894383601,34,1,1,0,data35,lya,100
640.9621137228779,410.5622187725301,35,2,1,0,data35,lya,100
650.9948450854413,422.8557915643303,36,1,1,0,data35,lya,100
661.036219722498,441.7399065864583,37,1,1,0,data35,lya,100
671.0695447877858,456.50168803067305,38,1,1,0,data35,lya,100
681.1081658025971,474.09516031926194,39,1,1,0,data35,lya,100
691.1394397813067,487.13815125885276,40,1,1,0,data35,lya,100
701.1751781800507,504.3282642459611,41,1,1,0,data35,lya,100
771.1855978166956,504.3282642459611,43,2,0,1,data35,lya,100
781.2169974073098,518.7922918701555,44,1,1,0,data35,lya,100
791.2476281439928,531.3612054413899,45,1,1,0,data35,lya,100
801.2978380090486,554.3261144126872,46,1,1,0,data35,lya,100
811.325484078129,567.156406417637,47,1,1,0,data35,lya,100
871.3532496952178,579.2650218478162,49,1,1,0,data35,lya,100
891.387507168871,593.586434936225,50,2,1,0,data35,lya,100
901.4123630782713,604.618909847862,51,1,1,0,data35,lya,100
971.4197733822646,604.618909847862,53,2,0,1,data35,lya,100
981.4497225634814,619.0415427982433,54,1,1,0,data35,lya,100
1002.2162144467977,999.9035589686629,55,2,1,0,data35,lya,100
1022.2579356598787,1013.306783579589,56,2,1,0,data35,lya,100
1032.2934503380418,1027.2837010522012,57,1,1,0,data35,lya,100
1042.3328442468953,1043.6390097959124,58,1,1,0,data35,lya,100
1062.385454272086,1069.8630428259653,59,2,1,0,data35,lya,100
1072.4102004529766,1080.925033274171,60,1,1,0,data35,lya,100
1082.468214634464,1105.5431553348974,61,1,1,0,data35,lya,100
1152.507014956932,1121.6880074960495,63,2,1,0,data35,lya,100
1162.5385624902656,1134.9910760301586,64,1,1,0,data35,lya,100
1213.2700857635423,1499.249195086966,65,5,1,0,data35,lya,100
1223.3143066456846,1517.744656996266,66,1,1,0,data35,lya,100
1283.3513732358997,1530.3384163271485,68,1,1,0,data35,lya,100
1293.365971961518,1535.3384163271485,69,1,1,0,data35,lya,100
1303.3945516946426,1548.2381790040108,70,1,1,0,data35,lya,100
1313.4278359596508,1563.934199558795,71,1,1,0,data35,lya,100
1383.4736282536996,1582.7138759677532,73,2,1,0,data35,lya,100
1393.532077409052,1607.3815891149031,74,1,1,0,data35,lya,100
1463.573593581858,1625.2204309536912,76,2,1,0,data35,lya,100
1473.61096317357,1640.961339610587,77,1,1,0,data35,lya,100
1483.655332239386,1661.823518522548,78,1,1,0,data35,lya,100
1494.4148537066956,2040.1402815394647,79,1,1,0,data35,lya,100
1504.453268431138,2058.885809924286,80,1,1,0,data35,lya,100
1524.5040954066403,2082.930594069387,81,2,1,0,data35,lya,100
1534.5374161912364,2099.065515575484,82,1,1,0,data35,lya,100
1554.567342849723,2112.7107042646453,83,2,1,0,data35,lya,100
1624.5714321458117,2112.7107042646453,85,2,0,1,data35,lya,100
1644.5728068698586,2112.7107042646453,86,2,0,1,data35,lya,100
1664.574297451069,2112.7107042646453,87,2,0,1,data35,lya,100
1674.600410268551,2124.365830128062,88,1,1,0,data35,lya,100
1694.601556218297,2124.365830128062,89,2,0,1,data35,lya,100
1714.6048255837072,2124.365830128062,90,2,0,1,data35,lya,100
1724.6238268004245,2133.0289186205005,91,1,1,0,data35,lya,100
1744.6302543040256,2133.0289186205005,92,2,0,1,data35,lya,100
1764.6341464783218,2133.0289186205005,93,2,0,1,data35,lya,100
1774.681604109179,2154.179975388722,94,1,1,0,data35,lya,100
1784.7035310396732,2162.7238535777346,95,1,1,0,data35,lya,100
1804.7060055001316,2162.7238535777346,96,2,0,1,data35,lya,100
1824.7290755822155,2172.817851901547,97,2,1,0,data35,lya,100
1834.753079533699,2181.626697645805,98,1,1,0,data35,lya,100
1844.7799033715232,2192.5034410075496,99,1,1,0,data35,lya,100
10.036715322321612,16.68199381893126,0,1,1,0,data36,baseline,100
20.067891583648038,31.935142873507093,1,1,1,0,data36,baseline,100
40.1018185342045,45.84785798898697,2,2,1,0,data36,baseline,100
50.1329371978825,58.471571246984595,3,1,1,0,data36,baseline,100
100.15928439444271,70.42470436756253,4,5,1,0,data36,baseline,100
120.18519878973174,81.35709888276241,5,2,1,0,data36,baseline,100
130.2007770284233,86.35709888276241,6,1,1,0,data36,baseline,100
140.22884003294632,100.01700712354805,7,1,1,0,data36,baseline,100
210.27432986040532,120.49865607125349,8,7,1,0,data36,baseline,100
340.30397550056085,133.8216009508993,9,13,1,0,data36,baseline,100
350.34273379224874,151.9971637054092,10,1,1,0,data36,baseline,100
370.36666721874485,161.5961593552068,11,2,1,0,data36,baseline,100
600.3956406386919,172.84235013986842,13,3,1,0,data36,baseline,100
660.4307089849204,182.71485079126762,14,6,1,0,data36,baseline,100
700.4500949954106,191.79965273459237,15,4,1,0,data36,baseline,100
730.4907300560048,209.04852292703603,16,3,1,0,data36,baseline,100
750.541697255778,232.94314464646584,17,2,1,0,data36,baseline,100
780.5672724629441,244.60842777168327,18,3,1,0,data36,baseline,100
800.5825335583268,251.14933649043175,19,2,1,0,data36,baseline,100
830.6227961349899,269.43332314625167,20,3,1,0,data36,baseline,100
850.6455499867449,277.2538190493815,21,2,1,0,data36,baseline,100
880.6673679349998,286.3374909421094,22,3,1,0,data36,baseline,100
920.7034302437206,303.81246921306786,23,4,1,0,data36,baseline,100
930.7382959148979,317.98592114030004,24,1,1,0,data36,baseline,100
990.7636310296617,329.55004526363746,25,6,1,0,data36,baseline,100
1041.2809907073533,586.1864372528203,26,5,1,0,data36,baseline,100
1251.3375019373532,610.6341755334532,28,1,1,0,data36,baseline,100
1291.363346305345,622.2551518623462,29,4,1,0,data36,baseline,100
1321.3859122939568,632.6880891757341,30,3,1,0,data36,baseline,100
1351.414483058494,645.4129233057963,31,3,1,0,data36,baseline,100
1361.4454489111158,658.3491152398458,32,1,1,0,data36,baseline,100
1442.2534881044628,1059.3208359657037,33,8,1,0,data36,baseline,100
1452.2664771502757,1064.3631470330467,34,1,1,0,data36,baseline,100
1472.3036212294273,1081.4932763672168,35,2,1,0,data36,baseline,100
1492.3372987367777,1093.786849159017,36,2,1,0,data36,baseline,100
1532.3759752918438,1112.670964181145,37,4,1,0,data36,baseline,100
1562.4111157454088,1127.43274562536,38,3,1,0,data36,baseline,100
1572.4490059068312,1145.0262179139488,39,1,1,0,data36,baseline,100
1662.4790825030882,1158.0692088535397,40,9,1,0,data36,baseline,100
1672.517548525418,1175.2593218406482,41,1,1,0,data36,baseline,100
1773.255306551354,1542.6260936189447,42,10,1,0,data36,baseline,100
1983.2884922872602,1557.090121243139,44,1,1,0,data36,baseline,100
2003.3149174479454,1569.6590348143734,45,2,1,0,data36,baseline,100
2013.3655649971997,1592.6239437856707,46,1,1,0,data36,baseline,100
2033.4004346012932,1605.4542357906205,47,2,1,0,data36,baseline,100
2083.4262914267074,1616.7907747841014,48,5,1,0,data36,baseline,100
2103.454397848606,1628.8993902142806,49,2,1,0,data36,baseline,100
2133.483910396514,1643.2208033026895,50,3,1,0,data36,baseline,100
2143.5094441798146,1654.2532782143264,51,1,1,0,data36,baseline,100
2184.219155951371,2005.205703581656,52,4,1,0,data36,baseline,100
2274.257852643892,2020.9917128571415,53,9,1,0,data36,baseline,100
2304.289288522184,2035.4143458075227,54,3,1,0,data36,baseline,100
2355.053883247637,2416.2763619779425,55,5,1,0,data36,baseline,100
2375.0814867212703,2429.6795865888685,56,2,1,0,data36,baseline,100
2415.1156475037687,2443.6565040614805,57,4,1,0,data36,baseline,100
2465.1543362105367,2460.0118128051918,58,5,1,0,data36,baseline,100
2475.211527666558,2486.2358458352446,59,1,1,0,data36,baseline,100
2495.2394772271728,2497.29783628345,60,2,1,0,data36,baseline,100
10.036715322321612,16.68199381893126,0,1,1,0,data36,lya,100
20.067891583648038,31.935142873507093,1,1,1,0,data36,lya,100
40.1018185342045,45.84785798898697,2,2,1,0,data36,lya,100
50.1329371978825,58.471571246984595,3,1,1,0,data36,lya,100
70.15928439444272,70.42470436756253,4,2,1,0,data36,lya,100
80.18519878973176,81.35709888276241,5,1,1,0,data36,lya,100
110.20077702842332,86.35709888276241,6,3,1,0,data36,lya,100
130.22884003294638,100.01700712354805,7,2,1,0,data36,lya,100
150.27432986040537,120.49865607125349,8,2,1,0,data36,lya,100
210.3160879024895,138.67421882576338,10,1,1,0,data36,lya,100
220.34002132898556,148.27321447556096,11,1,1,0,data36,lya,100
280.36899474893266,159.51940526022258,13,1,1,0,data36,lya,100
310.4040630951612,169.3919059116218,14,3,1,0,data36,lya,100
320.4234491056513,178.47670785494654,15,1,1,0,data36,lya,100
330.4640841662456,195.7255780473902,16,1,1,0,data36,lya,100
340.51505136601867,219.62019976682,17,1,1,0,data36,lya,100
350.5406265731847,231.28548289203744,18,1,1,0,data36,lya,100
360.55588766856744,237.82639161078592,19,1,1,0,data36,lya,100
370.5961502452306,256.11037826660584,20,1,1,0,data36,lya,100
380.6189040969856,263.93087416973566,21,1,1,0,data36,lya,100
390.6407220452405,273.0145460624636,22,1,1,0,data36,lya,100
400.6767843539614,290.4895243334221,23,1,1,0,data36,lya,100
420.7116500251388,304.66297626065426,24,2,1,0,data36,lya,100
440.73698513990274,316.2271003839917,25,2,1,0,data36,lya,100
510.74366688432065,316.2271003839917,27,2,0,1,data36,lya,100
520.7975832636157,340.6748386646246,28,1,1,0,data36,lya,100
530.8234276316074,352.2958149935176,29,1,1,0,data36,lya,100
540.8459936202194,362.7287523069055,30,1,1,0,data36,lya,100
550.8745643847564,375.45358643696767,31,1,1,0,data36,lya,100
560.9055302373781,388.38977837101714,32,1,1,0,data36,lya,100
620.9246150350864,393.4320894383601,34,1,1,0,data36,lya,100
640.9617591142381,410.5622187725301,35,2,1,0,data36,lya,100
650.9954366215886,422.8557915643303,36,1,1,0,data36,lya,100
661.0341131766545,441.7399065864583,37,1,1,0,data36,lya,100
671.0692536302196,456.50168803067305,38,1,1,0,data36,lya,100
681.107143791642,474.09516031926194,39,1,1,0,data36,lya,100
691.137220387899,487.13815125885276,40,1,1,0,data36,lya,100
701.1756864102289,504.3282642459611,41,1,1,0,data36,lya,100
771.1805322933556,504.3282642459611,43,2,0,1,data36,lya,100
781.2118966285144,518.7922918701555,44,1,1,0,data36,lya,100
791.2383217891995,531.3612054413899,45,1,1,0,data36,lya,100
801.2889693384539,554.3261144126872,46,1,1,0,data36,lya,100
811.3238389425474,567.156406417637,47,1,1,0,data36,lya,100
871.3551291118732,579.2650218478162,49,1,1,0,data36,lya,100
891.3846416597813,593.586434936225,50,2,1,0,data36,lya,100
901.4101754430818,604.618909847862,51,1,1,0,data36,lya,100
971.4251070378735,604.618909847862,53,2,0,1,data36,lya,100
981.4565429161656,619.0415427982433,54,1,1,0,data36,lya,100
1002.2211376416187,999.9035589686629,55,2,1,0,data36,lya,100
1022.248741115252,1013.306783579589,56,2,1,0,data36,lya,100
1032.2829018977504,1027.2837010522012,57,1,1,0,data36,lya,100
1042.3215906045189,1043.6390097959124,58,1,1,0,data36,lya,100
1062.3787820605403,1069.8630428259653,59,2,1,0,data36,lya,100
1072.4067316211547,1080.925033274171,60,1,1,0,data36,lya,100
1082.461972596338,1105.5431553348974,61,1,1,0,data36,lya,100
1152.501465955895,1121.6880074960495,63,2,1,0,data36,lya,100
1162.5304174834152,1134.9910760301586,64,1,1,0,data36,lya,100
1213.2628418472343,1499.249195086966,65,5,1,0,data36,lya,100
1223.302113815869,1517.744656996266,66,1,1,0,data36,lya,100
1283.3313342197407,1530.3384163271485,68,1,1,0,data36,lya,100
1293.3455723958507,1535.3384163271485,69,1,1,0,data36,lya,100
1303.3736525528054,1548.2381790040108,70,1,1,0,data36,lya,100
1313.4058508022704,1563.934199558795,71,1,1,0,data36,lya,100
1383.4479678403845,1582.7138759677532,73,2,1,0,data36,lya,100
1393.5075521661247,1607.3815891149031,74,1,1,0,data36,lya,100
1463.5651187222375,1625.2204309536912,76,2,1,0,data36,lya,100
1473.59817353548,1640.961339610587,77,1,1,0,data36,lya,100
1483.6448470497257,1661.823518522548,78,1,1,0,data36,lya,100
1494.404235111267,2040.1402815394647,79,1,1,0,data36,lya,100
1504.4462331286938,2058.885809924286,80,1,1,0,data36,lya,100
1524.496667023276,2082.930594069387,81,2,1,0,data36,lya,100
1534.5310556429458,2099.065515575484,82,1,1,0,data36,lya,100
1554.559832942014,2112.7107042646453,83,2,1,0,data36,lya,100
1624.569249869519,2112.7107042646453,85,2,0,1,data36,lya,100
1644.5769421769792,2112.7107042646453,86,2,0,1,data36,lya,100
1664.5779729767294,2112.7107042646453,87,2,0,1,data36,lya,100
1674.6059033036777,2124.365830128062,88,1,1,0,data36,lya,100
1694.611124751646,2124.365830128062,89,2,0,1,data36,lya,100
1714.6145455936512,2124.365830128062,90,2,0,1,data36,lya,100
1724.6370788274482,2133.0289186205005,91,1,1,0,data36,lya,100
1744.6406523854948,2133.0289186205005,92,2,0,1,data36,lya,100
1764.643052067514,2133.0289186205005,93,2,0,1,data36,lya,100
1774.6862858660093,2154.179975388722,94,1,1,0,data36,lya,100
1784.7064416098012,2162.7238535777346,95,1,1,0,data36,lya,100
1804.7086052412672,2162.7238535777346,96,2,0,1,data36,lya,100
1824.732044527078,2172.817851901547,97,2,1,0,data36,lya,100
1834.7503678027003,2181.626697645805,98,1,1,0,data36,lya,100
1844.775509668217,2192.5034410075496,99,1,1,0,data36,lya,100
10.04089328486702,16.68199381893126,0,1,1,0,data37,baseline,100
20.07537677099819,31.935142873507093,1,1,1,0,data37,baseline,100
40.10673108811314,45.84785798898697,2,2,1,0,data37,baseline,100
50.134706217270555,58.471571246984595,3,1,1,0,data37,baseline,100
100.16314449921033,70.42470436756253,4,5,1,0,data37,baseline,100
120.18839425111977,81.35709888276241,5,2,1,0,data37,baseline,100
130.19962896336256,86.35709888276241,6,1,1,0,data37,baseline,100
140.23128502486142,100.01700712354805,7,1,1,0,data37,baseline,100
210.28005946575786,120.49865607125349,8,7,1,0,data37,baseline,100
340.30801032475813,133.8216009508993,9,13,1,0,data37,baseline,100
350.34586088987083,151.9971637054092,10,1,1,0,data37,baseline,100
370.3680133201176,161.5961593552068,11,2,1,0,data37,baseline,100
600.3998094660459,172.84235013986842,13,3,1,0,data37,baseline,100
660.4237903382228,182.71485079126762,14,6,1,0,data37,baseline,100
700.4438934459839,191.79965273459237,15,4,1,0,data37,baseline,100
730.4798075608893,209.04852292703603,16,3,1,0,data37,baseline,100
750.5344285430241,232.94314464646584,17,2,1,0,data37,baseline,100
780.561466133826,244.60842777168327,18,3,1,0,data37,baseline,100
800.580390573236,251.14933649043175,19,2,1,0,data37,baseline,100
830.6205048783884,269.43332314625167,20,3,1,0,data37,baseline,100
850.6419648159421,277.2538190493815,21,2,1,0,data37,baseline,100
880.6735344939236,286.3374909421094,22,3,1,0,data37,baseline,100
920.7119809654198,303.81246921306786,23,4,1,0,data37,baseline,100
930.7449461921976,317.98592114030004,24,1,1,0,data37,baseline,100
990.7731308510736,329.55004526363746,25,6,1,0,data37,baseline,100
1041.2897210376052,586.1864372528203,26,5,1,0,data37,baseline,100
1251.3493606063314,610.6341755334532,28,1,1,0,data37,baseline,100
1291.3761377938931,622.2551518623462,29,4,1,0,data37,baseline,100
1321.4008476360145,632.6880891757341,30,3,1,0,data37,baseline,100
1351.426774860881,645.4129233057963,31,3,1,0,data37,baseline,100
1361.454998444124,658.3491152398458,32,1,1,0,data37,baseline,100
1442.25965422933,1059.3208359657037,33,8,1,0,data37,baseline,100
1452.2751350478668,1064.3631470330467,34,1,1,0,data37,baseline,100
1472.3095729532913,1081.4932763672168,35,2,1,0,data37,baseline,100
1492.337015619329,1093.786849159017,36,2,1,0,data37,baseline,100
1532.377500963343,1112.670964181145,37,4,1,0,data37,baseline,100
1562.4080187362545,1127.43274562536,38,3,1,0,data37,baseline,100
1572.4459216611542,1145.0262179139488,39,1,1,0,data37,baseline,100
1662.4747315708223,1158.0692088535397,40,9,1,0,data37,baseline,100
1672.5107398109742,1175.2593218406482,41,1,1,0,data37,baseline,100
1773.2482729737128,1542.6260936189447,42,10,1,0,data37,baseline,100
1983.2871761713025,1557.090121243139,44,1,1,0,data37,baseline,100
2003.3150493594028,1569.6590348143734,45,2,1,0,data37,baseline,100
2013.3649209531131,1592.6239437856707,46,1,1,0,data37,baseline,100
2033.3948205302966,1605.4542357906205,47,2,1,0,data37,baseline,100
2083.4184051050743,1616.7907747841014,48,5,1,0,data37,baseline,100
2103.4470274068763,1628.8993902142806,49,2,1,0,data37,baseline,100
2133.4799208212903,1643.2208033026895,50,3,1,0,data37,baseline,100
2143.5076025860662,1654.2532782143264,51,1,1,0,data37,baseline,100
2184.213840930401,2005.205703581656,52,4,1,0,data37,baseline,100
2274.2522682891777,2020.9917128571415,53,9,1,0,data37,baseline,100
2304.2838158788677,2035.4143458075227,54,3,1,0,data37,baseline,100
2355.0510369769313,2416.2763619779425,55,5,1,0,data37,baseline,100
2375.0829123267836,2429.6795865888685,56,2,1,0,data37,baseline,100
2415.1171563914263,2443.6565040614805,57,4,1,0,data37,baseline,100
2465.157860812006,2460.0118128051918,58,5,1,0,data37,baseline,100
2475.2235575427662,2486.2358458352446,59,1,1,0,data37,baseline,100
2495.246337735452,2497.29783628345,60,2,1,0,data37,baseline,100
10.04089328486702,16.68199381893126,0,1,1,0,data37,lya,100
20.07537677099819,31.935142873507093,1,1,1,0,data37,lya,100
40.10673108811314,45.84785798898697,2,2,1,0,data37,lya,100
50.134706217270555,58.471571246984595,3,1,1,0,data37,lya,100
70.16314449921032,70.42470436756253,4,2,1,0,data37,lya,100
80.18839425111976,81.35709888276241,5,1,1,0,data37,lya,100
110.19962896336256,86.35709888276241,6,3,1,0,data37,lya,100
130.23128502486142,100.01700712354805,7,2,1,0,data37,lya,100
150.28005946575786,120.49865607125349,8,2,1,0,data37,lya,100
210.31921500011154,138.67421882576338,10,1,1,0,data37,lya,100
220.3413674303583,148.27321447556096,11,1,1,0,data37,lya,100
280.3731635762867,159.51940526022258,13,1,1,0,data37,lya,100
310.3971444484636,169.3919059116218,14,3,1,0,data37,lya,100
320.4172475562247,178.47670785494654,15,1,1,0,data37,lya,100
330.45316167113015,195.7255780473902,16,1,1,0,data37,lya,100
340.50778265326494,219.62019976682,17,1,1,0,data37,lya,100
350.5348202440668,231.28548289203744,18,1,1,0,data37,lya,100
360.55374468347674,237.82639161078592,19,1,1,0,data37,lya,100
370.59385898862917,256.11037826660584,20,1,1,0,data37,lya,100
380.61531892618297,263.93087416973566,21,1,1,0,data37,lya,100
390.6468886041646,273.0145460624636,22,1,1,0,data37,lya,100
400.68533507566076,290.4895243334221,23,1,1,0,data37,lya,100
420.71830030243865,304.66297626065426,24,2,1,0,data37,lya,100
440.74648496131465,316.2271003839917,25,2,1,0,data37,lya,100
510.7527363197149,316.2271003839917,27,2,0,1,data37,lya,100
520.8094419325942,340.6748386646246,28,1,1,0,data37,lya,100
530.8362191201558,352.2958149935176,29,1,1,0,data37,lya,100
540.8609289622772,362.7287523069055,30,1,1,0,data37,lya,100
550.8868561871438,375.45358643696767,31,1,1,0,data37,lya,100
560.9150797703867,388.38977837101714,32,1,1,0,data37,lya,100
620.9332729326783,393.4320894383601,34,1,1,0,data37,lya,100
640.9677108381029,410.5622187725301,35,2,1,0,data37,lya,100
650.9951535041404,422.8557915643303,36,1,1,0,data37,lya,100
661.0356388481543,441.7399065864583,37,1,1,0,data37,lya,100
671.0661566210659,456.50168803067305,38,1,1,0,data37,lya,100
681.1040595459657,474.09516031926194,39,1,1,0,data37,lya,100
691.1328694556339,487.13815125885276,40,1,1,0,data37,lya,100
701.1688776957858,504.3282642459611,41,1,1,0,data37,lya,100
771.1746773854813,504.3282642459611,43,2,0,1,data37,lya,100
781.2105805125576,518.7922918701555,44,1,1,0,data37,lya,100
791.2384537006579,531.3612054413899,45,1,1,0,data37,lya,100
801.2883252943682,554.3261144126872,46,1,1,0,data37,lya,100
811.3182248715516,567.156406417637,47,1,1,0,data37,lya,100
871.3477586701445,579.2650218478162,49,1,1,0,data37,lya,100
891.3806520845585,593.586434936225,50,2,1,0,data37,lya,100
901.4083338493342,604.618909847862,51,1,1,0,data37,lya,100
971.41952268316,604.618909847862,53,2,0,1,data37,lya,100
981.4510702728501,619.0415427982433,54,1,1,0,data37,lya,100
1002.2182913709136,999.9035589686629,55,2,1,0,data37,lya,100
1022.2501667207657,1013.306783579589,56,2,1,0,data37,lya,100
1032.284410785409,1027.2837010522012,57,1,1,0,data37,lya,100
1042.325115205989,1043.6390097959124,58,1,1,0,data37,lya,100
1062.3908119367488,1069.8630428259653,59,2,1,0,data37,lya,100
1072.4135921294346,1080.925033274171,60,1,1,0,data37,lya,100
1082.4703565060445,1105.5431553348974,61,1,1,0,data37,lya,100
1152.510250231363,1121.6880074960495,63,2,1,0,data37,lya,100
1162.5408563334124,1134.9910760301586,64,1,1,0,data37,lya,100
1213.271776026024,1499.249195086966,65,5,1,0,data37,lya,100
1223.3108355387126,1517.744656996266,66,1,1,0,data37,lya,100
1283.3464534129164,1530.3384163271485,68,1,1,0,data37,lya,100
1293.3579835224427,1535.3384163271485,69,1,1,0,data37,lya,100
1303.3875029620135,1548.2381790040108,70,1,1,0,data37,lya,100
1313.423585429287,1563.934199558795,71,1,1,0,data37,lya,100
1383.4659554280893,1582.7138759677532,73,2,1,0,data37,lya,100
1393.5179198406558,1607.3815891149031,74,1,1,0,data37,lya,100
1463.557424598341,1625.2204309536912,76,2,1,0,data37,lya,100
1473.5906854062857,1640.961339610587,77,1,1,0,data37,lya,100
1483.6395388754647,1661.823518522548,78,1,1,0,data37,lya,100
1494.3994429799252,2040.1402815394647,79,1,1,0,data37,lya,100
1504.4384152720484,2058.885809924286,80,1,1,0,data37,lya,100
1524.4899537051754,2082.930594069387,81,2,1,0,data37,lya,100
1534.5251558720793,2099.065515575484,82,1,1,0,data37,lya,100
1554.5583665611446,2112.7107042646453,83,2,1,0,data37,lya,100
1624.5627598570427,2112.7107042646453,85,2,0,1,data37,lya,100
1644.5673627617805,2112.7107042646453,86,2,0,1,data37,lya,100
1664.5723765484956,2112.7107042646453,87,2,0,1,data37,lya,100
1674.6010192967778,2124.365830128062,88,1,1,0,data37,lya,100
1694.603916672198,2124.365830128062,89,2,0,1,data37,lya,100
1714.607195342212,2124.365830128062,90,2,0,1,data37,lya,100
1724.6266379974331,2133.0289186205005,91,1,1,0,data37,lya,100
1744.629374575159,2133.0289186205005,92,2,0,1,data37,lya,100
1764.632437170198,2133.0289186205005,93,2,0,1,data37,lya,100
1774.6870505202396,2154.179975388722,94,1,1,0,data37,lya,100
1784.7069271312364,2162.7238535777346,95,1,1,0,data37,lya,100
1804.7072683728884,2162.7238535777346,96,2,0,1,data37,lya,100
1824.7305179605742,2172.817851901547,97,2,1,0,data37,lya,100
1834.7511866565878,2181.626697645805,98,1,1,0,data37,lya,100
1844.774314528022,2192.5034410075496,99,1,1,0,data37,lya,100
10.03935110786799,16.68199381893126,0,1,1,0,data38,baseline,100
20.07095408345024,31.935142873507093,1,1,1,0,data38,baseline,100
40.103381292509546,45.84785798898697,2,2,1,0,data38,baseline,100
50.13333437641984,58.471571246984595,3,1,1,0,data38,baseline,100
100.16355649794058,70.42470436756253,4,5,1,0,data38,baseline,100
120.18634285677571,81.35709888276241,5,2,1,0,data38,baseline,100
130.19872563793487,86.35709888276241,6,1,1,0,data38,baseline,100
140.227006291783,100.01700712354805,7,1,1,0,data38,baseline,100
210.27298756263818,120.49865607125349,8,7,1,0,data38,baseline,100
340.30396842029154,133.8216009508993,9,13,1,0,data38,baseline,100
350.34129287731656,151.9971637054092,10,1,1,0,data38,baseline,100
370.3626579428587,161.5961593552068,11,2,1,0,data38,baseline,100
600.3945571327065,172.84235013986842,13,3,1,0,data38,baseline,100
660.4170465665882,182.71485079126762,14,6,1,0,data38,baseline,100
700.4376399870356,191.79965273459237,15,4,1,0,data38,baseline,100
730.4801035885873,209.04852292703603,16,3,1,0,data38,baseline,100
750.5284375563647,232.94314464646584,17,2,1,0,data38,baseline,100
780.5528319128224,244.60842777168327,18,3,1,0,data38,baseline,100
800.5749829881398,251.14933649043175,19,2,1,0,data38,baseline,100
830.614379412406,269.43332314625167,20,3,1,0,data38,baseline,100
850.6316688969306,277.2538190493815,21,2,1,0,data38,baseline,100
880.6628549766256,286.3374909421094,22,3,1,0,data38,baseline,100
920.7035380754769,303.81246921306786,23,4,1,0,data38,baseline,100
930.7344201159455,317.98592114030004,24,1,1,0,data38,baseline,100
990.7610860834892,329.55004526363746,25,6,1,0,data38,baseline,100
1041.2813968251176,586.1864372528203,26,5,1,0,data38,baseline,100
1251.3347179409413,610.6341755334532,28,1,1,0,data38,baseline,100
1291.363086815129,622.2551518623462,29,4,1,0,data38,baseline,100
1321.3867672414628,632.6880891757341,30,3,1,0,data38,baseline,100
1351.418082682263,645.4129233057963,31,3,1,0,data38,baseline,100
1361.4445797449466,658.3491152398458,32,1,1,0,data38,baseline,100
1442.250586972969,1059.3208359657037,33,8,1,0,data38,baseline,100
1452.264051102353,1064.3631470330467,34,1,1,0,data38,baseline,100
1472.301689868532,1081.4932763672168,35,2,1,0,data38,baseline,100
1492.330336526556,1093.786849159017,36,2,1,0,data38,baseline,100
1532.3709324709928,1112.670964181145,37,4,1,0,data38,baseline,100
1562.4057405988208,1127.43274562536,38,3,1,0,data38,baseline,100
1572.4416044924692,1145.0262179139488,39,1,1,0,data38,baseline,100
1662.4689129529422,1158.0692088535397,40,9,1,0,data38,baseline,100
1672.5041629653415,1175.2593218406482,41,1,1,0,data38,baseline,100
1773.24287358107,1542.6260936189447,42,10,1,0,data38,baseline,100
1983.2770623876463,1557.090121243139,44,1,1,0,data38,baseline,100
2003.3032968899504,1569.6590348143734,45,2,1,0,data38,baseline,100
2013.3500688479185,1592.6239437856707,46,1,1,0,data38,baseline,100
2033.377620790634,1605.4542357906205,47,2,1,0,data38,baseline,100
2083.4043111760925,1616.7907747841014,48,5,1,0,data38,baseline,100
2103.4293572988636,1628.8993902142806,49,2,1,0,data38,baseline,100
2133.460475930488,1643.2208033026895,50,3,1,0,data38,baseline,100
2143.4846805709813,1654.2532782143264,51,1,1,0,data38,baseline,100
2184.1867401534273,2005.205703581656,52,4,1,0,data38,baseline,100
2274.2222522272855,2020.9917128571415,53,9,1,0,data38,baseline,100
2304.2523065649975,2035.4143458075227,54,3,1,0,data38,baseline,100
2355.016546665919,2416.2763619779425,55,5,1,0,data38,baseline,100
2375.0447066073143,2429.6795865888685,56,2,1,0,data38,baseline,100
2415.0730469861055,2443.6565040614805,57,4,1,0,data38,baseline,100
2465.1092787317375,2460.0118128051918,58,5,1,0,data38,baseline,100
2475.1653448245643,2486.2358458352446,59,1,1,0,data38,baseline,100
2495.191673440242,2497.29783628345,60,2,1,0,data38,baseline,100
10.03935110786799,16.68199381893126,0,1,1,0,data38,lya,100
20.07095408345024,31.935142873507093,1,1,1,0,data38,lya,100
40.103381292509546,45.84785798898697,2,2,1,0,data38,lya,100
50.13333437641984,58.471571246984595,3,1,1,0,data38,lya,100
70.16355649794056,70.42470436756253,4,2,1,0,data38,lya,100
80.1863428567757,81.35709888276241,5,1,1,0,data38,lya,100
110.19872563793487,86.35709888276241,6,3,1,0,data38,lya,100
130.22700629178303,100.01700712354805,7,2,1,0,data38,lya,100
150.2729875626382,120.49865607125349,8,2,1,0,data38,lya,100
210.31464698755727,138.67421882576338,10,1,1,0,data38,lya,100
220.33601205309935,148.27321447556096,11,1,1,0,data38,lya,100
280.3679112429471,159.51940526022258,13,1,1,0,data38,lya,100
310.3904006768288,169.3919059116218,14,3,1,0,data38,lya,100
320.41099409727616,178.47670785494654,15,1,1,0,data38,lya,100
330.45345769882795,195.7255780473902,16,1,1,0,data38,lya,100
340.50179166660536,219.62019976682,17,1,1,0,data38,lya,100
350.526186023063,231.28548289203744,18,1,1,0,data38,lya,100
360.54833709838044,237.82639161078592,19,1,1,0,data38,lya,100
370.5877335226467,256.11037826660584,20,1,1,0,data38,lya,100
380.6050230071713,263.93087416973566,21,1,1,0,data38,lya,100
390.63620908686636,273.0145460624636,22,1,1,0,data38,lya,100
400.6768921857177,290.4895243334221,23,1,1,0,data38,lya,100
420.7077742261863,304.66297626065426,24,2,1,0,data38,lya,100
440.73444019373005,316.2271003839917,25,2,1,0,data38,lya,100
510.7437016442027,316.2271003839917,27,2,0,1,data38,lya,100
520.7947992672039,340.6748386646246,28,1,1,0,data38,lya,100
530.8231681413914,352.2958149935176,29,1,1,0,data38,lya,100
540.8468485677254,362.7287523069055,30,1,1,0,data38,lya,100
550.8781640085256,375.45358643696767,31,1,1,0,data38,lya,100
560.9046610712091,388.38977837101714,32,1,1,0,data38,lya,100
620.9221889871643,393.4320894383601,34,1,1,0,data38,lya,100
640.9598277533435,410.5622187725301,35,2,1,0,data38,lya,100
650.9884744113673,422.8557915643303,36,1,1,0,data38,lya,100
661.0290703558039,441.7399065864583,37,1,1,0,data38,lya,100
671.0638784836319,456.50168803067305,38,1,1,0,data38,lya,100
681.0997423772803,474.09516031926194,39,1,1,0,data38,lya,100
691.1270508377534,487.13815125885276,40,1,1,0,data38,lya,100
701.1623008501525,504.3282642459611,41,1,1,0,data38,lya,100
771.1666288551456,504.3282642459611,43,2,0,1,data38,lya,100
781.2004667289008,518.7922918701555,44,1,1,0,data38,lya,100
791.2267012312047,531.3612054413899,45,1,1,0,data38,lya,100
801.2734731891728,554.3261144126872,46,1,1,0,data38,lya,100
811.3010251318881,567.156406417637,47,1,1,0,data38,lya,100
871.3300885621311,579.2650218478162,49,1,1,0,data38,lya,100
891.3612071937551,593.586434936225,50,2,1,0,data38,lya,100
901.3854118342482,604.618909847862,51,1,1,0,data38,lya,100
971.389506621267,604.618909847862,53,2,0,1,data38,lya,100
981.419560958979,619.0415427982433,54,1,1,0,data38,lya,100
1002.1838010599009,999.9035589686629,55,2,1,0,data38,lya,100
1022.2119610012958,1013.306783579589,56,2,1,0,data38,lya,100
1032.2403013800872,1027.2837010522012,57,1,1,0,data38,lya,100
1042.2765331257197,1043.6390097959124,58,1,1,0,data38,lya,100
1062.3325992185462,1069.8630428259653,59,2,1,0,data38,lya,100
1072.3589278342238,1080.925033274171,60,1,1,0,data38,lya,100
1082.4114210256007,1105.5431553348974,61,1,1,0,data38,lya,100
1152.4488942487021,1121.6880074960495,63,2,1,0,data38,lya,100
1162.4797802418839,1134.9910760301586,64,1,1,0,data38,lya,100
1213.213955427554,1499.249195086966,65,5,1,0,data38,lya,100
1223.256539905079,1517.744656996266,66,1,1,0,data38,lya,100
1283.2871366041118,1530.3384163271485,68,1,1,0,data38,lya,100
1293.298633580147,1535.3384163271485,69,1,1,0,data38,lya,100
1303.3325519978907,1548.2381790040108,70,1,1,0,data38,lya,100
1313.368317257386,1563.934199558795,71,1,1,0,data38,lya,100
1383.416859336739,1582.7138759677532,73,2,1,0,data38,lya,100
1393.4690595655134,1607.3815891149031,74,1,1,0,data38,lya,100
1463.5185762905373,1625.2204309536912,76,2,1,0,data38,lya,100
1473.5559645518172,1640.961339610587,77,1,1,0,data38,lya,100
1483.6072390280276,1661.823518522548,78,1,1,0,data38,lya,100
1494.3659947330223,2040.1402815394647,79,1,1,0,data38,lya,100
1504.4060399554648,2058.885809924286,80,1,1,0,data38,lya,100
1524.459001032665,2082.930594069387,81,2,1,0,data38,lya,100
1534.493307862237,2099.065515575484,82,1,1,0,data38,lya,100
1554.5213793024457,2112.7107042646453,83,2,1,0,data38,lya,100
1624.5290000149207,2112.7107042646453,85,2,0,1,data38,lya,100
1644.5377095626811,2112.7107042646453,86,2,0,1,data38,lya,100
1664.5410812752375,2112.7107042646453,87,2,0,1,data38,lya,100
1674.565713770758,2124.365830128062,88,1,1,0,data38,lya,100
1694.5735216775918,2124.365830128062,89,2,0,1,data38,lya,100
1714.5778693280636,2124.365830128062,90,2,0,1,data38,lya,100
1724.5995313451645,2133.0289186205005,91,1,1,0,data38,lya,100
1744.6063792806142,2133.0289186205005,92,2,0,1,data38,lya,100
1764.610163641179,2133.0289186205005,93,2,0,1,data38,lya,100
1774.6547910136053,2154.179975388722,94,1,1,0,data38,lya,100
1784.677477013803,2162.7238535777346,95,1,1,0,data38,lya,100
1804.683288459518,2162.7238535777346,96,2,0,1,data38,lya,100
1824.7059859204355,2172.817851901547,97,2,1,0,data38,lya,100
1834.7278149103427,2181.626697645805,98,1,1,0,data38,lya,100
1844.7516428333583,2192.5034410075496,99,1,1,0,data38,lya,100
10.034997805930239,16.68199381893126,0,1,1,0,data39,baseline,100
20.06928725163498,31.935142873507093,1,1,1,0,data39,baseline,100
40.10253991405394,45.84785798898697,2,2,1,0,data39,baseline,100
50.132077746257345,58.471571246984595,3,1,1,0,data39,baseline,100
100.16428571833104,70.42470436756253,4,5,1,0,data39,baseline,100
120.19095206571916,81.35709888276241,5,2,1,0,data39,baseline,100
130.20285880117342,86.35709888276241,6,1,1,0,data39,baseline,100
140.2320032874676,100.01700712354805,7,1,1,0,data39,baseline,100
210.27403741728844,120.49865607125349,8,7,1,0,data39,baseline,100
340.3059226756578,133.8216009508993,9,13,1,0,data39,baseline,100
350.34405276123175,151.9971637054092,10,1,1,0,data39,baseline,100
370.37190807574353,161.5961593552068,11,2,1,0,data39,baseline,100
600.4026882864994,172.84235013986842,13,3,1,0,data39,baseline,100
660.4254486295096,182.71485079126762,14,6,1,0,data39,baseline,100
700.4464466255941,191.79965273459237,15,4,1,0,data39,baseline,100
730.484431834247,209.04852292703603,16,3,1,0,data39,baseline,100
750.5343254205482,232.94314464646584,17,2,1,0,data39,baseline,100
780.5615422198983,244.60842777168327,18,3,1,0,data39,baseline,100
800.5810057469316,251.14933649043175,19,2,1,0,data39,baseline,100
830.6232209310604,269.43332314625167,20,3,1,0,data39,baseline,100
850.6472754657808,277.2538190493815,21,2,1,0,data39,baseline,100
880.6714007977218,286.3374909421094,22,3,1,0,data39,baseline,100
920.7115149367571,303.81246921306786,23,4,1,0,data39,baseline,100
930.7441870417239,317.98592114030004,24,1,1,0,data39,baseline,100
990.7692241087217,329.55004526363746,25,6,1,0,data39,baseline,100
1041.2843870403583,586.1864372528203,26,5,1,0,data39,baseline,100
1251.3383108731243,610.6341755334532,28,1,1,0,data39,baseline,100
1291.362615167441,622.2551518623462,29,4,1,0,data39,baseline,100
1321.385521614233,632.6880891757341,30,3,1,0,data39,baseline,100
1351.4146605983583,645.4129233057963,31,3,1,0,data39,baseline,100
1361.44999124082,658.3491152398458,32,1,1,0,data39,baseline,100
1442.2613697458762,1059.3208359657037,33,8,1,0,data39,baseline,100
1452.273079818103,1064.3631470330467,34,1,1,0,data39,baseline,100
1472.3143088940171,1081.4932763672168,35,2,1,0,data39,baseline,100
1492.3415534237681,1093.786849159017,36,2,1,0,data39,baseline,100
1532.3832929700086,1112.670964181145,37,4,1,0,data39,baseline,100
1562.4166657340625,1127.43274562536,38,3,1,0,data39,baseline,100
1572.4551693333235,1145.0262179139488,39,1,1,0,data39,baseline,100
1662.4838182080607,1158.0692088535397,40,9,1,0,data39,baseline,100
1672.523332990355,1175.2593218406482,41,1,1,0,data39,baseline,100
1773.2607603672716,1542.6260936189447,42,10,1,0,data39,baseline,100
1983.2970436146275,1557.090121243139,44,1,1,0,data39,baseline,100
2003.3236542342001,1569.6590348143734,45,2,1,0,data39,baseline,100
2013.3732452301024,1592.6239437856707,46,1,1,0,data39,baseline,100
2033.4058084345727,1605.4542357906205,47,2,1,0,data39,baseline,100
2083.428842385588,1616.7907747841014,48,5,1,0,data39,baseline,100
2103.456804587738,1628.8993902142806,49,2,1,0,data39,baseline,100
2133.4879604833136,1643.2208033026895,50,3,1,0,data39,baseline,100
2143.517030155502,1654.2532782143264,51,1,1,0,data39,baseline,100
2184.222549054099,2005.205703581656,52,4,1,0,data39,baseline,100
2274.258768600193,2020.9917128571415,53,9,1,0,data39,baseline,100
2304.2899570463533,2035.4143458075227,54,3,1,0,data39,baseline,100
2355.0561203742645,2416.2763619779425,55,5,1,0,data39,baseline,100
2375.0902821822438,2429.6795865888685,56,2,1,0,data39,baseline,100
2415.1207732660755,2443.6565040614805,57,4,1,0,data39,baseline,100
2465.1572486974405,2460.0118128051918,58,5,1,0,data39,baseline,100
2475.211089791363,2486.2358458352446,59,1,1,0,data39,baseline,100
2495.2350996626838,2497.29783628345,60,2,1,0,data39,baseline,100
10.034997805930239,16.68199381893126,0,1,1,0,data39,lya,100
20.06928725163498,31.935142873507093,1,1,1,0,data39,lya,100
40.10253991405394,45.84785798898697,2,2,1,0,data39,lya,100
50.132077746257345,58.471571246984595,3,1,1,0,data39,lya,100
70.16428571833103,70.42470436756253,4,2,1,0,data39,lya,100
80.19095206571915,81.35709888276241,5,1,1,0,data39,lya,100
110.2028588011734,86.35709888276241,6,3,1,0,data39,lya,100
130.23200328746756,100.01700712354805,7,2,1,0,data39,lya,100
150.2740374172884,120.49865607125349,8,2,1,0,data39,lya,100
210.31740687147243,138.67421882576338,10,1,1,0,data39,lya,100
220.34526218598418,148.27321447556096,11,1,1,0,data39,lya,100
280.37604239674,159.51940526022258,13,1,1,0,data39,lya,100
310.3988027397502,169.3919059116218,14,3,1,0,data39,lya,100
320.4198007358347,178.47670785494654,15,1,1,0,data39,lya,100
330.45778594448757,195.7255780473902,16,1,1,0,data39,lya,100
340.5076795307888,219.62019976682,17,1,1,0,data39,lya,100
350.53489633013885,231.28548289203744,18,1,1,0,data39,lya,100
360.5543598571722,237.82639161078592,19,1,1,0,data39,lya,100
370.5965750413009,256.11037826660584,20,1,1,0,data39,lya,100
380.62062957602143,263.93087416973566,21,1,1,0,data39,lya,100
390.6447549079625,273.0145460624636,22,1,1,0,data39,lya,100
400.68486904699785,290.4895243334221,23,1,1,0,data39,lya,100
420.71754115196467,304.66297626065426,24,2,1,0,data39,lya,100
440.74257821896254,316.2271003839917,25,2,1,0,data39,lya,100
510.74714973417576,316.2271003839917,27,2,0,1,data39,lya,100
520.7983921993869,340.6748386646246,28,1,1,0,data39,lya,100
530.8226964937035,352.2958149935176,29,1,1,0,data39,lya,100
540.8456029404957,362.7287523069055,30,1,1,0,data39,lya,100
550.8747419246209,375.45358643696767,31,1,1,0,data39,lya,100
560.9100725670827,388.38977837101714,32,1,1,0,data39,lya,100
620.9312177029143,393.4320894383601,34,1,1,0,data39,lya,100
640.9724467788283,410.5622187725301,35,2,1,0,data39,lya,100
650.9996913085791,422.8557915643303,36,1,1,0,data39,lya,100
661.0414308548195,441.7399065864583,37,1,1,0,data39,lya,100
671.0748036188735,456.50168803067305,38,1,1,0,data39,lya,100
681.1133072181345,474.09516031926194,39,1,1,0,data39,lya,100
691.1419560928719,487.13815125885276,40,1,1,0,data39,lya,100
701.181470875166,504.3282642459611,41,1,1,0,data39,lya,100
771.1871726886646,504.3282642459611,43,2,0,1,data39,lya,100
781.2204479558822,518.7922918701555,44,1,1,0,data39,lya,100
791.2470585754548,531.3612054413899,45,1,1,0,data39,lya,100
801.2966495713571,554.3261144126872,46,1,1,0,data39,lya,100
811.3292127758273,567.156406417637,47,1,1,0,data39,lya,100
871.3575358510058,579.2650218478162,49,1,1,0,data39,lya,100
891.3886917465812,593.586434936225,50,2,1,0,data39,lya,100
901.4177614187696,604.618909847862,51,1,1,0,data39,lya,100
971.426022994175,604.618909847862,53,2,0,1,data39,lya,100
981.4572114403355,619.0415427982433,54,1,1,0,data39,lya,100
1002.2233747682468,999.9035589686629,55,2,1,0,data39,lya,100
1022.2575365762261,1013.306783579589,56,2,1,0,data39,lya,100
1032.2880276600579,1027.2837010522012,57,1,1,0,data39,lya,100
1042.324503091423,1043.6390097959124,58,1,1,0,data39,lya,100
1062.3783441853452,1069.8630428259653,59,2,1,0,data39,lya,100
1072.402354056666,1080.925033274171,60,1,1,0,data39,lya,100
1082.4531058568998,1105.5431553348974,61,1,1,0,data39,lya,100
1152.4925593966132,1121.6880074960495,63,2,1,0,data39,lya,100
1162.5234976796626,1134.9910760301586,64,1,1,0,data39,lya,100
1213.2569270480842,1499.249195086966,65,5,1,0,data39,lya,100
1223.3002686626514,1517.744656996266,66,1,1,0,data39,lya,100
1283.332178101923,1530.3384163271485,68,1,1,0,data39,lya,100
1293.3545763204409,1535.3384163271485,69,1,1,0,data39,lya,100
1303.3824139370518,1548.2381790040108,70,1,1,0,data39,lya,100
1313.4199235753467,1563.934199558795,71,1,1,0,data39,lya,100
1383.4611542344453,1582.7138759677532,73,2,1,0,data39,lya,100
1393.5106762027253,1607.3815891149031,74,1,1,0,data39,lya,100
1463.555015910268,1625.2204309536912,76,2,1,0,data39,lya,100
1473.5896188477705,1640.961339610587,77,1,1,0,data39,lya,100
1483.6357776879888,1661.823518522548,78,1,1,0,data39,lya,100
1494.394395027699,2040.1402815394647,79,1,1,0,data39,lya,100
1504.434389830567,2058.885809924286,80,1,1,0,data39,lya,100
1524.4846245868587,2082.930594069387,81,2,1,0,data39,lya,100
1534.5188896381508,2099.065515575484,82,1,1,0,data39,lya,100
1554.54935510647,2112.7107042646453,83,2,1,0,data39,lya,100
1624.557004131958,2112.7107042646453,85,2,0,1,data39,lya,100
1644.565389949688,2112.7107042646453,86,2,0,1,data39,lya,100
1664.5659133534639,2112.7107042646453,87,2,0,1,data39,lya,100
1674.591217725105,2124.365830128062,88,1,1,0,data39,lya,100
1694.5965871155868,2124.365830128062,89,2,0,1,data39,lya,100
1714.6034584727854,2124.365830128062,90,2,0,1,data39,lya,100
1724.6236929381969,2133.0289186205005,91,1,1,0,data39,lya,100
1744.624459153343,2133.0289186205005,92,2,0,1,data39,lya,100
1764.624827681093,2133.0289186205005,93,2,0,1,data39,lya,100
1774.6685072854007,2154.179975388722,94,1,1,0,data39,lya,100
1784.6901841357655,2162.7238535777346,95,1,1,0,data39,lya,100
1804.6945671127316,2162.7238535777346,96,2,0,1,data39,lya,100
1824.7193540165288,2172.817851901547,97,2,1,0,data39,lya,100
1834.7400834271893,2181.626697645805,98,1,1,0,data39,lya,100
1844.7657013894495,2192.5034410075496,99,1,1,0,data39,lya,100
10.037062161419609,16.68199381893126,0,1,1,0,data40,baseline,100
20.069993198257986,31.935142873507093,1,1,1,0,data40,baseline,100
40.09913034340653,45.84785798898697,2,2,1,0,data40,baseline,100
50.12961705494722,58.471571246984595,3,1,1,0,data40,baseline,100
100.15643001693483,70.42470436756253,4,5,1,0,data40,baseline,100
120.18287728797966,81.35709888276241,5,2,1,0,data40,baseline,100
130.19782566696676,86.35709888276241,6,1,1,0,data40,baseline,100
140.22956171557001,100.01700712354805,7,1,1,0,data40,baseline,100
210.27537564746342,120.49865607125349,8,7,1,0,data40,baseline,100
340.3049690557358,133.8216009508993,9,13,1,0,data40,baseline,100
350.34285080417766,151.9971637054092,10,1,1,0,data40,baseline,100
370.37235669008106,161.5961593552068,11,2,1,0,data40,baseline,100
600.4033107265411,172.84235013986842,13,3,1,0,data40,baseline,100
660.4267479046138,182.71485079126762,14,6,1,0,data40,baseline,100
700.4474179347086,191.79965273459237,15,4,1,0,data40,baseline,100
730.4855514362052,209.04852292703603,16,3,1,0,data40,baseline,100
750.5350676422956,232.94314464646584,17,2,1,0,data40,baseline,100
780.559164983743,244.60842777168327,18,3,1,0,data40,baseline,100
800.5762803467425,251.14933649043175,19,2,1,0,data40,baseline,100
830.6170636549471,269.43332314625167,20,3,1,0,data40,baseline,100
850.6406684168694,277.2538190493815,21,2,1,0,data40,baseline,100
880.6613728314421,286.3374909421094,22,3,1,0,data40,baseline,100
920.6998260523164,303.81246921306786,23,4,1,0,data40,baseline,100
930.7311103436513,317.98592114030004,24,1,1,0,data40,baseline,100
990.7554482342965,329.55004526363746,25,6,1,0,data40,baseline,100
1041.2731116615835,586.1864372528203,26,5,1,0,data40,baseline,100
1251.3270522269863,610.6341755334532,28,1,1,0,data40,baseline,100
1291.3554357168584,622.2551518623462,29,4,1,0,data40,baseline,100
1321.3887650031313,632.6880891757341,30,3,1,0,data40,baseline,100
1351.4193592734123,645.4129233057963,31,3,1,0,data40,baseline,100
1361.446960141649,658.3491152398458,32,1,1,0,data40,baseline,100
1442.251854911488,1059.3208359657037,33,8,1,0,data40,baseline,100
1452.2642233509641,1064.3631470330467,34,1,1,0,data40,baseline,100
1472.3036050966884,1081.4932763672168,35,2,1,0,data40,baseline,100
1492.3312974770672,1093.786849159017,36,2,1,0,data40,baseline,100
1532.373072056485,1112.670964181145,37,4,1,0,data40,baseline,100
1562.406896988407,1127.43274562536,38,3,1,0,data40,baseline,100
1572.4463547445243,1145.0262179139488,39,1,1,0,data40,baseline,100
1662.4741494612701,1158.0692088535397,40,9,1,0,data40,baseline,100
1672.5129642022757,1175.2593218406482,41,1,1,0,data40,baseline,100
1773.2487497598734,1542.6260936189447,42,10,1,0,data40,baseline,100
1983.2825250143026,1557.090121243139,44,1,1,0,data40,baseline,100
2003.3135090246658,1569.6590348143734,45,2,1,0,data40,baseline,100
2013.367036746778,1592.6239437856707,46,1,1,0,data40,baseline,100
2033.4008743450331,1605.4542357906205,47,2,1,0,data40,baseline,100
2083.4258545679313,1616.7907747841014,48,5,1,0,data40,baseline,100
2103.4539855130433,1628.8993902142806,49,2,1,0,data40,baseline,100
2133.487890190933,1643.2208033026895,50,3,1,0,data40,baseline,100
2143.5121261359454,1654.2532782143264,51,1,1,0,data40,baseline,100
2184.220141747251,2005.205703581656,52,4,1,0,data40,baseline,100
2274.25402803209,2020.9917128571415,53,9,1,0,data40,baseline,100
2304.2858572683363,2035.4143458075227,54,3,1,0,data40,baseline,100
2355.054253460939,2416.2763619779425,55,5,1,0,data40,baseline,100
2375.0887255435628,2429.6795865888685,56,2,1,0,data40,baseline,100
2415.119626831989,2443.6565040614805,57,4,1,0,data40,baseline,100
2465.155893310869,2460.0118128051918,58,5,1,0,data40,baseline,100
2475.2116691016668,2486.2358458352446,59,1,1,0,data40,baseline,100
2495.240024467357,2497.29783628345,60,2,1,0,data40,baseline,100
10.037062161419609,16.68199381893126,0,1,1,0,data40,lya,100
20.069993198257986,31.935142873507093,1,1,1,0,data40,lya,100
40.09913034340653,45.84785798898697,2,2,1,0,data40,lya,100
50.12961705494722,58.471571246984595,3,1,1,0,data40,lya,100
70.15643001693483,70.42470436756253,4,2,1,0,data40,lya,100
80.18287728797966,81.35709888276241,5,1,1,0,data40,lya,100
110.19782566696678,86.35709888276241,6,3,1,0,data40,lya,100
130.22956171557001,100.01700712354805,7,2,1,0,data40,lya,100
150.27537564746342,120.49865607125349,8,2,1,0,data40,lya,100
210.31620491441834,138.67421882576338,10,1,1,0,data40,lya,100
220.3457108003217,148.27321447556096,11,1,1,0,data40,lya,100
280.3766648367818,159.51940526022258,13,1,1,0,data40,lya,100
310.4001020148545,169.3919059116218,14,3,1,0,data40,lya,100
320.4207720449493,178.47670785494654,15,1,1,0,data40,lya,100
330.45890554644603,195.7255780473902,16,1,1,0,data40,lya,100
340.5084217525365,219.62019976682,17,1,1,0,data40,lya,100
350.53251909398375,231.28548289203744,18,1,1,0,data40,lya,100
360.5496344569832,237.82639161078592,19,1,1,0,data40,lya,100
370.59041776518785,256.11037826660584,20,1,1,0,data40,lya,100
380.61402252711025,263.93087416973566,21,1,1,0,data40,lya,100
390.6347269416831,273.0145460624636,22,1,1,0,data40,lya,100
400.6731801625574,290.4895243334221,23,1,1,0,data40,lya,100
420.7044644538923,304.66297626065426,24,2,1,0,data40,lya,100
440.72880234453754,316.2271003839917,25,2,1,0,data40,lya,100
510.7360217027119,316.2271003839917,27,2,0,1,data40,lya,100
520.7871335532489,340.6748386646246,28,1,1,0,data40,lya,100
530.8155170431208,352.2958149935176,29,1,1,0,data40,lya,100
540.8488463293938,362.7287523069055,30,1,1,0,data40,lya,100
550.8794405996747,375.45358643696767,31,1,1,0,data40,lya,100
560.9070414679114,388.38977837101714,32,1,1,0,data40,lya,100
620.9223612357752,393.4320894383601,34,1,1,0,data40,lya,100
640.9617429814996,410.5622187725301,35,2,1,0,data40,lya,100
650.9894353618782,422.8557915643303,36,1,1,0,data40,lya,100
661.031209941296,441.7399065864583,37,1,1,0,data40,lya,100
671.065034873218,456.50168803067305,38,1,1,0,data40,lya,100
681.1044926293355,474.09516031926194,39,1,1,0,data40,lya,100
691.1322873460815,487.13815125885276,40,1,1,0,data40,lya,100
701.171102087087,504.3282642459611,41,1,1,0,data40,lya,100
771.1749100418951,504.3282642459611,43,2,0,1,data40,lya,100
781.2059293555571,518.7922918701555,44,1,1,0,data40,lya,100
791.2369133659203,531.3612054413899,45,1,1,0,data40,lya,100
801.2904410880326,554.3261144126872,46,1,1,0,data40,lya,100
811.3242786862876,567.156406417637,47,1,1,0,data40,lya,100
871.3547167763112,579.2650218478162,49,1,1,0,data40,lya,100
891.3886214542003,593.586434936225,50,2,1,0,data40,lya,100
901.4128573992131,604.618909847862,51,1,1,0,data40,lya,100
971.4212824260726,604.618909847862,53,2,0,1,data40,lya,100
981.4531116623187,619.0415427982433,54,1,1,0,data40,lya,100
1002.2215078549216,999.9035589686629,55,2,1,0,data40,lya,100
1022.2559799375451,1013.306783579589,56,2,1,0,data40,lya,100
1032.2868812259717,1027.2837010522012,57,1,1,0,data40,lya,100
1042.323147704852,1043.6390097959124,58,1,1,0,data40,lya,100
1062.37892349565,1069.8630428259653,59,2,1,0,data40,lya,100
1072.4072788613403,1080.925033274171,60,1,1,0,data40,lya,100
1082.4617004164004,1105.5431553348974,61,1,1,0,data40,lya,100
1152.502977790927,1121.6880074960495,63,2,1,0,data40,lya,100
1162.5339804130504,1134.9910760301586,64,1,1,0,data40,lya,100
1213.2703159597513,1499.249195086966,65,5,1,0,data40,lya,100
1223.3114622610055,1517.744656996266,66,1,1,0,data40,lya,100
1283.3453768131888,1530.3384163271485,68,1,1,0,data40,lya,100
1293.3640867057356,1535.3384163271485,69,1,1,0,data40,lya,100
1303.394840389248,1548.2381790040108,70,1,1,0,data40,lya,100
1313.4294470558523,1563.934199558795,71,1,1,0,data40,lya,100
1383.4789648846015,1582.7138759677532,73,2,1,0,data40,lya,100
1393.5311417019107,1607.3815891149031,74,1,1,0,data40,lya,100
1463.572615223434,1625.2204309536912,76,2,1,0,data40,lya,100
1473.6086214306165,1640.961339610587,77,1,1,0,data40,lya,100
1483.6540687932015,1661.823518522548,78,1,1,0,data40,lya,100
1494.411028916977,2040.1402815394647,79,1,1,0,data40,lya,100
1504.4510690489221,2058.885809924286,80,1,1,0,data40,lya,100
1524.5045207131852,2082.930594069387,81,2,1,0,data40,lya,100
1534.544113369007,2099.065515575484,82,1,1,0,data40,lya,100
1554.5740985354084,2112.7107042646453,83,2,1,0,data40,lya,100
1624.5869619396644,2112.7107042646453,85,2,0,1,data40,lya,100
1644.5901282047394,2112.7107042646453,86,2,0,1,data40,lya,100
1664.591443432364,2112.7107042646453,87,2,0,1,data40,lya,100
1674.618700173116,2124.365830128062,88,1,1,0,data40,lya,100
1694.6190670756268,2124.365830128062,89,2,0,1,data40,lya,100
1714.6226048347867,2124.365830128062,90,2,0,1,data40,lya,100
1724.6414666140809,2133.0289186205005,91,1,1,0,data40,lya,100
1744.6443329679407,2133.0289186205005,92,2,0,1,data40,lya,100
1764.646306073377,2133.0289186205005,93,2,0,1,data40,lya,100
1774.6899419239012,2154.179975388722,94,1,1,0,data40,lya,100
1784.708562015547,2162.7238535777346,95,1,1,0,data40,lya,100
1804.71204907297,2162.7238535777346,96,2,0,1,data40,lya,100
1824.7368888685291,2172.817851901547,97,2,1,0,data40,lya,100
1834.7567825348071,2181.626697645805,98,1,1,0,data40,lya,100
1844.782351157834,2192.5034410075496,99,1,1,0,data40,lya,100
10.040552290919061,16.68199381893126,0,1,1,0,data41,baseline,100
20.074458730820844,31.935142873507093,1,1,1,0,data41,baseline,100
40.10571156565478,45.84785798898697,2,2,1,0,data41,baseline,100
50.13289348638439,58.471571246984595,3,1,1,0,data41,baseline,100
100.16017764592796,70.42470436756253,4,5,1,0,data41,baseline,100
120.18342673240653,81.35709888276241,5,2,1,0,data41,baseline,100
130.19670117765764,86.35709888276241,6,1,1,0,data41,baseline,100
140.22907239925956,100.01700712354805,7,1,1,0,data41,baseline,100
210.27326096900592,120.49865607125349,8,7,1,0,data41,baseline,100
340.30405814209087,133.8216009508993,9,13,1,0,data41,baseline,100
350.34286926011464,151.9971637054092,10,1,1,0,data41,baseline,100
370.36261638539156,161.5961593552068,11,2,1,0,data41,baseline,100
600.3930779903454,172.84235013986842,13,3,1,0,data41,baseline,100
660.4182810101249,182.71485079126762,14,6,1,0,data41,baseline,100
700.4414756812176,191.79965273459237,15,4,1,0,data41,baseline,100
730.4794875633654,209.04852292703603,16,3,1,0,data41,baseline,100
750.5328490543261,232.94314464646584,17,2,1,0,data41,baseline,100
780.5586379920782,244.60842777168327,18,3,1,0,data41,baseline,100
800.57630167798,251.14933649043175,19,2,1,0,data41,baseline,100
830.6167283272226,269.43332314625167,20,3,1,0,data41,baseline,100
850.6361857930209,277.2538190493815,21,2,1,0,data41,baseline,100
880.6578128259849,286.3374909421094,22,3,1,0,data41,baseline,100
920.698300295702,303.81246921306786,23,4,1,0,data41,baseline,100
930.732346905886,317.98592114030004,24,1,1,0,data41,baseline,100
990.7601012256725,329.55004526363746,25,6,1,0,data41,baseline,100
1041.276718212014,586.1864372528203,26,5,1,0,data41,baseline,100
1251.3316820703578,610.6341755334532,28,1,1,0,data41,baseline,100
1291.3582178000916,622.2551518623462,29,4,1,0,data41,baseline,100
1321.3814731521047,632.6880891757341,30,3,1,0,data41,baseline,100
1351.4079883053366,645.4129233057963,31,3,1,0,data41,baseline,100
1361.4352701564526,658.3491152398458,32,1,1,0,data41,baseline,100
1442.242002601941,1059.3208359657037,33,8,1,0,data41,baseline,100
1452.2533631171796,1064.3631470330467,34,1,1,0,data41,baseline,100
1472.291727333199,1081.4932763672168,35,2,1,0,data41,baseline,100
1492.3199990666865,1093.786849159017,36,2,1,0,data41,baseline,100
1532.3608518457618,1112.670964181145,37,4,1,0,data41,baseline,100
1562.3921236654392,1127.43274562536,38,3,1,0,data41,baseline,100
1572.4304852806074,1145.0262179139488,39,1,1,0,data41,baseline,100
1662.4582468476037,1158.0692088535397,40,9,1,0,data41,baseline,100
1672.494400690955,1175.2593218406482,41,1,1,0,data41,baseline,100
1773.2343337517473,1542.6260936189447,42,10,1,0,data41,baseline,100
1983.2708636980537,1557.090121243139,44,1,1,0,data41,baseline,100
2003.2984523946059,1569.6590348143734,45,2,1,0,data41,baseline,100
2013.3466519390033,1592.6239437856707,46,1,1,0,data41,baseline,100
2033.3776904011231,1605.4542357906205,47,2,1,0,data41,baseline,100
2083.404314489564,1616.7907747841014,48,5,1,0,data41,baseline,100
2103.4349562556963,1628.8993902142806,49,2,1,0,data41,baseline,100
2133.466806713581,1643.2208033026895,50,3,1,0,data41,baseline,100
2143.4931875805796,1654.2532782143264,51,1,1,0,data41,baseline,100
2184.2065765817297,2005.205703581656,52,4,1,0,data41,baseline,100
2274.243760925004,2020.9917128571415,53,9,1,0,data41,baseline,100
2304.27740690219,2035.4143458075227,54,3,1,0,data41,baseline,100
2355.0456469706883,2416.2763619779425,55,5,1,0,data41,baseline,100
2375.0761348339133,2429.6795865888685,56,2,1,0,data41,baseline,100
2415.1045211286396,2443.6565040614805,57,4,1,0,data41,baseline,100
2465.139561006561,2460.0118128051918,58,5,1,0,data41,baseline,100
2475.195383748976,2486.2358458352446,59,1,1,0,data41,baseline,100
2495.2204991310145,2497.29783628345,60,2,1,0,data41,baseline,100
10.040552290919061,16.68199381893126,0,1,1,0,data41,lya,100
20.074458730820844,31.935142873507093,1,1,1,0,data41,lya,100
40.10571156565478,45.84785798898697,2,2,1,0,data41,lya,100
50.13289348638439,58.471571246984595,3,1,1,0,data41,lya,100
70.16017764592796,70.42470436756253,4,2,1,0,data41,lya,100
80.18342673240653,81.35709888276241,5,1,1,0,data41,lya,100
110.19670117765764,86.35709888276241,6,3,1,0,data41,lya,100
130.22907239925956,100.01700712354805,7,2,1,0,data41,lya,100
150.27326096900592,120.49865607125349,8,2,1,0,data41,lya,100
210.31622337035535,138.67421882576338,10,1,1,0,data41,lya,100
220.3359704956322,148.27321447556096,11,1,1,0,data41,lya,100
280.36643210058605,159.51940526022258,13,1,1,0,data41,lya,100
310.3916351203656,169.3919059116218,14,3,1,0,data41,lya,100
320.41482979145826,178.47670785494654,15,1,1,0,data41,lya,100
330.4528416736061,195.7255780473902,16,1,1,0,data41,lya,100
340.5062031645668,219.62019976682,17,1,1,0,data41,lya,100
350.53199210231884,231.28548289203744,18,1,1,0,data41,lya,100
360.5496557882208,237.82639161078592,19,1,1,0,data41,lya,100
370.59008243746337,256.11037826660584,20,1,1,0,data41,lya,100
380.60953990326175,263.93087416973566,21,1,1,0,data41,lya,100
390.63116693622584,273.0145460624636,22,1,1,0,data41,lya,100
400.67165440594295,290.4895243334221,23,1,1,0,data41,lya,100
420.7057010161269,304.66297626065426,24,2,1,0,data41,lya,100
440.7334553359135,316.2271003839917,25,2,1,0,data41,lya,100
510.73851777880833,316.2271003839917,27,2,0,1,data41,lya,100
520.7917633966205,340.6748386646246,28,1,1,0,data41,lya,100
530.8182991263541,352.2958149935176,29,1,1,0,data41,lya,100
540.8415544783672,362.7287523069055,30,1,1,0,data41,lya,100
550.868069631599,375.45358643696767,31,1,1,0,data41,lya,100
560.8953514827149,388.38977837101714,32,1,1,0,data41,lya,100
620.9115010019904,393.4320894383601,34,1,1,0,data41,lya,100
640.9498652180099,410.5622187725301,35,2,1,0,data41,lya,100
650.9781369514972,422.8557915643303,36,1,1,0,data41,lya,100
661.0189897305725,441.7399065864583,37,1,1,0,data41,lya,100
671.0502615502498,456.50168803067305,38,1,1,0,data41,lya,100
681.0886231654182,474.09516031926194,39,1,1,0,data41,lya,100
691.1163847324146,487.13815125885276,40,1,1,0,data41,lya,100
701.1525385757659,504.3282642459611,41,1,1,0,data41,lya,100
771.1611088124033,504.3282642459611,43,2,0,1,data41,lya,100
781.194268039308,518.7922918701555,44,1,1,0,data41,lya,100
791.2218567358599,531.3612054413899,45,1,1,0,data41,lya,100
801.2700562802573,554.3261144126872,46,1,1,0,data41,lya,100
811.3010947423771,567.156406417637,47,1,1,0,data41,lya,100
871.3356875189639,579.2650218478162,49,1,1,0,data41,lya,100
891.3675379768481,593.586434936225,50,2,1,0,data41,lya,100
901.3939188438468,604.618909847862,51,1,1,0,data41,lya,100
971.4110153189858,604.618909847862,53,2,0,1,data41,lya,100
981.4446612961716,619.0415427982433,54,1,1,0,data41,lya,100
1002.2129013646704,999.9035589686629,55,2,1,0,data41,lya,100
1022.2433892278955,1013.306783579589,56,2,1,0,data41,lya,100
1032.271775522622,1027.2837010522012,57,1,1,0,data41,lya,100
1042.3068154005437,1043.6390097959124,58,1,1,0,data41,lya,100
1062.3626381429588,1069.8630428259653,59,2,1,0,data41,lya,100
1072.3877535249972,1080.925033274171,60,1,1,0,data41,lya,100
1082.4441524146077,1105.5431553348974,61,1,1,0,data41,lya,100
1152.4788459173699,1121.6880074960495,63,2,1,0,data41,lya,100
1162.5120062492952,1134.9910760301586,64,1,1,0,data41,lya,100
1213.243133064466,1499.249195086966,65,5,1,0,data41,lya,100
1223.2824212730172,1517.744656996266,66,1,1,0,data41,lya,100
1283.312247285246,1530.3384163271485,68,1,1,0,data41,lya,100
1293.328553259876,1535.3384163271485,69,1,1,0,data41,lya,100
1303.3634473242553,1548.2381790040108,70,1,1,0,data41,lya,100
1313.396172646735,1563.934199558795,71,1,1,0,data41,lya,100
1383.4375179398585,1582.7138759677532,73,2,1,0,data41,lya,100
1393.4909726172527,1607.3815891149031,74,1,1,0,data41,lya,100
1463.5305323619991,1625.2204309536912,76,2,1,0,data41,lya,100
1473.5669117935279,1640.961339610587,77,1,1,0,data41,lya,100
1483.612913748231,1661.823518522548,78,1,1,0,data41,lya,100
1494.3794429730365,2040.1402815394647,79,1,1,0,data41,lya,100
1504.4192252330379,2058.885809924286,80,1,1,0,data41,lya,100
1524.4728144038647,2082.930594069387,81,2,1,0,data41,lya,100
1534.5086368605607,2099.065515575484,82,1,1,0,data41,lya,100
1554.5388070448944,2112.7107042646453,83,2,1,0,data41,lya,100
1624.5479317757956,2112.7107042646453,85,2,0,1,data41,lya,100
1644.555949056173,2112.7107042646453,86,2,0,1,data41,lya,100
1664.56530694152,2112.7107042646453,87,2,0,1,data41,lya,100
1674.590725886492,2124.365830128062,88,1,1,0,data41,lya,100
1694.5937528955212,2124.365830128062,89,2,0,1,data41,lya,100
1714.5967751277435,2124.365830128062,90,2,0,1,data41,lya,100
1724.6194633422108,2133.0289186205005,91,1,1,0,data41,lya,100
1744.629864148169,2133.0289186205005,92,2,0,1,data41,lya,100
1764.6332017723817,2133.0289186205005,93,2,0,1,data41,lya,100
1774.6766836193053,2154.179975388722,94,1,1,0,data41,lya,100
1784.698776028081,2162.7238535777346,95,1,1,0,data41,lya,100
1804.7064269219193,2162.7238535777346,96,2,0,1,data41,lya,100
1824.7302389323131,2172.817851901547,97,2,1,0,data41,lya,100
1834.7540198041766,2181.626697645805,98,1,1,0,data41,lya,100
1844.7778229043254,2192.5034410075496,99,1,1,0,data41,lya,100
10.043285343041486,16.68199381893126,0,1,1,0,data42,baseline,100
20.076514205472193,31.935142873507093,1,1,1,0,data42,baseline,100
40.10950773411795,45.84785798898697,2,2,1,0,data42,baseline,100
50.13887911016443,58.471571246984595,3,1,1,0,data42,baseline,100
100.16723264063486,70.42470436756253,4,5,1,0,data42,baseline,100
120.1914792124062,81.35709888276241,5,2,1,0,data42,baseline,100
130.2061910643513,86.35709888276241,6,1,1,0,data42,baseline,100
140.23545949235455,100.01700712354805,7,1,1,0,data42,baseline,100
210.27878195368325,120.49865607125349,8,7,1,0,data42,baseline,100
340.3082659998622,133.8216009508993,9,13,1,0,data42,baseline,100
350.34846098380063,151.9971637054092,10,1,1,0,data42,baseline,100
370.37434229361764,161.5961593552068,11,2,1,0,data42,baseline,100
600.4049381728323,172.84235013986842,13,3,1,0,data42,baseline,100
660.4267262810657,182.71485079126762,14,6,1,0,data42,baseline,100
700.4506372570892,191.79965273459237,15,4,1,0,data42,baseline,100
730.4915950574244,209.04852292703603,16,3,1,0,data42,baseline,100
750.5426849506542,232.94314464646584,17,2,1,0,data42,baseline,100
780.5683963435595,244.60842777168327,18,3,1,0,data42,baseline,100
800.586095292122,251.14933649043175,19,2,1,0,data42,baseline,100
830.6245098751873,269.43332314625167,20,3,1,0,data42,baseline,100
850.6424150128645,277.2538190493815,21,2,1,0,data42,baseline,100
880.6650019156257,286.3374909421094,22,3,1,0,data42,baseline,100
920.7045316167012,303.81246921306786,23,4,1,0,data42,baseline,100
930.7371835860502,317.98592114030004,24,1,1,0,data42,baseline,100
990.7617824292861,329.55004526363746,25,6,1,0,data42,baseline,100
1041.275496130788,586.1864372528203,26,5,1,0,data42,baseline,100
1251.3317203155523,610.6341755334532,28,1,1,0,data42,baseline,100
1291.3606259942285,622.2551518623462,29,4,1,0,data42,baseline,100
1321.381625507248,632.6880891757341,30,3,1,0,data42,baseline,100
1351.4105257862511,645.4129233057963,31,3,1,0,data42,baseline,100
1361.4423476484108,658.3491152398458,32,1,1,0,data42,baseline,100
1442.2488647719688,1059.3208359657037,33,8,1,0,data42,baseline,100
1452.2619741845842,1064.3631470330467,34,1,1,0,data42,baseline,100
1472.2993333367508,1081.4932763672168,35,2,1,0,data42,baseline,100
1492.3268601453683,1093.786849159017,36,2,1,0,data42,baseline,100
1532.3665868869662,1112.670964181145,37,4,1,0,data42,baseline,100
1562.3989391667094,1127.43274562536,38,3,1,0,data42,baseline,100
1572.4372332506964,1145.0262179139488,39,1,1,0,data42,baseline,100
1662.4657803592286,1158.0692088535397,40,9,1,0,data42,baseline,100
1672.5038125624305,1175.2593218406482,41,1,1,0,data42,baseline,100
1773.247591883075,1542.6260936189447,42,10,1,0,data42,baseline,100
1983.2831928018652,1557.090121243139,44,1,1,0,data42,baseline,100
2003.3141373518993,1569.6590348143734,45,2,1,0,data42,baseline,100
2013.361245310989,1592.6239437856707,46,1,1,0,data42,baseline,100
2033.3946002564319,1605.4542357906205,47,2,1,0,data42,baseline,100
2083.4210554476736,1616.7907747841014,48,5,1,0,data42,baseline,100
2103.447627717472,1628.8993902142806,49,2,1,0,data42,baseline,100
2133.4807991217276,1643.2208033026895,50,3,1,0,data42,baseline,100
2143.50828129638,1654.2532782143264,51,1,1,0,data42,baseline,100
2184.2171450182186,2005.205703581656,52,4,1,0,data42,baseline,100
2274.250599360955,2020.9917128571415,53,9,1,0,data42,baseline,100
2304.2852611428566,2035.4143458075227,54,3,1,0,data42,baseline,100
2355.0504305178556,2416.2763619779425,55,5,1,0,data42,baseline,100
2375.079898114201,2429.6795865888685,56,2,1,0,data42,baseline,100
2415.110808482312,2443.6565040614805,57,4,1,0,data42,baseline,100
2465.1443973025453,2460.0118128051918,58,5,1,0,data42,baseline,100
2475.198011143083,2486.2358458352446,59,1,1,0,data42,baseline,100
2495.2210468938533,2497.29783628345,60,2,1,0,data42,baseline,100
10.043285343041486,16.68199381893126,0,1,1,0,data42,lya,100
20.076514205472193,31.935142873507093,1,1,1,0,data42,lya,100
40.10950773411795,45.84785798898697,2,2,1,0,data42,lya,100
50.13887911016443,58.471571246984595,3,1,1,0,data42,lya,100
70.16723264063486,70.42470436756253,4,2,1,0,data42,lya,100
80.1914792124062,81.35709888276241,5,1,1,0,data42,lya,100
110.20619106435129,86.35709888276241,6,3,1,0,data42,lya,100
130.23545949235455,100.01700712354805,7,2,1,0,data42,lya,100
150.27878195368325,120.49865607125349,8,2,1,0,data42,lya,100
210.3218150940413,138.67421882576338,10,1,1,0,data42,lya,100
220.3476964038583,148.27321447556096,11,1,1,0,data42,lya,100
280.37829228307305,159.51940526022258,13,1,1,0,data42,lya,100
310.40008039130646,169.3919059116218,14,3,1,0,data42,lya,100
320.42399136732985,178.47670785494654,15,1,1,0,data42,lya,100
330.4649491676651,195.7255780473902,16,1,1,0,data42,lya,100
340.5160390608949,219.62019976682,17,1,1,0,data42,lya,100
350.5417504538001,231.28548289203744,18,1,1,0,data42,lya,100
360.5594494023626,237.82639161078592,19,1,1,0,data42,lya,100
370.597863985428,256.11037826660584,20,1,1,0,data42,lya,100
380.6157691231052,263.93087416973566,21,1,1,0,data42,lya,100
390.6383560258664,273.0145460624636,22,1,1,0,data42,lya,100
400.6778857269419,290.4895243334221,23,1,1,0,data42,lya,100
420.71053769629094,304.66297626065426,24,2,1,0,data42,lya,100
440.7351365395269,316.2271003839917,25,2,1,0,data42,lya,100
510.7361673236327,316.2271003839917,27,2,0,1,data42,lya,100
520.7918016418143,340.6748386646246,28,1,1,0,data42,lya,100
530.8207073204907,352.2958149935176,29,1,1,0,data42,lya,100
540.8417068335101,362.7287523069055,30,1,1,0,data42,lya,100
550.8706071125132,375.45358643696767,31,1,1,0,data42,lya,100
560.902428974673,388.38977837101714,32,1,1,0,data42,lya,100
620.9201120693948,393.4320894383601,34,1,1,0,data42,lya,100
640.9574712215613,410.5622187725301,35,2,1,0,data42,lya,100
650.9849980301788,422.8557915643303,36,1,1,0,data42,lya,100
661.0247247717764,441.7399065864583,37,1,1,0,data42,lya,100
671.0570770515197,456.50168803067305,38,1,1,0,data42,lya,100
681.0953711355068,474.09516031926194,39,1,1,0,data42,lya,100
691.123918244039,487.13815125885276,40,1,1,0,data42,lya,100
701.1619504472411,504.3282642459611,41,1,1,0,data42,lya,100
771.1733195543773,504.3282642459611,43,2,0,1,data42,lya,100
781.2065971431192,518.7922918701555,44,1,1,0,data42,lya,100
791.2375416931533,531.3612054413899,45,1,1,0,data42,lya,100
801.2846496522429,554.3261144126872,46,1,1,0,data42,lya,100
811.3180045976857,567.156406417637,47,1,1,0,data42,lya,100
871.348358980739,579.2650218478162,49,1,1,0,data42,lya,100
891.3815303849942,593.586434936225,50,2,1,0,data42,lya,100
901.4090125596467,604.618909847862,51,1,1,0,data42,lya,100
971.4178537549362,604.618909847862,53,2,0,1,data42,lya,100
981.4525155368375,619.0415427982433,54,1,1,0,data42,lya,100
1002.2176849118365,999.9035589686629,55,2,1,0,data42,lya,100
1022.2471525081817,1013.306783579589,56,2,1,0,data42,lya,100
1032.278062876293,1027.2837010522012,57,1,1,0,data42,lya,100
1042.3116516965263,1043.6390097959124,58,1,1,0,data42,lya,100
1062.365265537064,1069.8630428259653,59,2,1,0,data42,lya,100
1072.388301287834,1080.925033274171,60,1,1,0,data42,lya,100
1082.4408007298387,1105.5431553348974,61,1,1,0,data42,lya,100
1152.480240992798,1121.6880074960495,63,2,1,0,data42,lya,100
1162.5115863111425,1134.9910760301586,64,1,1,0,data42,lya,100
1213.2412688362062,1499.249195086966,65,5,1,0,data42,lya,100
1223.2812345631633,1517.744656996266,66,1,1,0,data42,lya,100
1283.311438262014,1530.3384163271485,68,1,1,0,data42,lya,100
1293.3238498376318,1535.3384163271485,69,1,1,0,data42,lya,100
1303.3544019995643,1548.2381790040108,70,1,1,0,data42,lya,100
1313.3903057175364,1563.934199558795,71,1,1,0,data42,lya,100
1383.439594746132,1582.7138759677532,73,2,1,0,data42,lya,100
1393.4906147952659,1607.3815891149031,74,1,1,0,data42,lya,100
1463.532409663274,1625.2204309536912,76,2,1,0,data42,lya,100
1473.5643792379556,1640.961339610587,77,1,1,0,data42,lya,100
1483.6114004261942,1661.823518522548,78,1,1,0,data42,lya,100
1494.3738046808553,2040.1402815394647,79,1,1,0,data42,lya,100
1504.4125537059651,2058.885809924286,80,1,1,0,data42,lya,100
1524.464345521414,2082.930594069387,81,2,1,0,data42,lya,100
1534.502565332511,2099.065515575484,82,1,1,0,data42,lya,100
1554.5363269537938,2112.7107042646453,83,2,1,0,data42,lya,100
1624.5441426008572,2112.7107042646453,85,2,0,1,data42,lya,100
1644.5460716602354,2112.7107042646453,86,2,0,1,data42,lya,100
1664.5534406226536,2112.7107042646453,87,2,0,1,data42,lya,100
1674.5793069974604,2124.365830128062,88,1,1,0,data42,lya,100
1694.5818950058347,2124.365830128062,89,2,0,1,data42,lya,100
1714.583569908746,2124.365830128062,90,2,0,1,data42,lya,100
1724.605410805708,2133.0289186205005,91,1,1,0,data42,lya,100
1744.6065564694557,2133.0289186205005,92,2,0,1,data42,lya,100
1764.6119546716343,2133.0289186205005,93,2,0,1,data42,lya,100
1774.6561021579141,2154.179975388722,94,1,1,0,data42,lya,100
1784.6772644328578,2162.7238535777346,95,1,1,0,data42,lya,100
1804.6820664490763,2162.7238535777346,96,2,0,1,data42,lya,100
1824.7053374655848,2172.817851901547,97,2,1,0,data42,lya,100
1834.734931513089,2181.626697645805,98,1,1,0,data42,lya,100
1844.7578712636152,2192.5034410075496,99,1,1,0,data42,lya,100
10.034889665291399,16.68199381893126,0,1,1,0,data43,baseline,100
20.06710855565354,31.935142873507093,1,1,1,0,data43,baseline,100
40.098147618767236,45.84785798898697,2,2,1,0,data43,baseline,100
50.12679879609447,58.471571246984595,3,1,1,0,data43,baseline,100
100.15694437192504,70.42470436756253,4,5,1,0,data43,baseline,100
120.18042131308536,81.35709888276241,5,2,1,0,data43,baseline,100
130.19632844851,86.35709888276241,6,1,1,0,data43,baseline,100
140.22635772916598,100.01700712354805,7,1,1,0,data43,baseline,100
210.27156012937232,120.49865607125349,8,7,1,0,data43,baseline,100
340.30293508061277,133.8216009508993,9,13,1,0,data43,baseline,100
350.3462712879662,151.9971637054092,10,1,1,0,data43,baseline,100
370.3709670558457,161.5961593552068,11,2,1,0,data43,baseline,100
600.4043857588413,172.84235013986842,13,3,1,0,data43,baseline,100
660.4254114607804,182.71485079126762,14,6,1,0,data43,baseline,100
700.4457545548557,191.79965273459237,15,4,1,0,data43,baseline,100
730.4898582668865,209.04852292703603,16,3,1,0,data43,baseline,100
750.5418849680218,232.94314464646584,17,2,1,0,data43,baseline,100
780.5740433769498,244.60842777168327,18,3,1,0,data43,baseline,100
800.5929568398294,251.14933649043175,19,2,1,0,data43,baseline,100
830.6300680480741,269.43332314625167,20,3,1,0,data43,baseline,100
850.6502181385599,277.2538190493815,21,2,1,0,data43,baseline,100
880.6739300906212,286.3374909421094,22,3,1,0,data43,baseline,100
920.712662128754,303.81246921306786,23,4,1,0,data43,baseline,100
930.7437813703318,317.98592114030004,24,1,1,0,data43,baseline,100
990.7688680874868,329.55004526363746,25,6,1,0,data43,baseline,100
1041.2842237723949,586.1864372528203,26,5,1,0,data43,baseline,100
1251.3404434430395,610.6341755334532,28,1,1,0,data43,baseline,100
1291.368232303912,622.2551518623462,29,4,1,0,data43,baseline,100
1321.395042370587,632.6880891757341,30,3,1,0,data43,baseline,100
1351.4224931786327,645.4129233057963,31,3,1,0,data43,baseline,100
1361.4529590105992,658.3491152398458,32,1,1,0,data43,baseline,100
1442.259198747971,1059.3208359657037,33,8,1,0,data43,baseline,100
1452.273392327113,1064.3631470330467,34,1,1,0,data43,baseline,100
1472.3106986485882,1081.4932763672168,35,2,1,0,data43,baseline,100
1492.3365418780752,1093.786849159017,36,2,1,0,data43,baseline,100
1532.3769303066244,1112.670964181145,37,4,1,0,data43,baseline,100
1562.4112948399654,1127.43274562536,38,3,1,0,data43,baseline,100
1572.4484360867127,1145.0262179139488,39,1,1,0,data43,baseline,100
1662.4761847265902,1158.0692088535397,40,9,1,0,data43,baseline,100
1672.5110055205218,1175.2593218406482,41,1,1,0,data43,baseline,100
1773.248831234425,1542.6260936189447,42,10,1,0,data43,baseline,100
1983.289904342692,1557.090121243139,44,1,1,0,data43,baseline,100
2003.3190067201406,1569.6590348143734,45,2,1,0,data43,baseline,100
2013.3706463411904,1592.6239437856707,46,1,1,0,data43,baseline,100
2033.3987958769335,1605.4542357906205,47,2,1,0,data43,baseline,100
2083.4249379852276,1616.7907747841014,48,5,1,0,data43,baseline,100
2103.4525445835234,1628.8993902142806,49,2,1,0,data43,baseline,100
2133.4842984147476,1643.2208033026895,50,3,1,0,data43,baseline,100
2143.510677668364,1654.2532782143264,51,1,1,0,data43,baseline,100
2184.2151163066687,2005.205703581656,52,4,1,0,data43,baseline,100
2274.2485031094307,2020.9917128571415,53,9,1,0,data43,baseline,100
2304.2834640778715,2035.4143458075227,54,3,1,0,data43,baseline,100
2355.047522567653,2416.2763619779425,55,5,1,0,data43,baseline,100
2375.0802629687555,2429.6795865888685,56,2,1,0,data43,baseline,100
2415.1110438663477,2443.6565040614805,57,4,1,0,data43,baseline,100
2465.1550558683325,2460.0118128051918,58,5,1,0,data43,baseline,100
2475.2078194825863,2486.2358458352446,59,1,1,0,data43,baseline,100
2495.2339007073588,2497.29783628345,60,2,1,0,data43,baseline,100
10.034889665291399,16.68199381893126,0,1,1,0,data43,lya,100
20.06710855565354,31.935142873507093,1,1,1,0,data43,lya,100
40.098147618767236,45.84785798898697,2,2,1,0,data43,lya,100
50.12679879609447,58.471571246984595,3,1,1,0,data43,lya,100
70.15694437192504,70.42470436756253,4,2,1,0,data43,lya,100
80.18042131308536,81.35709888276241,5,1,1,0,data43,lya,100
110.19632844851,86.35709888276241,6,3,1,0,data43,lya,100
130.226357729166,100.01700712354805,7,2,1,0,data43,lya,100
150.27156012937235,120.49865607125349,8,2,1,0,data43,lya,100
210.31962539820688,138.67421882576338,10,1,1,0,data43,lya,100
220.34432116608636,148.27321447556096,11,1,1,0,data43,lya,100
280.37773986908184,159.51940526022258,13,1,1,0,data43,lya,100
310.398765571021,169.3919059116218,14,3,1,0,data43,lya,100
320.41910866509625,178.47670785494654,15,1,1,0,data43,lya,100
330.4632123771271,195.7255780473902,16,1,1,0,data43,lya,100
340.5152390782625,219.62019976682,17,1,1,0,data43,lya,100
350.5473974871905,231.28548289203744,18,1,1,0,data43,lya,100
360.56631095007015,237.82639161078592,19,1,1,0,data43,lya,100
370.60342215831486,256.11037826660584,20,1,1,0,data43,lya,100
380.6235722488007,263.93087416973566,21,1,1,0,data43,lya,100
390.64728420086203,273.0145460624636,22,1,1,0,data43,lya,100
400.68601623899485,290.4895243334221,23,1,1,0,data43,lya,100
420.7171354805727,304.66297626065426,24,2,1,0,data43,lya,100
440.74222219772776,316.2271003839917,25,2,1,0,data43,lya,100
510.7462598886678,316.2271003839917,27,2,0,1,data43,lya,100
520.8005247693021,340.6748386646246,28,1,1,0,data43,lya,100
530.8283136301746,352.2958149935176,29,1,1,0,data43,lya,100
540.8551236968495,362.7287523069055,30,1,1,0,data43,lya,100
550.8825745048955,375.45358643696767,31,1,1,0,data43,lya,100
560.913040336862,388.38977837101714,32,1,1,0,data43,lya,100
620.9315302119244,393.4320894383601,34,1,1,0,data43,lya,100
640.9688365333994,410.5622187725301,35,2,1,0,data43,lya,100
650.9946797628864,422.8557915643303,36,1,1,0,data43,lya,100
661.0350681914356,441.7399065864583,37,1,1,0,data43,lya,100
671.0694327247766,456.50168803067305,38,1,1,0,data43,lya,100
681.106573971524,474.09516031926194,39,1,1,0,data43,lya,100
691.1343226114017,487.13815125885276,40,1,1,0,data43,lya,100
701.1691434053332,504.3282642459611,41,1,1,0,data43,lya,100
771.1797005348267,504.3282642459611,43,2,0,1,data43,lya,100
781.2133086839464,518.7922918701555,44,1,1,0,data43,lya,100
791.2424110613949,531.3612054413899,45,1,1,0,data43,lya,100
801.2940506824447,554.3261144126872,46,1,1,0,data43,lya,100
811.3222002181877,567.156406417637,47,1,1,0,data43,lya,100
871.3532758467908,579.2650218478162,49,1,1,0,data43,lya,100
891.385029678015,593.586434936225,50,2,1,0,data43,lya,100
901.4114089316319,604.618909847862,51,1,1,0,data43,lya,100
971.4157575034128,604.618909847862,53,2,0,1,data43,lya,100
981.4507184718539,619.0415427982433,54,1,1,0,data43,lya,100
1002.2147769616354,999.9035589686629,55,2,1,0,data43,lya,100
1022.2475173627381,1013.306783579589,56,2,1,0,data43,lya,100
1032.2782982603303,1027.2837010522012,57,1,1,0,data43,lya,100
1042.3223102623153,1043.6390097959124,58,1,1,0,data43,lya,100
1062.375073876569,1069.8630428259653,59,2,1,0,data43,lya,100
1072.4011551013414,1080.925033274171,60,1,1,0,data43,lya,100
1082.4531765787708,1105.5431553348974,61,1,1,0,data43,lya,100
1152.4944806762664,1121.6880074960495,63,2,1,0,data43,lya,100
1162.5218488213038,1134.9910760301586,64,1,1,0,data43,lya,100
1213.258517344802,1499.249195086966,65,5,1,0,data43,lya,100
1223.3007893718918,1517.744656996266,66,1,1,0,data43,lya,100
1283.3284377221391,1530.3384163271485,68,1,1,0,data43,lya,100
1293.340675240544,1535.3384163271485,69,1,1,0,data43,lya,100
1303.3683589030065,1548.2381790040108,70,1,1,0,data43,lya,100
1313.4023795408073,1563.934199558795,71,1,1,0,data43,lya,100
1383.4493593650993,1582.7138759677532,73,2,1,0,data43,lya,100
1393.5057361113272,1607.3815891149031,74,1,1,0,data43,lya,100
1463.550825630477,1625.2204309536912,76,2,1,0,data43,lya,100
1473.5835449875124,1640.961339610587,77,1,1,0,data43,lya,100
1483.6267812725255,1661.823518522548,78,1,1,0,data43,lya,100
1494.3874249679836,2040.1402815394647,79,1,1,0,data43,lya,100
1504.4309033576124,2058.885809924286,80,1,1,0,data43,lya,100
1524.480119790363,2082.930594069387,81,2,1,0,data43,lya,100
1534.5204109970953,2099.065515575484,82,1,1,0,data43,lya,100
1554.5515110821348,2112.7107042646453,83,2,1,0,data43,lya,100
1624.5576951472474,2112.7107042646453,85,2,0,1,data43,lya,100
1644.5614099542101,2112.7107042646453,86,2,0,1,data43,lya,100
1664.56770213644,2112.7107042646453,87,2,0,1,data43,lya,100
1674.5947164258275,2124.365830128062,88,1,1,0,data43,lya,100
1694.596770591601,2124.365830128062,89,2,0,1,data43,lya,100
1714.6020127083184,2124.365830128062,90,2,0,1,data43,lya,100
1724.6245229407825,2133.0289186205005,91,1,1,0,data43,lya,100
1744.627848530959,2133.0289186205005,92,2,0,1,data43,lya,100
1764.6335300006936,2133.0289186205005,93,2,0,1,data43,lya,100
1774.6780236074817,2154.179975388722,94,1,1,0,data43,lya,100
1784.7027992012645,2162.7238535777346,95,1,1,0,data43,lya,100
1804.7053303250593,2162.7238535777346,96,2,0,1,data43,lya,100
1824.7307613432213,2172.817851901547,97,2,1,0,data43,lya,100
1834.7504874042504,2181.626697645805,98,1,1,0,data43,lya,100
1844.7782174503213,2192.5034410075496,99,1,1,0,data43,lya,100
10.035756503853586,16.68199381893126,0,1,1,0,data44,baseline,100
20.070797908710105,31.935142873507093,1,1,1,0,data44,baseline,100
40.10308221115189,45.84785798898697,2,2,1,0,data44,baseline,100
50.134310907417074,58.471571246984595,3,1,1,0,data44,baseline,100
100.16087164975814,70.42470436756253,4,5,1,0,data44,baseline,100
120.18576992748515,81.35709888276241,5,2,1,0,data44,baseline,100
130.1982514071264,86.35709888276241,6,1,1,0,data44,baseline,100
140.231180334985,100.01700712354805,7,1,1,0,data44,baseline,100
210.27940716852672,120.49865607125349,8,7,1,0,data44,baseline,100
340.31123386576405,133.8216009508993,9,13,1,0,data44,baseline,100
350.3547252322153,151.9971637054092,10,1,1,0,data44,baseline,100
370.37891184742864,161.5961593552068,11,2,1,0,data44,baseline,100
600.4056225684087,172.84235013986842,13,3,1,0,data44,baseline,100
660.4286002630506,182.71485079126762,14,6,1,0,data44,baseline,100
700.4524154915557,191.79965273459237,15,4,1,0,data44,baseline,100
730.4907679694819,209.04852292703603,16,3,1,0,data44,baseline,100
750.5416922829061,232.94314464646584,17,2,1,0,data44,baseline,100
780.5687261441869,244.60842777168327,18,3,1,0,data44,baseline,100
800.5871471380291,251.14933649043175,19,2,1,0,data44,baseline,100
830.6263456159169,269.43332314625167,20,3,1,0,data44,baseline,100
850.6455565753034,277.2538190493815,21,2,1,0,data44,baseline,100
880.6659741714775,286.3374909421094,22,3,1,0,data44,baseline,100
920.7022085195379,303.81246921306786,23,4,1,0,data44,baseline,100
930.7345684817437,317.98592114030004,24,1,1,0,data44,baseline,100
990.7613111602781,329.55004526363746,25,6,1,0,data44,baseline,100
1041.2779974381967,586.1864372528203,26,5,1,0,data44,baseline,100
1251.331510033367,610.6341755334532,28,1,1,0,data44,baseline,100
1291.3583204721538,622.2551518623462,29,4,1,0,data44,baseline,100
1321.3838877424073,632.6880891757341,30,3,1,0,data44,baseline,100
1351.4149747126341,645.4129233057963,31,3,1,0,data44,baseline,100
1361.4449138080693,658.3491152398458,32,1,1,0,data44,baseline,100
1442.2499743095275,1059.3208359657037,33,8,1,0,data44,baseline,100
1452.264107720914,1064.3631470330467,34,1,1,0,data44,baseline,100
1472.3031326479497,1081.4932763672168,35,2,1,0,data44,baseline,100
1492.332024602558,1093.786849159017,36,2,1,0,data44,baseline,100
1532.3725077048632,1112.670964181145,37,4,1,0,data44,baseline,100
1562.406783784903,1127.43274562536,38,3,1,0,data44,baseline,100
1572.4441332447714,1145.0262179139488,39,1,1,0,data44,baseline,100
1662.4783530543302,1158.0692088535397,40,9,1,0,data44,baseline,100
1672.5163964178482,1175.2593218406482,41,1,1,0,data44,baseline,100
1773.2542860173266,1542.6260936189447,42,10,1,0,data44,baseline,100
1983.2891626898333,1557.090121243139,44,1,1,0,data44,baseline,100
2003.3165815552538,1569.6590348143734,45,2,1,0,data44,baseline,100
2013.3650049626835,1592.6239437856707,46,1,1,0,data44,baseline,100
2033.3940576090577,1605.4542357906205,47,2,1,0,data44,baseline,100
2083.420713314621,1616.7907747841014,48,5,1,0,data44,baseline,100
2103.447882344518,1628.8993902142806,49,2,1,0,data44,baseline,100
2133.478326400147,1643.2208033026895,50,3,1,0,data44,baseline,100
2143.5028894151187,1654.2532782143264,51,1,1,0,data44,baseline,100
2184.2098220718676,2005.205703581656,52,4,1,0,data44,baseline,100
2274.2475293049743,2020.9917128571415,53,9,1,0,data44,baseline,100
2304.2811610264616,2035.4143458075227,54,3,1,0,data44,baseline,100
2355.0482675677686,2416.2763619779425,55,5,1,0,data44,baseline,100
2375.0773786248064,2429.6795865888685,56,2,1,0,data44,baseline,100
2415.110142450498,2443.6565040614805,57,4,1,0,data44,baseline,100
2465.145603190976,2460.0118128051918,58,5,1,0,data44,baseline,100
2475.2029352325685,2486.2358458352446,59,1,1,0,data44,baseline,100
2495.2266044095086,2497.29783628345,60,2,1,0,data44,baseline,100
10.035756503853586,16.68199381893126,0,1,1,0,data44,lya,100
20.070797908710105,31.935142873507093,1,1,1,0,data44,lya,100
40.10308221115189,45.84785798898697,2,2,1,0,data44,lya,100
50.134310907417074,58.471571246984595,3,1,1,0,data44,lya,100
70.16087164975815,70.42470436756253,4,2,1,0,data44,lya,100
80.18576992748517,81.35709888276241,5,1,1,0,data44,lya,100
110.19825140712643,86.35709888276241,6,3,1,0,data44,lya,100
130.23118033498505,100.01700712354805,7,2,1,0,data44,lya,100
150.27940716852677,120.49865607125349,8,2,1,0,data44,lya,100
210.32807934245608,138.67421882576338,10,1,1,0,data44,lya,100
220.35226595766937,148.27321447556096,11,1,1,0,data44,lya,100
280.37897667864945,159.51940526022258,13,1,1,0,data44,lya,100
310.4019543732914,169.3919059116218,14,3,1,0,data44,lya,100
320.4257696017965,178.47670785494654,15,1,1,0,data44,lya,100
330.4641220797227,195.7255780473902,16,1,1,0,data44,lya,100
340.5150463931468,219.62019976682,17,1,1,0,data44,lya,100
350.5420802544277,231.28548289203744,18,1,1,0,data44,lya,100
360.5605012482699,237.82639161078592,19,1,1,0,data44,lya,100
370.59969972615767,256.11037826660584,20,1,1,0,data44,lya,100
380.61891068554434,263.93087416973566,21,1,1,0,data44,lya,100
390.63932828171846,273.0145460624636,22,1,1,0,data44,lya,100
400.67556262977877,290.4895243334221,23,1,1,0,data44,lya,100
420.70792259198475,304.66297626065426,24,2,1,0,data44,lya,100
440.7346652705192,316.2271003839917,25,2,1,0,data44,lya,100
510.740099977336,316.2271003839917,27,2,0,1,data44,lya,100
520.7915913596299,340.6748386646246,28,1,1,0,data44,lya,100
530.8184017984167,352.2958149935176,29,1,1,0,data44,lya,100
540.8439690686704,362.7287523069055,30,1,1,0,data44,lya,100
550.8750560388972,375.45358643696767,31,1,1,0,data44,lya,100
560.9049951343325,388.38977837101714,32,1,1,0,data44,lya,100
620.9222456057256,393.4320894383601,34,1,1,0,data44,lya,100
640.9612705327615,410.5622187725301,35,2,1,0,data44,lya,100
650.99016248737,422.8557915643303,36,1,1,0,data44,lya,100
661.0306455896749,441.7399065864583,37,1,1,0,data44,lya,100
671.0649216697146,456.50168803067305,38,1,1,0,data44,lya,100
681.1022711295831,474.09516031926194,39,1,1,0,data44,lya,100
691.136490939142,487.13815125885276,40,1,1,0,data44,lya,100
701.1745343026602,504.3282642459611,41,1,1,0,data44,lya,100
771.1812694866023,504.3282642459611,43,2,0,1,data44,lya,100
781.2125670310888,518.7922918701555,44,1,1,0,data44,lya,100
791.2399858965091,531.3612054413899,45,1,1,0,data44,lya,100
801.2884093039387,554.3261144126872,46,1,1,0,data44,lya,100
811.3174619503127,567.156406417637,47,1,1,0,data44,lya,100
871.3486136077861,579.2650218478162,49,1,1,0,data44,lya,100
891.3790576634152,593.586434936225,50,2,1,0,data44,lya,100
901.4036206783868,604.618909847862,51,1,1,0,data44,lya,100
971.4147836989572,604.618909847862,53,2,0,1,data44,lya,100
981.4484154204448,619.0415427982433,54,1,1,0,data44,lya,100
1002.2155219617517,999.9035589686629,55,2,1,0,data44,lya,100
1022.2446330187895,1013.306783579589,56,2,1,0,data44,lya,100
1032.2773968444812,1027.2837010522012,57,1,1,0,data44,lya,100
1042.3128575849591,1043.6390097959124,58,1,1,0,data44,lya,100
1062.3701896265516,1069.8630428259653,59,2,1,0,data44,lya,100
1072.3938588034914,1080.925033274171,60,1,1,0,data44,lya,100
1082.4480164454599,1105.5431553348974,61,1,1,0,data44,lya,100
1152.4897431805266,1121.6880074960495,63,2,1,0,data44,lya,100
1162.5246743555342,1134.9910760301586,64,1,1,0,data44,lya,100
1213.2571569484508,1499.249195086966,65,5,1,0,data44,lya,100
1223.2958311511886,1517.744656996266,66,1,1,0,data44,lya,100
1283.331321491085,1530.3384163271485,68,1,1,0,data44,lya,100
1293.3447484140115,1535.3384163271485,69,1,1,0,data44,lya,100
1303.3746140263493,1548.2381790040108,70,1,1,0,data44,lya,100
1313.4088000169581,1563.934199558795,71,1,1,0,data44,lya,100
1383.4529205086403,1582.7138759677532,73,2,1,0,data44,lya,100
1393.5031893282185,1607.3815891149031,74,1,1,0,data44,lya,100
1463.5484251487171,1625.2204309536912,76,2,1,0,data44,lya,100
1473.5877006498276,1640.961339610587,77,1,1,0,data44,lya,100
1483.6315680729901,1661.823518522548,78,1,1,0,data44,lya,100
1494.3944303298322,2040.1402815394647,79,1,1,0,data44,lya,100
1504.441142975426,2058.885809924286,80,1,1,0,data44,lya,100
1524.494376830637,2082.930594069387,81,2,1,0,data44,lya,100
1534.5299633847014,2099.065515575484,82,1,1,0,data44,lya,100
1554.5601122826515,2112.7107042646453,83,2,1,0,data44,lya,100
1624.5647058788334,2112.7107042646453,85,2,0,1,data44,lya,100
1644.5672210126115,2112.7107042646453,86,2,0,1,data44,lya,100
1664.5758604578525,2112.7107042646453,87,2,0,1,data44,lya,100
1674.6049273731105,2124.365830128062,88,1,1,0,data44,lya,100
1694.609793132289,2124.365830128062,89,2,0,1,data44,lya,100
1714.6147251658317,2124.365830128062,90,2,0,1,data44,lya,100
1724.6346897015233,2133.0289186205005,91,1,1,0,data44,lya,100
1744.6418054948495,2133.0289186205005,92,2,0,1,data44,lya,100
1764.643909166949,2133.0289186205005,93,2,0,1,data44,lya,100
1774.687621761017,2154.179975388722,94,1,1,0,data44,lya,100
1784.707448311256,2162.7238535777346,95,1,1,0,data44,lya,100
1804.7141570372044,2162.7238535777346,96,2,0,1,data44,lya,100
1824.7412570959627,2172.817851901547,97,2,1,0,data44,lya,100
1834.7607625720345,2181.626697645805,98,1,1,0,data44,lya,100
1844.785121437295,2192.5034410075496,99,1,1,0,data44,lya,100
10.036371822822842,16.68199381893126,0,1,1,0,data45,baseline,100
20.07132569321415,31.935142873507093,1,1,1,0,data45,baseline,100
40.10160161133633,45.84785798898697,2,2,1,0,data45,baseline,100
50.1315495531403,58.471571246984595,3,1,1,0,data45,baseline,100
100.1588587938583,70.42470436756253,4,5,1,0,data45,baseline,100
120.18343086442236,81.35709888276241,5,2,1,0,data45,baseline,100
130.19392417893917,86.35709888276241,6,1,1,0,data45,baseline,100
140.22446974707344,100.01700712354805,7,1,1,0,data45,baseline,100
210.26575293054606,120.49865607125349,8,7,1,0,data45,baseline,100
340.29521456758494,133.8216009508993,9,13,1,0,data45,baseline,100
350.3430881611865,151.9971637054092,10,1,1,0,data45,baseline,100
370.3652587133791,161.5961593552068,11,2,1,0,data45,baseline,100
600.4020276582107,172.84235013986842,13,3,1,0,data45,baseline,100
660.4278497555848,182.71485079126762,14,6,1,0,data45,baseline,100
700.452866926542,191.79965273459237,15,4,1,0,data45,baseline,100
730.4901724046555,209.04852292703603,16,3,1,0,data45,baseline,100
750.5446533367157,232.94314464646584,17,2,1,0,data45,baseline,100
780.5694637102678,244.60842777168327,18,3,1,0,data45,baseline,100
800.5888477156279,251.14933649043175,19,2,1,0,data45,baseline,100
830.6333724058601,269.43332314625167,20,3,1,0,data45,baseline,100
850.6518259574012,277.2538190493815,21,2,1,0,data45,baseline,100
880.6799082761717,286.3374909421094,22,3,1,0,data45,baseline,100
920.7183873390683,303.81246921306786,23,4,1,0,data45,baseline,100
930.7484294658115,317.98592114030004,24,1,1,0,data45,baseline,100
990.7744389546681,329.55004526363746,25,6,1,0,data45,baseline,100
1041.2912000197723,586.1864372528203,26,5,1,0,data45,baseline,100
1251.3490470880183,610.6341755334532,28,1,1,0,data45,baseline,100
1291.3766159801687,622.2551518623462,29,4,1,0,data45,baseline,100
1321.4064734623175,632.6880891757341,30,3,1,0,data45,baseline,100
1351.4337121827912,645.4129233057963,31,3,1,0,data45,baseline,100
1361.461588678768,658.3491152398458,32,1,1,0,data45,baseline,100
1442.2709518614072,1059.3208359657037,33,8,1,0,data45,baseline,100
1452.2821185964344,1064.3631470330467,34,1,1,0,data45,baseline,100
1472.3199777746775,1081.4932763672168,35,2,1,0,data45,baseline,100
1492.3459681996148,1093.786849159017,36,2,1,0,data45,baseline,100
1532.3879820194488,1112.670964181145,37,4,1,0,data45,baseline,100
1562.4221740448727,1127.43274562536,38,3,1,0,data45,baseline,100
1572.4614113492369,1145.0262179139488,39,1,1,0,data45,baseline,100
1662.4928172195607,1158.0692088535397,40,9,1,0,data45,baseline,100
1672.5339833654336,1175.2593218406482,41,1,1,0,data45,baseline,100
1773.2692020621826,1542.6260936189447,42,10,1,0,data45,baseline,100
1983.304627446236,1557.090121243139,44,1,1,0,data45,baseline,100
2003.334884158723,1569.6590348143734,45,2,1,0,data45,baseline,100
2013.3836108023065,1592.6239437856707,46,1,1,0,data45,baseline,100
2033.4127693388523,1605.4542357906205,47,2,1,0,data45,baseline,100
2083.43765366163,1616.7907747841014,48,5,1,0,data45,baseline,100
2103.464283835458,1628.8993902142806,49,2,1,0,data45,baseline,100
2133.4971445718575,1643.2208033026895,50,3,1,0,data45,baseline,100
2143.5221206245456,1654.2532782143264,51,1,1,0,data45,baseline,100
2184.226697098911,2005.205703581656,52,4,1,0,data45,baseline,100
2274.261518454167,2020.9917128571415,53,9,1,0,data45,baseline,100
2304.292842758015,2035.4143458075227,54,3,1,0,data45,baseline,100
2355.060330488916,2416.2763619779425,55,5,1,0,data45,baseline,100
2375.091270069419,2429.6795865888685,56,2,1,0,data45,baseline,100
2415.120147881355,2443.6565040614805,57,4,1,0,data45,baseline,100
2465.156782051517,2460.0118128051918,58,5,1,0,data45,baseline,100
2475.21401820543,2486.2358458352446,59,1,1,0,data45,baseline,100
2495.2417299741933,2497.29783628345,60,2,1,0,data45,baseline,100
10.036371822822842,16.68199381893126,0,1,1,0,data45,lya,100
20.07132569321415,31.935142873507093,1,1,1,0,data45,lya,100
40.10160161133633,45.84785798898697,2,2,1,0,data45,lya,100
50.1315495531403,58.471571246984595,3,1,1,0,data45,lya,100
70.15885879385829,70.42470436756253,4,2,1,0,data45,lya,100
80.18343086442235,81.35709888276241,5,1,1,0,data45,lya,100
110.19392417893917,86.35709888276241,6,3,1,0,data45,lya,100
130.22446974707347,100.01700712354805,7,2,1,0,data45,lya,100
150.26575293054609,120.49865607125349,8,2,1,0,data45,lya,100
210.31644227142718,138.67421882576338,10,1,1,0,data45,lya,100
220.33861282361974,148.27321447556096,11,1,1,0,data45,lya,100
280.3753817684514,159.51940526022258,13,1,1,0,data45,lya,100
310.4012038658255,169.3919059116218,14,3,1,0,data45,lya,100
320.42622103678264,178.47670785494654,15,1,1,0,data45,lya,100
330.4635265148961,195.7255780473902,16,1,1,0,data45,lya,100
340.5180074469563,219.62019976682,17,1,1,0,data45,lya,100
350.54281782050833,231.28548289203744,18,1,1,0,data45,lya,100
360.5622018258685,237.82639161078592,19,1,1,0,data45,lya,100
370.60672651610065,256.11037826660584,20,1,1,0,data45,lya,100
380.62518006764185,263.93087416973566,21,1,1,0,data45,lya,100
390.6532623864123,273.0145460624636,22,1,1,0,data45,lya,100
400.6917414493089,290.4895243334221,23,1,1,0,data45,lya,100
420.7217835760521,304.66297626065426,24,2,1,0,data45,lya,100
440.7477930649087,316.2271003839917,25,2,1,0,data45,lya,100
510.75542608745496,316.2271003839917,27,2,0,1,data45,lya,100
520.8091284142805,340.6748386646246,28,1,1,0,data45,lya,100
530.8366973064309,352.2958149935176,29,1,1,0,data45,lya,100
540.8665547885798,362.7287523069055,30,1,1,0,data45,lya,100
550.8937935090534,375.45358643696767,31,1,1,0,data45,lya,100
560.9216700050304,388.38977837101714,32,1,1,0,data45,lya,100
620.9402564812453,393.4320894383601,34,1,1,0,data45,lya,100
640.9781156594884,410.5622187725301,35,2,1,0,data45,lya,100
651.0041060844259,422.8557915643303,36,1,1,0,data45,lya,100
661.0461199042597,441.7399065864583,37,1,1,0,data45,lya,100
671.0803119296837,456.50168803067305,38,1,1,0,data45,lya,100
681.119549234048,474.09516031926194,39,1,1,0,data45,lya,100
691.150955104372,487.13815125885276,40,1,1,0,data45,lya,100
701.192121250245,504.3282642459611,41,1,1,0,data45,lya,100
771.1968900761706,504.3282642459611,43,2,0,1,data45,lya,100
781.2280317874909,518.7922918701555,44,1,1,0,data45,lya,100
791.2582884999778,531.3612054413899,45,1,1,0,data45,lya,100
801.3070151435611,554.3261144126872,46,1,1,0,data45,lya,100
811.3361736801068,567.156406417637,47,1,1,0,data45,lya,100
871.3650150987255,579.2650218478162,49,1,1,0,data45,lya,100
891.3978758351248,593.586434936225,50,2,1,0,data45,lya,100
901.422851887813,604.618909847862,51,1,1,0,data45,lya,100
971.4287728481492,604.618909847862,53,2,0,1,data45,lya,100
981.4600971519974,619.0415427982433,54,1,1,0,data45,lya,100
1002.2275848828983,999.9035589686629,55,2,1,0,data45,lya,100
1022.258524463401,1013.306783579589,56,2,1,0,data45,lya,100
1032.2874022753374,1027.2837010522012,57,1,1,0,data45,lya,100
1042.3240364454998,1043.6390097959124,58,1,1,0,data45,lya,100
1062.3812725994126,1069.8630428259653,59,2,1,0,data45,lya,100
1072.4089843681759,1080.925033274171,60,1,1,0,data45,lya,100
1082.4631398494741,1105.5431553348974,61,1,1,0,data45,lya,100
1152.5018433854893,1121.6880074960495,63,2,1,0,data45,lya,100
1162.5338427824931,1134.9910760301586,64,1,1,0,data45,lya,100
1213.2654015523262,1499.249195086966,65,5,1,0,data45,lya,100
1223.3083157345998,1517.744656996266,66,1,1,0,data45,lya,100
1283.3384052066765,1530.3384163271485,68,1,1,0,data45,lya,100
1293.3520025958667,1535.3384163271485,69,1,1,0,data45,lya,100
1303.3842882273836,1548.2381790040108,70,1,1,0,data45,lya,100
1313.4195716844863,1563.934199558795,71,1,1,0,data45,lya,100
1383.4603672891333,1582.7138759677532,73,2,1,0,data45,lya,100
1393.5144465410106,1607.3815891149031,74,1,1,0,data45,lya,100
1463.5594552573455,1625.2204309536912,76,2,1,0,data45,lya,100
1473.5943415874456,1640.961339610587,77,1,1,0,data45,lya,100
1483.6393261551573,1661.823518522548,78,1,1,0,data45,lya,100
1494.4025661387827,2040.1402815394647,79,1,1,0,data45,lya,100
1504.4425082240227,2058.885809924286,80,1,1,0,data45,lya,100
1524.4957526824157,2082.930594069387,81,2,1,0,data45,lya,100
1534.5292171748881,2099.065515575484,82,1,1,0,data45,lya,100
1554.5619680399984,2112.7107042646453,83,2,1,0,data45,lya,100
1624.5737762080596,2112.7107042646453,85,2,0,1,data45,lya,100
1644.5756344097292,2112.7107042646453,86,2,0,1,data45,lya,100
1664.576749134812,2112.7107042646453,87,2,0,1,data45,lya,100
1674.6069402193618,2124.365830128062,88,1,1,0,data45,lya,100
1694.6088286774796,2124.365830128062,89,2,0,1,data45,lya,100
1714.6131816866402,2124.365830128062,90,2,0,1,data45,lya,100
1724.6334769973814,2133.0289186205005,91,1,1,0,data45,lya,100
1744.6339535695217,2133.0289186205005,92,2,0,1,data45,lya,100
1764.637802313338,2133.0289186205005,93,2,0,1,data45,lya,100
1774.6834485152588,2154.179975388722,94,1,1,0,data45,lya,100
1784.705089865005,2162.7238535777346,95,1,1,0,data45,lya,100
1804.70967327403,2162.7238535777346,96,2,0,1,data45,lya,100
1824.7332097792876,2172.817851901547,97,2,1,0,data45,lya,100
1834.7540498775215,2181.626697645805,98,1,1,0,data45,lya,100
1844.7765703120676,2192.5034410075496,99,1,1,0,data45,lya,100
10.041552329958504,16.68199381893126,0,1,1,0,data46,baseline,100
20.079221750365928,31.935142873507093,1,1,1,0,data46,baseline,100
40.11218038362278,45.84785798898697,2,2,1,0,data46,baseline,100
50.14236493058621,58.471571246984595,3,1,1,0,data46,baseline,100
100.16782768758866,70.42470436756253,4,5,1,0,data46,baseline,100
120.19514949970244,81.35709888276241,5,2,1,0,data46,baseline,100
130.21107092083528,86.35709888276241,6,1,1,0,data46,baseline,100
140.24183253152808,100.01700712354805,7,1,1,0,data46,baseline,100
210.28928389499382,120.49865607125349,8,7,1,0,data46,baseline,100
340.3200576908809,133.8216009508993,9,13,1,0,data46,baseline,100
350.35772931507796,151.9971637054092,10,1,1,0,data46,baseline,100
370.3819910329354,161.5961593552068,11,2,1,0,data46,baseline,100
600.4132133330816,172.84235013986842,13,3,1,0,data46,baseline,100
660.4370866317386,182.71485079126762,14,6,1,0,data46,baseline,100
700.4614814752618,191.79965273459237,15,4,1,0,data46,baseline,100
730.4998710947674,209.04852292703603,16,3,1,0,data46,baseline,100
750.5501220707084,232.94314464646584,17,2,1,0,data46,baseline,100
780.5800589473946,244.60842777168327,18,3,1,0,data46,baseline,100
800.600332433088,251.14933649043175,19,2,1,0,data46,baseline,100
830.6429754207835,269.43332314625167,20,3,1,0,data46,baseline,100
850.6606581356225,277.2538190493815,21,2,1,0,data46,baseline,100
880.6845094569908,286.3374909421094,22,3,1,0,data46,baseline,100
920.7231444968927,303.81246921306786,23,4,1,0,data46,baseline,100
930.7534933646854,317.98592114030004,24,1,1,0,data46,baseline,100
990.7813691405664,329.55004526363746,25,6,1,0,data46,baseline,100
1041.2996302302638,586.1864372528203,26,5,1,0,data46,baseline,100
1251.3605787433848,610.6341755334532,28,1,1,0,data46,baseline,100
1291.3863702901947,622.2551518623462,29,4,1,0,data46,baseline,100
1321.416314337999,632.6880891757341,30,3,1,0,data46,baseline,100
1351.4463996635764,645.4129233057963,31,3,1,0,data46,baseline,100
1361.4738701979168,658.3491152398458,32,1,1,0,data46,baseline,100
1442.2768079837315,1059.3208359657037,33,8,1,0,data46,baseline,100
1452.288895335773,1064.3631470330467,34,1,1,0,data46,baseline,100
1472.3267171796142,1081.4932763672168,35,2,1,0,data46,baseline,100
1492.3559667968955,1093.786849159017,36,2,1,0,data46,baseline,100
1532.3991859287446,1112.670964181145,37,4,1,0,data46,baseline,100
1562.429279540712,1127.43274562536,38,3,1,0,data46,baseline,100
1572.470914712266,1145.0262179139488,39,1,1,0,data46,baseline,100
1662.4982112825196,1158.0692088535397,40,9,1,0,data46,baseline,100
1672.537690852094,1175.2593218406482,41,1,1,0,data46,baseline,100
1773.272815173583,1542.6260936189447,42,10,1,0,data46,baseline,100
1983.3042925836523,1557.090121243139,44,1,1,0,data46,baseline,100
2003.330637887772,1569.6590348143734,45,2,1,0,data46,baseline,100
2013.379184926563,1592.6239437856707,46,1,1,0,data46,baseline,100
2033.4068844478581,1605.4542357906205,47,2,1,0,data46,baseline,100
2083.4326413561275,1616.7907747841014,48,5,1,0,data46,baseline,100
2103.4589296311333,1628.8993902142806,49,2,1,0,data46,baseline,100
2133.4905003111703,1643.2208033026895,50,3,1,0,data46,baseline,100
2143.51851467598,1654.2532782143264,51,1,1,0,data46,baseline,100
2184.2248137693264,2005.205703581656,52,4,1,0,data46,baseline,100
2274.259037841274,2020.9917128571415,53,9,1,0,data46,baseline,100
2304.289010837697,2035.4143458075227,54,3,1,0,data46,baseline,100
2355.053105271296,2416.2763619779425,55,5,1,0,data46,baseline,100
2375.0824185830274,2429.6795865888685,56,2,1,0,data46,baseline,100
2415.115775529782,2443.6565040614805,57,4,1,0,data46,baseline,100
2465.153390437351,2460.0118128051918,58,5,1,0,data46,baseline,100
2475.207831119285,2486.2358458352446,59,1,1,0,data46,baseline,100
2495.230007558546,2497.29783628345,60,2,1,0,data46,baseline,100
10.041552329958504,16.68199381893126,0,1,1,0,data46,lya,100
20.079221750365928,31.935142873507093,1,1,1,0,data46,lya,100
40.11218038362278,45.84785798898697,2,2,1,0,data46,lya,100
50.14236493058621,58.471571246984595,3,1,1,0,data46,lya,100
70.16782768758867,70.42470436756253,4,2,1,0,data46,lya,100
80.19514949970245,81.35709888276241,5,1,1,0,data46,lya,100
110.2110709208353,86.35709888276241,6,3,1,0,data46,lya,100
130.2418325315281,100.01700712354805,7,2,1,0,data46,lya,100
150.28928389499384,120.49865607125349,8,2,1,0,data46,lya,100
210.33108342531867,138.67421882576338,10,1,1,0,data46,lya,100
220.3553451431761,148.27321447556096,11,1,1,0,data46,lya,100
280.3865674433223,159.51940526022258,13,1,1,0,data46,lya,100
310.4104407419793,169.3919059116218,14,3,1,0,data46,lya,100
320.43483558550247,178.47670785494654,15,1,1,0,data46,lya,100
330.473225205008,195.7255780473902,16,1,1,0,data46,lya,100
340.5234761809491,219.62019976682,17,1,1,0,data46,lya,100
350.5534130576352,231.28548289203744,18,1,1,0,data46,lya,100
360.5736865433286,237.82639161078592,19,1,1,0,data46,lya,100
370.616329531024,256.11037826660584,20,1,1,0,data46,lya,100
380.634012245863,263.93087416973566,21,1,1,0,data46,lya,100
390.65786356723135,273.0145460624636,22,1,1,0,data46,lya,100
400.69649860713326,290.4895243334221,23,1,1,0,data46,lya,100
420.726847474926,304.66297626065426,24,2,1,0,data46,lya,100
440.7547232508071,316.2271003839917,25,2,1,0,data46,lya,100
510.7674751708766,316.2271003839917,27,2,0,1,data46,lya,100
520.8206600696473,340.6748386646246,28,1,1,0,data46,lya,100
530.8464516164571,352.2958149935176,29,1,1,0,data46,lya,100
540.8763956642615,362.7287523069055,30,1,1,0,data46,lya,100
550.9064809898388,375.45358643696767,31,1,1,0,data46,lya,100
560.9339515241793,388.38977837101714,32,1,1,0,data46,lya,100
620.947033220584,393.4320894383601,34,1,1,0,data46,lya,100
640.9848550644251,410.5622187725301,35,2,1,0,data46,lya,100
651.0141046817065,422.8557915643303,36,1,1,0,data46,lya,100
661.0573238135554,441.7399065864583,37,1,1,0,data46,lya,100
671.0874174255229,456.50168803067305,38,1,1,0,data46,lya,100
681.1290525970769,474.09516031926194,39,1,1,0,data46,lya,100
691.1563491673306,487.13815125885276,40,1,1,0,data46,lya,100
701.195828736905,504.3282642459611,41,1,1,0,data46,lya,100
771.197783139121,504.3282642459611,43,2,0,1,data46,lya,100
781.2276969249068,518.7922918701555,44,1,1,0,data46,lya,100
791.2540422290263,531.3612054413899,45,1,1,0,data46,lya,100
801.3025892678173,554.3261144126872,46,1,1,0,data46,lya,100
811.3302887891123,567.156406417637,47,1,1,0,data46,lya,100
871.3596608944008,579.2650218478162,49,1,1,0,data46,lya,100
891.3912315744375,593.586434936225,50,2,1,0,data46,lya,100
901.4192459392474,604.618909847862,51,1,1,0,data46,lya,100
971.4262922352559,604.618909847862,53,2,0,1,data46,lya,100
981.4562652316786,619.0415427982433,54,1,1,0,data46,lya,100
1002.2203596652776,999.9035589686629,55,2,1,0,data46,lya,100
1022.2496729770091,1013.306783579589,56,2,1,0,data46,lya,100
1032.2830299237637,1027.2837010522012,57,1,1,0,data46,lya,100
1042.3206448313329,1043.6390097959124,58,1,1,0,data46,lya,100
1062.3750855132666,1069.8630428259653,59,2,1,0,data46,lya,100
1072.3972619525275,1080.925033274171,60,1,1,0,data46,lya,100
1082.4486704820313,1105.5431553348974,61,1,1,0,data46,lya,100
1152.486666518876,1121.6880074960495,63,2,1,0,data46,lya,100
1162.5181533441103,1134.9910760301586,64,1,1,0,data46,lya,100
1213.2528790574936,1499.249195086966,65,5,1,0,data46,lya,100
1223.2934377797178,1517.744656996266,66,1,1,0,data46,lya,100
1283.3274276286604,1530.3384163271485,68,1,1,0,data46,lya,100
1293.3402751981473,1535.3384163271485,69,1,1,0,data46,lya,100
1303.366982737544,1548.2381790040108,70,1,1,0,data46,lya,100
1313.3992307807564,1563.934199558795,71,1,1,0,data46,lya,100
1383.4424772422549,1582.7138759677532,73,2,1,0,data46,lya,100
1393.497729432615,1607.3815891149031,74,1,1,0,data46,lya,100
1463.5410825578647,1625.2204309536912,76,2,1,0,data46,lya,100
1473.57286820135,1640.961339610587,77,1,1,0,data46,lya,100
1483.617526895496,1661.823518522548,78,1,1,0,data46,lya,100
1494.3805266157667,2040.1402815394647,79,1,1,0,data46,lya,100
1504.4199467393062,2058.885809924286,80,1,1,0,data46,lya,100
1524.4717127038498,2082.930594069387,81,2,1,0,data46,lya,100
1534.5102571233072,2099.065515575484,82,1,1,0,data46,lya,100
1554.5397539981977,2112.7107042646453,83,2,1,0,data46,lya,100
1624.5456921580396,2112.7107042646453,85,2,0,1,data46,lya,100
1644.5477939399527,2112.7107042646453,86,2,0,1,data46,lya,100
1664.5525519068558,2112.7107042646453,87,2,0,1,data46,lya,100
1674.577875496757,2124.365830128062,88,1,1,0,data46,lya,100
1694.584535067814,2124.365830128062,89,2,0,1,data46,lya,100
1714.589007467909,2124.365830128062,90,2,0,1,data46,lya,100
1724.6128121760285,2133.0289186205005,91,1,1,0,data46,lya,100
1744.6259204876094,2133.0289186205005,92,2,0,1,data46,lya,100
1764.629811984315,2133.0289186205005,93,2,0,1,data46,lya,100
1774.672770548316,2154.179975388722,94,1,1,0,data46,lya,100
1784.6986038928585,2162.7238535777346,95,1,1,0,data46,lya,100
1804.7020182926688,2162.7238535777346,96,2,0,1,data46,lya,100
1824.7282360835359,2172.817851901547,97,2,1,0,data46,lya,100
1834.7472911866053,2181.626697645805,98,1,1,0,data46,lya,100
1844.7720053843996,2192.5034410075496,99,1,1,0,data46,lya,100
10.040221238202047,16.68199381893126,0,1,1,0,data47,baseline,100
20.075245637296405,31.935142873507093,1,1,1,0,data47,baseline,100
40.1067332887345,45.84785798898697,2,2,1,0,data47,baseline,100
50.13798565297228,58.471571246984595,3,1,1,0,data47,baseline,100
100.16670532935855,70.42470436756253,4,5,1,0,data47,baseline,100
120.191720306823,81.35709888276241,5,2,1,0,data47,baseline,100
130.20591292393914,86.35709888276241,6,1,1,0,data47,baseline,100
140.23663688853918,100.01700712354805,7,1,1,0,data47,baseline,100
210.2830735397541,120.49865607125349,8,7,1,0,data47,baseline,100
340.31814407236647,133.8216009508993,9,13,1,0,data47,baseline,100
350.3568324626749,151.9971637054092,10,1,1,0,data47,baseline,100
370.3781926257461,161.5961593552068,11,2,1,0,data47,baseline,100
600.4102951831176,172.84235013986842,13,3,1,0,data47,baseline,100
660.432271707598,182.71485079126762,14,6,1,0,data47,baseline,100
700.4552277791815,191.79965273459237,15,4,1,0,data47,baseline,100
730.4914498890976,209.04852292703603,16,3,1,0,data47,baseline,100
750.5444962554913,232.94314464646584,17,2,1,0,data47,baseline,100
780.5808355256021,244.60842777168327,18,3,1,0,data47,baseline,100
800.5985040550668,251.14933649043175,19,2,1,0,data47,baseline,100
830.6395080475885,269.43332314625167,20,3,1,0,data47,baseline,100
850.6581792560619,277.2538190493815,21,2,1,0,data47,baseline,100
880.6783750494474,286.3374909421094,22,3,1,0,data47,baseline,100
920.7155505140217,303.81246921306786,23,4,1,0,data47,baseline,100
930.7517371865628,317.98592114030004,24,1,1,0,data47,baseline,100
990.7792654960263,329.55004526363746,25,6,1,0,data47,baseline,100
1041.2943484764448,586.1864372528203,26,5,1,0,data47,baseline,100
1251.3463033129262,610.6341755334532,28,1,1,0,data47,baseline,100
1291.3736871941387,622.2551518623462,29,4,1,0,data47,baseline,100
1321.3970974766435,632.6880891757341,30,3,1,0,data47,baseline,100
1351.4304082471203,645.4129233057963,31,3,1,0,data47,baseline,100
1361.4597558505477,658.3491152398458,32,1,1,0,data47,baseline,100
1442.2642183395585,1059.3208359657037,33,8,1,0,data47,baseline,100
1452.2783571335156,1064.3631470330467,34,1,1,0,data47,baseline,100
1472.314897858019,1081.4932763672168,35,2,1,0,data47,baseline,100
1492.3451918066703,1093.786849159017,36,2,1,0,data47,baseline,100
1532.3900378595304,1112.670964181145,37,4,1,0,data47,baseline,100
1562.423238263029,1127.43274562536,38,3,1,0,data47,baseline,100
1572.4596691676306,1145.0262179139488,39,1,1,0,data47,baseline,100
1662.4896412912035,1158.0692088535397,40,9,1,0,data47,baseline,100
1672.5329239888977,1175.2593218406482,41,1,1,0,data47,baseline,100
1773.2688432583184,1542.6260936189447,42,10,1,0,data47,baseline,100
1983.304566231691,1557.090121243139,44,1,1,0,data47,baseline,100
2003.333975507373,1569.6590348143734,45,2,1,0,data47,baseline,100
2013.3817200646633,1592.6239437856707,46,1,1,0,data47,baseline,100
2033.408897832081,1605.4542357906205,47,2,1,0,data47,baseline,100
2083.434271848685,1616.7907747841014,48,5,1,0,data47,baseline,100
2103.4597550892263,1628.8993902142806,49,2,1,0,data47,baseline,100
2133.4933189046956,1643.2208033026895,50,3,1,0,data47,baseline,100
2143.5200642334203,1654.2532782143264,51,1,1,0,data47,baseline,100
2184.222968072274,2005.205703581656,52,4,1,0,data47,baseline,100
2274.25749724679,2020.9917128571415,53,9,1,0,data47,baseline,100
2304.290968101329,2035.4143458075227,54,3,1,0,data47,baseline,100
2355.0551228190693,2416.2763619779425,55,5,1,0,data47,baseline,100
2375.084397398921,2429.6795865888685,56,2,1,0,data47,baseline,100
2415.116641389651,2443.6565040614805,57,4,1,0,data47,baseline,100
2465.1515526059866,2460.0118128051918,58,5,1,0,data47,baseline,100
2475.2076200622732,2486.2358458352446,59,1,1,0,data47,baseline,100
2495.231867365935,2497.29783628345,60,2,1,0,data47,baseline,100
10.040221238202047,16.68199381893126,0,1,1,0,data47,lya,100
20.075245637296405,31.935142873507093,1,1,1,0,data47,lya,100
40.1067332887345,45.84785798898697,2,2,1,0,data47,lya,100
50.13798565297228,58.471571246984595,3,1,1,0,data47,lya,100
70.16670532935854,70.42470436756253,4,2,1,0,data47,lya,100
80.19172030682299,81.35709888276241,5,1,1,0,data47,lya,100
110.20591292393912,86.35709888276241,6,3,1,0,data47,lya,100
130.23663688853918,100.01700712354805,7,2,1,0,data47,lya,100
150.2830735397541,120.49865607125349,8,2,1,0,data47,lya,100
210.3301865729156,138.67421882576338,10,1,1,0,data47,lya,100
220.35154673598683,148.27321447556096,11,1,1,0,data47,lya,100
280.3836492933583,159.51940526022258,13,1,1,0,data47,lya,100
310.40562581783877,169.3919059116218,14,3,1,0,data47,lya,100
320.4285818894222,178.47670785494654,15,1,1,0,data47,lya,100
330.4648039993383,195.7255780473902,16,1,1,0,data47,lya,100
340.517850365732,219.62019976682,17,1,1,0,data47,lya,100
350.5541896358427,231.28548289203744,18,1,1,0,data47,lya,100
360.5718581653074,237.82639161078592,19,1,1,0,data47,lya,100
370.61286215782917,256.11037826660584,20,1,1,0,data47,lya,100
380.6315333663026,263.93087416973566,21,1,1,0,data47,lya,100
390.65172915968816,273.0145460624636,22,1,1,0,data47,lya,100
400.68890462426253,290.4895243334221,23,1,1,0,data47,lya,100
420.72509129680367,304.66297626065426,24,2,1,0,data47,lya,100
440.7526196062673,316.2271003839917,25,2,1,0,data47,lya,100
510.755177694553,316.2271003839917,27,2,0,1,data47,lya,100
520.8063846391889,340.6748386646246,28,1,1,0,data47,lya,100
530.8337685204015,352.2958149935176,29,1,1,0,data47,lya,100
540.8571788029063,362.7287523069055,30,1,1,0,data47,lya,100
550.8904895733832,375.45358643696767,31,1,1,0,data47,lya,100
560.9198371768106,388.38977837101714,32,1,1,0,data47,lya,100
620.9364950183267,393.4320894383601,34,1,1,0,data47,lya,100
640.9730357428301,410.5622187725301,35,2,1,0,data47,lya,100
651.0033296914813,422.8557915643303,36,1,1,0,data47,lya,100
661.0481757443414,441.7399065864583,37,1,1,0,data47,lya,100
671.08137614784,456.50168803067305,38,1,1,0,data47,lya,100
681.1178070524417,474.09516031926194,39,1,1,0,data47,lya,100
691.1477791760148,487.13815125885276,40,1,1,0,data47,lya,100
701.1910618737089,504.3282642459611,41,1,1,0,data47,lya,100
771.1951886645885,504.3282642459611,43,2,0,1,data47,lya,100
781.2279705729458,518.7922918701555,44,1,1,0,data47,lya,100
791.2573798486276,531.3612054413899,45,1,1,0,data47,lya,100
801.3051244059178,554.3261144126872,46,1,1,0,data47,lya,100
811.3323021733354,567.156406417637,47,1,1,0,data47,lya,100
871.3604863524937,579.2650218478162,49,1,1,0,data47,lya,100
891.3940501679625,593.586434936225,50,2,1,0,data47,lya,100
901.4207954966874,604.618909847862,51,1,1,0,data47,lya,100
971.4247516407719,604.618909847862,53,2,0,1,data47,lya,100
981.4582224953108,619.0415427982433,54,1,1,0,data47,lya,100
1002.2223772130513,999.9035589686629,55,2,1,0,data47,lya,100
1022.2516517929027,1013.306783579589,56,2,1,0,data47,lya,100
1032.283895783633,1027.2837010522012,57,1,1,0,data47,lya,100
1042.318806999969,1043.6390097959124,58,1,1,0,data47,lya,100
1062.3748744562556,1069.8630428259653,59,2,1,0,data47,lya,100
1072.399121759917,1080.925033274171,60,1,1,0,data47,lya,100
1082.4535493119404,1105.5431553348974,61,1,1,0,data47,lya,100
1152.4974721104495,1121.6880074960495,63,2,1,0,data47,lya,100
1162.5269570240048,1134.9910760301586,64,1,1,0,data47,lya,100
1213.2578749522618,1499.249195086966,65,5,1,0,data47,lya,100
1223.2966405980396,1517.744656996266,66,1,1,0,data47,lya,100
1283.3313177143696,1530.3384163271485,68,1,1,0,data47,lya,100
1293.3449986966355,1535.3384163271485,69,1,1,0,data47,lya,100
1303.3742679850045,1548.2381790040108,70,1,1,0,data47,lya,100
1313.4167145289732,1563.934199558795,71,1,1,0,data47,lya,100
1383.4652808329304,1582.7138759677532,73,2,1,0,data47,lya,100
1393.5210684500225,1607.3815891149031,74,1,1,0,data47,lya,100
1463.561971564817,1625.2204309536912,76,2,1,0,data47,lya,100
1473.5950872045698,1640.961339610587,77,1,1,0,data47,lya,100
1483.6433036823798,1661.823518522548,78,1,1,0,data47,lya,100
1494.405496564533,2040.1402815394647,79,1,1,0,data47,lya,100
1504.4464072944113,2058.885809924286,80,1,1,0,data47,lya,100
1524.4987547520932,2082.930594069387,81,2,1,0,data47,lya,100
1534.5342390527082,2099.065515575484,82,1,1,0,data47,lya,100
1554.5628008052238,2112.7107042646453,83,2,1,0,data47,lya,100
1624.5707082981312,2112.7107042646453,85,2,0,1,data47,lya,100
1644.5729629335701,2112.7107042646453,86,2,0,1,data47,lya,100
1664.5803906829876,2112.7107042646453,87,2,0,1,data47,lya,100
1674.604751894106,2124.365830128062,88,1,1,0,data47,lya,100
1694.6099330471206,2124.365830128062,89,2,0,1,data47,lya,100
1714.6124675467859,2124.365830128062,90,2,0,1,data47,lya,100
1724.6311257310015,2133.0289186205005,91,1,1,0,data47,lya,100
1744.6346482395554,2133.0289186205005,92,2,0,1,data47,lya,100
1764.638439171478,2133.0289186205005,93,2,0,1,data47,lya,100
1774.6845915752665,2154.179975388722,94,1,1,0,data47,lya,100
1784.7055719369841,2162.7238535777346,95,1,1,0,data47,lya,100
1804.706466413739,2162.7238535777346,96,2,0,1,data47,lya,100
1824.7305500171494,2172.817851901547,97,2,1,0,data47,lya,100
1834.7500374014537,2181.626697645805,98,1,1,0,data47,lya,100
1844.7763916744027,2192.5034410075496,99,1,1,0,data47,lya,100
10.03639521899368,16.68199381893126,0,1,1,0,data48,baseline,100
20.071516748287998,31.935142873507093,1,1,1,0,data48,baseline,100
40.10233901132585,45.84785798898697,2,2,1,0,data48,baseline,100
50.12848165054423,58.471571246984595,3,1,1,0,data48,baseline,100
100.15480929537826,70.42470436756253,4,5,1,0,data48,baseline,100
120.1802789460721,81.35709888276241,5,2,1,0,data48,baseline,100
130.19766959987012,86.35709888276241,6,1,1,0,data48,baseline,100
140.2259481407868,100.01700712354805,7,1,1,0,data48,baseline,100
210.26769447780163,120.49865607125349,8,7,1,0,data48,baseline,100
340.2970013855813,133.8216009508993,9,13,1,0,data48,baseline,100
350.3382412484657,151.9971637054092,10,1,1,0,data48,baseline,100
370.36002741367076,161.5961593552068,11,2,1,0,data48,baseline,100
600.3927871419654,172.84235013986842,13,3,1,0,data48,baseline,100
660.4126397110724,182.71485079126762,14,6,1,0,data48,baseline,100
700.435625007652,191.79965273459237,15,4,1,0,data48,baseline,100
730.4726027678437,209.04852292703603,16,3,1,0,data48,baseline,100
750.5219101916185,232.94314464646584,17,2,1,0,data48,baseline,100
780.5504464236209,244.60842777168327,18,3,1,0,data48,baseline,100
800.5650758348237,251.14933649043175,19,2,1,0,data48,baseline,100
830.6042599043325,269.43332314625167,20,3,1,0,data48,baseline,100
850.6241849064218,277.2538190493815,21,2,1,0,data48,baseline,100
880.6472162501468,286.3374909421094,22,3,1,0,data48,baseline,100
920.6922477370173,303.81246921306786,23,4,1,0,data48,baseline,100
930.7253498687485,317.98592114030004,24,1,1,0,data48,baseline,100
990.7535238580173,329.55004526363746,25,6,1,0,data48,baseline,100
1041.2713231144746,586.1864372528203,26,5,1,0,data48,baseline,100
1251.3284029162714,610.6341755334532,28,1,1,0,data48,baseline,100
1291.3561649317965,622.2551518623462,29,4,1,0,data48,baseline,100
1321.3812538010848,632.6880891757341,30,3,1,0,data48,baseline,100
1351.410588680351,645.4129233057963,31,3,1,0,data48,baseline,100
1361.4400602053963,658.3491152398458,32,1,1,0,data48,baseline,100
1442.2455307564992,1059.3208359657037,33,8,1,0,data48,baseline,100
1452.2602725922388,1064.3631470330467,34,1,1,0,data48,baseline,100
1472.299731259939,1081.4932763672168,35,2,1,0,data48,baseline,100
1492.3302051318328,1093.786849159017,36,2,1,0,data48,baseline,100
1532.3709717707823,1112.670964181145,37,4,1,0,data48,baseline,100
1562.4044461913995,1127.43274562536,38,3,1,0,data48,baseline,100
1572.4431718221201,1145.0262179139488,39,1,1,0,data48,baseline,100
1662.475009836448,1158.0692088535397,40,9,1,0,data48,baseline,100
1672.5157074071471,1175.2593218406482,41,1,1,0,data48,baseline,100
1773.257609776919,1542.6260936189447,42,10,1,0,data48,baseline,100
1983.2920191093833,1557.090121243139,44,1,1,0,data48,baseline,100
2003.3181698251674,1569.6590348143734,45,2,1,0,data48,baseline,100
2013.3684016446732,1592.6239437856707,46,1,1,0,data48,baseline,100
2033.3974393512824,1605.4542357906205,47,2,1,0,data48,baseline,100
2083.4238360440136,1616.7907747841014,48,5,1,0,data48,baseline,100
2103.4558722730585,1628.8993902142806,49,2,1,0,data48,baseline,100
2133.4864891366274,1643.2208033026895,50,3,1,0,data48,baseline,100
2143.510699251771,1654.2532782143264,51,1,1,0,data48,baseline,100
2184.212890179859,2005.205703581656,52,4,1,0,data48,baseline,100
2274.2467919683327,2020.9917128571415,53,9,1,0,data48,baseline,100
2304.278424834007,2035.4143458075227,54,3,1,0,data48,baseline,100
2355.0473074461206,2416.2763619779425,55,5,1,0,data48,baseline,100
2375.0812706936003,2429.6795865888685,56,2,1,0,data48,baseline,100
2415.1111618209716,2443.6565040614805,57,4,1,0,data48,baseline,100
2465.145987975594,2460.0118128051918,58,5,1,0,data48,baseline,100
2475.1995548960795,2486.2358458352446,59,1,1,0,data48,baseline,100
2495.224782270978,2497.29783628345,60,2,1,0,data48,baseline,100
10.03639521899368,16.68199381893126,0,1,1,0,data48,lya,100
20.071516748287998,31.935142873507093,1,1,1,0,data48,lya,100
40.10233901132585,45.84785798898697,2,2,1,0,data48,lya,100
50.12848165054423,58.471571246984595,3,1,1,0,data48,lya,100
70.15480929537826,70.42470436756253,4,2,1,0,data48,lya,100
80.1802789460721,81.35709888276241,5,1,1,0,data48,lya,100
110.19766959987014,86.35709888276241,6,3,1,0,data48,lya,100
130.22594814078684,100.01700712354805,7,2,1,0,data48,lya,100
150.26769447780165,120.49865607125349,8,2,1,0,data48,lya,100
210.31159535870643,138.67421882576338,10,1,1,0,data48,lya,100
220.3333815239115,148.27321447556096,11,1,1,0,data48,lya,100
280.36614125220615,159.51940526022258,13,1,1,0,data48,lya,100
310.38599382131315,169.3919059116218,14,3,1,0,data48,lya,100
320.40897911789267,178.47670785494654,15,1,1,0,data48,lya,100
330.4459568780844,195.7255780473902,16,1,1,0,data48,lya,100
340.4952643018592,219.62019976682,17,1,1,0,data48,lya,100
350.5238005338615,231.28548289203744,18,1,1,0,data48,lya,100
360.53842994506437,237.82639161078592,19,1,1,0,data48,lya,100
370.57761401457316,256.11037826660584,20,1,1,0,data48,lya,100
380.59753901666244,263.93087416973566,21,1,1,0,data48,lya,100
390.62057036038755,273.0145460624636,22,1,1,0,data48,lya,100
400.665601847258,290.4895243334221,23,1,1,0,data48,lya,100
420.6987039789893,304.66297626065426,24,2,1,0,data48,lya,100
440.72687796825807,316.2271003839917,25,2,1,0,data48,lya,100
510.7379306110213,316.2271003839917,27,2,0,1,data48,lya,100
520.7884842425339,340.6748386646246,28,1,1,0,data48,lya,100
530.8162462580588,352.2958149935176,29,1,1,0,data48,lya,100
540.8413351273472,362.7287523069055,30,1,1,0,data48,lya,100
550.8706700066134,375.45358643696767,31,1,1,0,data48,lya,100
560.9001415316586,388.38977837101714,32,1,1,0,data48,lya,100
620.9184104770497,393.4320894383601,34,1,1,0,data48,lya,100
640.95786914475,410.5622187725301,35,2,1,0,data48,lya,100
650.9883430166437,422.8557915643303,36,1,1,0,data48,lya,100
661.0291096555931,441.7399065864583,37,1,1,0,data48,lya,100
671.0625840762102,456.50168803067305,38,1,1,0,data48,lya,100
681.1013097069309,474.09516031926194,39,1,1,0,data48,lya,100
691.133147721259,487.13815125885276,40,1,1,0,data48,lya,100
701.1738452919581,504.3282642459611,41,1,1,0,data48,lya,100
771.1845227421729,504.3282642459611,43,2,0,1,data48,lya,100
781.2154234506378,518.7922918701555,44,1,1,0,data48,lya,100
791.2415741664216,531.3612054413899,45,1,1,0,data48,lya,100
801.2918059859275,554.3261144126872,46,1,1,0,data48,lya,100
811.3208436925365,567.156406417637,47,1,1,0,data48,lya,100
871.356603536326,579.2650218478162,49,1,1,0,data48,lya,100
891.3872203998948,593.586434936225,50,2,1,0,data48,lya,100
901.411430515038,604.618909847862,51,1,1,0,data48,lya,100
971.4140463623147,604.618909847862,53,2,0,1,data48,lya,100
981.4456792279894,619.0415427982433,54,1,1,0,data48,lya,100
1002.2145618401031,999.9035589686629,55,2,1,0,data48,lya,100
1022.2485250875825,1013.306783579589,56,2,1,0,data48,lya,100
1032.278416214954,1027.2837010522012,57,1,1,0,data48,lya,100
1042.3132423695765,1043.6390097959124,58,1,1,0,data48,lya,100
1062.366809290062,1069.8630428259653,59,2,1,0,data48,lya,100
1072.3920366649602,1080.925033274171,60,1,1,0,data48,lya,100
1082.4427156083132,1105.5431553348974,61,1,1,0,data48,lya,100
1152.480020417439,1121.6880074960495,63,2,1,0,data48,lya,100
1162.5117154148993,1134.9910760301586,64,1,1,0,data48,lya,100
1213.2481395792786,1499.249195086966,65,5,1,0,data48,lya,100
1223.287849130568,1517.744656996266,66,1,1,0,data48,lya,100
1283.3225441759123,1530.3384163271485,68,1,1,0,data48,lya,100
1293.339137890126,1535.3384163271485,69,1,1,0,data48,lya,100
1303.3729485338786,1548.2381790040108,70,1,1,0,data48,lya,100
1313.4089880110257,1563.934199558795,71,1,1,0,data48,lya,100
1383.4533689376021,1582.7138759677532,73,2,1,0,data48,lya,100
1393.5054330043147,1607.3815891149031,74,1,1,0,data48,lya,100
1463.5480601393701,1625.2204309536912,76,2,1,0,data48,lya,100
1473.582140850905,1640.961339610587,77,1,1,0,data48,lya,100
1483.6253056861308,1661.823518522548,78,1,1,0,data48,lya,100
1494.3864798926734,2040.1402815394647,79,1,1,0,data48,lya,100
1504.4250295371685,2058.885809924286,80,1,1,0,data48,lya,100
1524.477007226602,2082.930594069387,81,2,1,0,data48,lya,100
1534.523301253915,2099.065515575484,82,1,1,0,data48,lya,100
1554.5530738960906,2112.7107042646453,83,2,1,0,data48,lya,100
1624.5576256728975,2112.7107042646453,85,2,0,1,data48,lya,100
1644.5657179872676,2112.7107042646453,86,2,0,1,data48,lya,100
1664.573774523906,2112.7107042646453,87,2,0,1,data48,lya,100
1674.6002921275876,2124.365830128062,88,1,1,0,data48,lya,100
1694.6019975490165,2124.365830128062,89,2,0,1,data48,lya,100
1714.6037962895828,2124.365830128062,90,2,0,1,data48,lya,100
1724.625431241057,2133.0289186205005,91,1,1,0,data48,lya,100
1744.6286626013937,2133.0289186205005,92,2,0,1,data48,lya,100
1764.634556747824,2133.0289186205005,93,2,0,1,data48,lya,100
1774.679518226582,2154.179975388722,94,1,1,0,data48,lya,100
1784.6997346520861,2162.7238535777346,95,1,1,0,data48,lya,100
1804.7055732791518,2162.7238535777346,96,2,0,1,data48,lya,100
1824.7315346526734,2172.817851901547,97,2,1,0,data48,lya,100
1834.750702293462,2181.626697645805,98,1,1,0,data48,lya,100
1844.7787620053705,2192.5034410075496,99,1,1,0,data48,lya,100
10.03666628164355,16.68199381893126,0,1,1,0,data49,baseline,100
20.072311485870742,31.935142873507093,1,1,1,0,data49,baseline,100
40.10133074935744,45.84785798898697,2,2,1,0,data49,baseline,100
50.12891679664913,58.471571246984595,3,1,1,0,data49,baseline,100
100.15814294052915,70.42470436756253,4,5,1,0,data49,baseline,100
120.19285595017574,81.35709888276241,5,2,1,0,data49,baseline,100
130.20729851389643,86.35709888276241,6,1,1,0,data49,baseline,100
140.24136668205472,100.01700712354805,7,1,1,0,data49,baseline,100
210.2880803811068,120.49865607125349,8,7,1,0,data49,baseline,100
340.31982843160563,133.8216009508993,9,13,1,0,data49,baseline,100
350.35638399099764,151.9971637054092,10,1,1,0,data49,baseline,100
370.3781550123306,161.5961593552068,11,2,1,0,data49,baseline,100
600.4098163627984,172.84235013986842,13,3,1,0,data49,baseline,100
660.4365451407422,182.71485079126762,14,6,1,0,data49,baseline,100
700.4587731284457,191.79965273459237,15,4,1,0,data49,baseline,100
730.4976707478386,209.04852292703603,16,3,1,0,data49,baseline,100
750.5461863411329,232.94314464646584,17,2,1,0,data49,baseline,100
780.5751925752471,244.60842777168327,18,3,1,0,data49,baseline,100
800.5903835141919,251.14933649043175,19,2,1,0,data49,baseline,100
830.6288299941584,269.43332314625167,20,3,1,0,data49,baseline,100
850.646425552971,277.2538190493815,21,2,1,0,data49,baseline,100
880.6743994884662,286.3374909421094,22,3,1,0,data49,baseline,100
920.7175999240253,303.81246921306786,23,4,1,0,data49,baseline,100
930.746229257008,317.98592114030004,24,1,1,0,data49,baseline,100
990.7721410073676,329.55004526363746,25,6,1,0,data49,baseline,100
1041.286608653468,586.1864372528203,26,5,1,0,data49,baseline,100
1251.3452316227447,610.6341755334532,28,1,1,0,data49,baseline,100
1291.3697899020651,622.2551518623462,29,4,1,0,data49,baseline,100
1321.3983874811736,632.6880891757341,30,3,1,0,data49,baseline,100
1351.4267553538284,645.4129233057963,31,3,1,0,data49,baseline,100
1361.4591815364136,658.3491152398458,32,1,1,0,data49,baseline,100
1442.2640881428326,1059.3208359657037,33,8,1,0,data49,baseline,100
1452.2755271595572,1064.3631470330467,34,1,1,0,data49,baseline,100
1472.3122916528282,1081.4932763672168,35,2,1,0,data49,baseline,100
1492.339882188282,1093.786849159017,36,2,1,0,data49,baseline,100
1532.3817194047201,1112.670964181145,37,4,1,0,data49,baseline,100
1562.4138253349745,1127.43274562536,38,3,1,0,data49,baseline,100
1572.4538976364252,1145.0262179139488,39,1,1,0,data49,baseline,100
1662.4839069818015,1158.0692088535397,40,9,1,0,data49,baseline,100
1672.52153136788,1175.2593218406482,41,1,1,0,data49,baseline,100
1773.2581928232007,1542.6260936189447,42,10,1,0,data49,baseline,100
1983.294425581402,1557.090121243139,44,1,1,0,data49,baseline,100
2003.3260020250352,1569.6590348143734,45,2,1,0,data49,baseline,100
2013.3744781960077,1592.6239437856707,46,1,1,0,data49,baseline,100
2033.4040622529885,1605.4542357906205,47,2,1,0,data49,baseline,100
2083.4307357685993,1616.7907747841014,48,5,1,0,data49,baseline,100
2103.4617763273936,1628.8993902142806,49,2,1,0,data49,baseline,100
2133.494856810867,1643.2208033026895,50,3,1,0,data49,baseline,100
2143.517681295826,1654.2532782143264,51,1,1,0,data49,baseline,100
2184.2222425210844,2005.205703581656,52,4,1,0,data49,baseline,100
2274.2601549589563,2020.9917128571415,53,9,1,0,data49,baseline,100
2304.2950955626293,2035.4143458075227,54,3,1,0,data49,baseline,100
2355.060079785041,2416.2763619779425,55,5,1,0,data49,baseline,100
2375.0906115062867,2429.6795865888685,56,2,1,0,data49,baseline,100
2415.1231287543956,2443.6565040614805,57,4,1,0,data49,baseline,100
2465.1611134376853,2460.0118128051918,58,5,1,0,data49,baseline,100
2475.2146288385347,2486.2358458352446,59,1,1,0,data49,baseline,100
2495.243329517425,2497.29783628345,60,2,1,0,data49,baseline,100
10.03666628164355,16.68199381893126,0,1,1,0,data49,lya,100
20.072311485870742,31.935142873507093,1,1,1,0,data49,lya,100
40.10133074935744,45.84785798898697,2,2,1,0,data49,lya,100
50.12891679664913,58.471571246984595,3,1,1,0,data49,lya,100
70.15814294052916,70.42470436756253,4,2,1,0,data49,lya,100
80.19285595017575,81.35709888276241,5,1,1,0,data49,lya,100
110.20729851389646,86.35709888276241,6,3,1,0,data49,lya,100
130.24136668205475,100.01700712354805,7,2,1,0,data49,lya,100
150.28808038110682,120.49865607125349,8,2,1,0,data49,lya,100
210.32973810123835,138.67421882576338,10,1,1,0,data49,lya,100
220.3515091225713,148.27321447556096,11,1,1,0,data49,lya,100
280.3831704730391,159.51940526022258,13,1,1,0,data49,lya,100
310.4098992509828,169.3919059116218,14,3,1,0,data49,lya,100
320.4321272386863,178.47670785494654,15,1,1,0,data49,lya,100
330.4710248580792,195.7255780473902,16,1,1,0,data49,lya,100
340.5195404513735,219.62019976682,17,1,1,0,data49,lya,100
350.5485466854877,231.28548289203744,18,1,1,0,data49,lya,100
360.56373762443246,237.82639161078592,19,1,1,0,data49,lya,100
370.60218410439904,256.11037826660584,20,1,1,0,data49,lya,100
380.6197796632117,263.93087416973566,21,1,1,0,data49,lya,100
390.64775359870697,273.0145460624636,22,1,1,0,data49,lya,100
400.69095403426604,290.4895243334221,23,1,1,0,data49,lya,100
420.7195833672488,304.66297626065426,24,2,1,0,data49,lya,100
440.74549511760836,316.2271003839917,25,2,1,0,data49,lya,100
510.75313018813995,316.2271003839917,27,2,0,1,data49,lya,100
520.8053129490067,340.6748386646246,28,1,1,0,data49,lya,100
530.8298712283271,352.2958149935176,29,1,1,0,data49,lya,100
540.8584688074355,362.7287523069055,30,1,1,0,data49,lya,100
550.8868366800905,375.45358643696767,31,1,1,0,data49,lya,100
560.9192628626755,388.38977837101714,32,1,1,0,data49,lya,100
620.9336650443677,393.4320894383601,34,1,1,0,data49,lya,100
640.9704295376387,410.5622187725301,35,2,1,0,data49,lya,100
650.9980200730924,422.8557915643303,36,1,1,0,data49,lya,100
661.0398572895303,441.7399065864583,37,1,1,0,data49,lya,100
671.0719632197847,456.50168803067305,38,1,1,0,data49,lya,100
681.1120355212355,474.09516031926194,39,1,1,0,data49,lya,100
691.1420448666121,487.13815125885276,40,1,1,0,data49,lya,100
701.1796692526907,504.3282642459611,41,1,1,0,data49,lya,100
771.1847726790902,504.3282642459611,43,2,0,1,data49,lya,100
781.2178299226562,518.7922918701555,44,1,1,0,data49,lya,100
791.2494063662891,531.3612054413899,45,1,1,0,data49,lya,100
801.2978825372616,554.3261144126872,46,1,1,0,data49,lya,100
811.3274665942422,567.156406417637,47,1,1,0,data49,lya,100
871.3625075906602,579.2650218478162,49,1,1,0,data49,lya,100
891.3955880741335,593.586434936225,50,2,1,0,data49,lya,100
901.4184125590925,604.618909847862,51,1,1,0,data49,lya,100
971.4274093529372,604.618909847862,53,2,0,1,data49,lya,100
981.4623499566103,619.0415427982433,54,1,1,0,data49,lya,100
1002.2273341790223,999.9035589686629,55,2,1,0,data49,lya,100
1022.2578659002677,1013.306783579589,56,2,1,0,data49,lya,100
1032.2903831483766,1027.2837010522012,57,1,1,0,data49,lya,100
1042.3283678316666,1043.6390097959124,58,1,1,0,data49,lya,100
1062.381883232516,1069.8630428259653,59,2,1,0,data49,lya,100
1072.410583911406,1080.925033274171,60,1,1,0,data49,lya,100
1082.4672410626986,1105.5431553348974,61,1,1,0,data49,lya,100
1152.5092438033712,1121.6880074960495,63,2,1,0,data49,lya,100
1162.5410432252327,1134.9910760301586,64,1,1,0,data49,lya,100
1213.2729461297995,1499.249195086966,65,5,1,0,data49,lya,100
1223.3135264122307,1517.744656996266,66,1,1,0,data49,lya,100
1283.3430637088616,1530.3384163271485,68,1,1,0,data49,lya,100
1293.3542357851102,1535.3384163271485,69,1,1,0,data49,lya,100
1303.3833124847608,1548.2381790040108,70,1,1,0,data49,lya,100
1313.4246179832562,1563.934199558795,71,1,1,0,data49,lya,100
1383.4643735871343,1582.7138759677532,73,2,1,0,data49,lya,100
1393.5159182600355,1607.3815891149031,74,1,1,0,data49,lya,100
1463.5562389192935,1625.2204309536912,76,2,1,0,data49,lya,100
1473.5901654115985,1640.961339610587,77,1,1,0,data49,lya,100
1483.6350458928453,1661.823518522548,78,1,1,0,data49,lya,100
1494.3983896754733,2040.1402815394647,79,1,1,0,data49,lya,100
1504.4368414989706,2058.885809924286,80,1,1,0,data49,lya,100
1524.4892268333895,2082.930594069387,81,2,1,0,data49,lya,100
1534.5246926687848,2099.065515575484,82,1,1,0,data49,lya,100
1554.5587936091767,2112.7107042646453,83,2,1,0,data49,lya,100
1624.56828054153,2112.7107042646453,85,2,0,1,data49,lya,100
1644.5722352310402,2112.7107042646453,86,2,0,1,data49,lya,100
1664.5751431341562,2112.7107042646453,87,2,0,1,data49,lya,100
1674.6028395597748,2124.365830128062,88,1,1,0,data49,lya,100
1694.6065575046,2124.365830128062,89,2,0,1,data49,lya,100
1714.6124393959933,2124.365830128062,90,2,0,1,data49,lya,100
1724.6339878003932,2133.0289186205005,91,1,1,0,data49,lya,100
1744.6359944186136,2133.0289186205005,92,2,0,1,data49,lya,100
1764.6402953169468,2133.0289186205005,93,2,0,1,data49,lya,100
1774.6844547027902,2154.179975388722,94,1,1,0,data49,lya,100
1784.7045141490662,2162.7238535777346,95,1,1,0,data49,lya,100
1804.706165518538,2162.7238535777346,96,2,0,1,data49,lya,100
1824.7287527804835,2172.817851901547,97,2,1,0,data49,lya,100
1834.7482257277995,2181.626697645805,98,1,1,0,data49,lya,100
1844.7707163454613,2192.5034410075496,99,1,1,0,data49,lya,100
10.038580897763838,16.68199381893126,0,1,1,0,data50,baseline,100
20.078350575273618,31.935142873507093,1,1,1,0,data50,baseline,100
40.10956109208582,45.84785798898697,2,2,1,0,data50,baseline,100
50.13737155124158,58.471571246984595,3,1,1,0,data50,baseline,100
100.16487702149543,70.42470436756253,4,5,1,0,data50,baseline,100
120.19133985787933,81.35709888276241,5,2,1,0,data50,baseline,100
130.20189064419907,86.35709888276241,6,1,1,0,data50,baseline,100
140.23322116743444,100.01700712354805,7,1,1,0,data50,baseline,100
210.27844613133888,120.49865607125349,8,7,1,0,data50,baseline,100
340.30948158299543,133.8216009508993,9,13,1,0,data50,baseline,100
350.3497039114971,151.9971637054092,10,1,1,0,data50,baseline,100
370.3727150963248,161.5961593552068,11,2,1,0,data50,baseline,100
600.4018002035004,172.84235013986842,13,3,1,0,data50,baseline,100
660.4279373022094,182.71485079126762,14,6,1,0,data50,baseline,100
700.4477189413819,191.79965273459237,15,4,1,0,data50,baseline,100
730.4853603735762,209.04852292703603,16,3,1,0,data50,baseline,100
750.5387939252271,232.94314464646584,17,2,1,0,data50,baseline,100
780.564254379889,244.60842777168327,18,3,1,0,data50,baseline,100
800.5802566709855,251.14933649043175,19,2,1,0,data50,baseline,100
830.6178228183413,269.43332314625167,20,3,1,0,data50,baseline,100
850.6377120868482,277.2538190493815,21,2,1,0,data50,baseline,100
880.6595712924816,286.3374909421094,22,3,1,0,data50,baseline,100
920.6967849192783,303.81246921306786,23,4,1,0,data50,baseline,100
930.7293385090136,317.98592114030004,24,1,1,0,data50,baseline,100
990.7643772747538,329.55004526363746,25,6,1,0,data50,baseline,100
1041.2829465298623,586.1864372528203,26,5,1,0,data50,baseline,100
1251.3362401916213,610.6341755334532,28,1,1,0,data50,baseline,100
1291.3609445522566,622.2551518623462,29,4,1,0,data50,baseline,100
1321.3829382750391,632.6880891757341,30,3,1,0,data50,baseline,100
1351.4116667196934,645.4129233057963,31,3,1,0,data50,baseline,100
1361.4437380823047,658.3491152398458,32,1,1,0,data50,baseline,100
1442.2515594119595,1059.3208359657037,33,8,1,0,data50,baseline,100
1452.26379518528,1064.3631470330467,34,1,1,0,data50,baseline,100
1472.3006032843305,1081.4932763672168,35,2,1,0,data50,baseline,100
1492.3302597586946,1093.786849159017,36,2,1,0,data50,baseline,100
1532.3722030349952,1112.670964181145,37,4,1,0,data50,baseline,100
1562.4048550853925,1127.43274562536,38,3,1,0,data50,baseline,100
1572.446252746225,1145.0262179139488,39,1,1,0,data50,baseline,100
1662.478399629236,1158.0692088535397,40,9,1,0,data50,baseline,100
1672.5156307581033,1175.2593218406482,41,1,1,0,data50,baseline,100
1773.2565640692058,1542.6260936189447,42,10,1,0,data50,baseline,100
1983.302841341747,1557.090121243139,44,1,1,0,data50,baseline,100
2003.3291123365846,1569.6590348143734,45,2,1,0,data50,baseline,100
2013.376136411718,1592.6239437856707,46,1,1,0,data50,baseline,100
2033.4046972362978,1605.4542357906205,47,2,1,0,data50,baseline,100
2083.430765073179,1616.7907747841014,48,5,1,0,data50,baseline,100
2103.45698252763,1628.8993902142806,49,2,1,0,data50,baseline,100
2133.489982233404,1643.2208033026895,50,3,1,0,data50,baseline,100
2143.5143746606564,1654.2532782143264,51,1,1,0,data50,baseline,100
2184.222565541945,2005.205703581656,52,4,1,0,data50,baseline,100
2274.2572505205794,2020.9917128571415,53,9,1,0,data50,baseline,100
2304.292710604977,2035.4143458075227,54,3,1,0,data50,baseline,100
2355.057241697606,2416.2763619779425,55,5,1,0,data50,baseline,100
2375.085242540442,2429.6795865888685,56,2,1,0,data50,baseline,100
2415.1162982093547,2443.6565040614805,57,4,1,0,data50,baseline,100
2465.149743744334,2460.0118128051918,58,5,1,0,data50,baseline,100
2475.2067111258348,2486.2358458352446,59,1,1,0,data50,baseline,100
2495.2305470464826,2497.29783628345,60,2,1,0,data50,baseline,100
10.038580897763838,16.68199381893126,0,1,1,0,data50,lya,100
20.078350575273618,31.935142873507093,1,1,1,0,data50,lya,100
40.10956109208582,45.84785798898697,2,2,1,0,data50,lya,100
50.13737155124158,58.471571246984595,3,1,1,0,data50,lya,100
70.16487702149543,70.42470436756253,4,2,1,0,data50,lya,100
80.19133985787933,81.35709888276241,5,1,1,0,data50,lya,100
110.20189064419907,86.35709888276241,6,3,1,0,data50,lya,100
130.23322116743444,100.01700712354805,7,2,1,0,data50,lya,100
150.27844613133888,120.49865607125349,8,2,1,0,data50,lya,100
210.32305802173778,138.67421882576338,10,1,1,0,data50,lya,100
220.34606920656543,148.27321447556096,11,1,1,0,data50,lya,100
280.37515431374106,159.51940526022258,13,1,1,0,data50,lya,100
310.40129141245,169.3919059116218,14,3,1,0,data50,lya,100
320.4210730516224,178.47670785494654,15,1,1,0,data50,lya,100
330.45871448381666,195.7255780473902,16,1,1,0,data50,lya,100
340.51214803546753,219.62019976682,17,1,1,0,data50,lya,100
350.53760849012934,231.28548289203744,18,1,1,0,data50,lya,100
360.5536107812258,237.82639161078592,19,1,1,0,data50,lya,100
370.59117692858166,256.11037826660584,20,1,1,0,data50,lya,100
380.6110661970885,263.93087416973566,21,1,1,0,data50,lya,100
390.63292540272204,273.0145460624636,22,1,1,0,data50,lya,100
400.6701390295188,290.4895243334221,23,1,1,0,data50,lya,100
420.7026926192541,304.66297626065426,24,2,1,0,data50,lya,100
440.73773138499433,316.2271003839917,25,2,1,0,data50,lya,100
510.7454859920386,316.2271003839917,27,2,0,1,data50,lya,100
520.7963215178834,340.6748386646246,28,1,1,0,data50,lya,100
530.8210258785186,352.2958149935176,29,1,1,0,data50,lya,100
540.8430196013012,362.7287523069055,30,1,1,0,data50,lya,100
550.8717480459554,375.45358643696767,31,1,1,0,data50,lya,100
560.9038194085668,388.38977837101714,32,1,1,0,data50,lya,100
620.9219330700909,393.4320894383601,34,1,1,0,data50,lya,100
640.9587411691413,410.5622187725301,35,2,1,0,data50,lya,100
650.9883976435054,422.8557915643303,36,1,1,0,data50,lya,100
661.030340919806,441.7399065864583,37,1,1,0,data50,lya,100
671.0629929702033,456.50168803067305,38,1,1,0,data50,lya,100
681.1043906310358,474.09516031926194,39,1,1,0,data50,lya,100
691.1365375140471,487.13815125885276,40,1,1,0,data50,lya,100
701.1737686429143,504.3282642459611,41,1,1,0,data50,lya,100
771.1899869643448,504.3282642459611,43,2,0,1,data50,lya,100
781.2262456830013,518.7922918701555,44,1,1,0,data50,lya,100
791.2525166778387,531.3612054413899,45,1,1,0,data50,lya,100
801.2995407529722,554.3261144126872,46,1,1,0,data50,lya,100
811.3281015775518,567.156406417637,47,1,1,0,data50,lya,100
871.3577137908974,579.2650218478162,49,1,1,0,data50,lya,100
891.3907134966714,593.586434936225,50,2,1,0,data50,lya,100
901.4151059239238,604.618909847862,51,1,1,0,data50,lya,100
971.4245049145613,604.618909847862,53,2,0,1,data50,lya,100
981.4599649989588,619.0415427982433,54,1,1,0,data50,lya,100
1002.2244960915879,999.9035589686629,55,2,1,0,data50,lya,100
1022.2524969344236,1013.306783579589,56,2,1,0,data50,lya,100
1032.2835526033364,1027.2837010522012,57,1,1,0,data50,lya,100
1042.3169981383157,1043.6390097959124,58,1,1,0,data50,lya,100
1062.3739655198167,1069.8630428259653,59,2,1,0,data50,lya,100
1072.3978014404645,1080.925033274171,60,1,1,0,data50,lya,100
1082.45260177873,1105.5431553348974,61,1,1,0,data50,lya,100
1152.4894045270412,1121.6880074960495,63,2,1,0,data50,lya,100
1162.5225955353892,1134.9910760301586,64,1,1,0,data50,lya,100
1213.2600828026648,1499.249195086966,65,5,1,0,data50,lya,100
1223.3064259173236,1517.744656996266,66,1,1,0,data50,lya,100
1283.338345230626,1530.3384163271485,68,1,1,0,data50,lya,100
1293.3491674104755,1535.3384163271485,69,1,1,0,data50,lya,100
1303.3785627647496,1548.2381790040108,70,1,1,0,data50,lya,100
1313.4113549132157,1563.934199558795,71,1,1,0,data50,lya,100
1383.4534427836843,1582.7138759677532,73,2,1,0,data50,lya,100
1393.510051696368,1607.3815891149031,74,1,1,0,data50,lya,100
1463.5574277076814,1625.2204309536912,76,2,1,0,data50,lya,100
1473.5924430578768,1640.961339610587,77,1,1,0,data50,lya,100
1483.6407591896914,1661.823518522548,78,1,1,0,data50,lya,100
1494.3990193967486,2040.1402815394647,79,1,1,0,data50,lya,100
1504.4382491234696,2058.885809924286,80,1,1,0,data50,lya,100
1524.4881199479184,2082.930594069387,81,2,1,0,data50,lya,100
1534.528146123371,2099.065515575484,82,1,1,0,data50,lya,100
1554.5566361435315,2112.7107042646453,83,2,1,0,data50,lya,100
1624.563091265084,2112.7107042646453,85,2,0,1,data50,lya,100
1644.5666213278869,2112.7107042646453,86,2,0,1,data50,lya,100
1664.573307307089,2112.7107042646453,87,2,0,1,data50,lya,100
1674.5997026204877,2124.365830128062,88,1,1,0,data50,lya,100
1694.6061478804927,2124.365830128062,89,2,0,1,data50,lya,100
1714.610180712774,2124.365830128062,90,2,0,1,data50,lya,100
1724.6307136509151,2133.0289186205005,91,1,1,0,data50,lya,100
1744.6322984119854,2133.0289186205005,92,2,0,1,data50,lya,100
1764.6343675278843,2133.0289186205005,93,2,0,1,data50,lya,100
1774.679276513669,2154.179975388722,94,1,1,0,data50,lya,100
1784.6990832472284,2162.7238535777346,95,1,1,0,data50,lya,100
1804.6998788434985,2162.7238535777346,96,2,0,1,data50,lya,100
1824.7233532073235,2172.817851901547,97,2,1,0,data50,lya,100
1834.7489778304393,2181.626697645805,98,1,1,0,data50,lya,100
1844.7726410115574,2192.5034410075496,99,1,1,0,data50,lya,100
10.033052750646004,16.404959338675162,0,1,1,0,data1501,baseline,150
41.14961589060442,574.2818306668798,1,3,1,0,data1501,baseline,150
51.17947642351349,588.2412194150935,2,1,1,0,data1501,baseline,150
101.9208422579802,957.9166077205078,3,5,1,0,data1501,baseline,150
121.9504484110492,969.9697839357868,4,2,1,0,data1501,baseline,150
131.9936304949898,989.217794420892,5,1,1,0,data1501,baseline,150
212.8259023681315,1403.7383526310769,6,8,1,0,data1501,baseline,150
222.85350174071692,1415.2738046547736,7,1,1,0,data1501,baseline,150
232.89723399060082,1434.7718040319398,8,1,1,0,data1501,baseline,150
342.93458197307797,1451.308301636323,9,11,1,0,data1501,baseline,150
452.97467783442517,1470.3726122305177,10,11,1,0,data1501,baseline,150
473.0121409139622,1488.5207564401358,11,2,1,0,data1501,baseline,150
563.0354386717047,1499.3757813855254,12,9,1,0,data1501,baseline,150
573.064630952877,1511.5748761845407,13,1,1,0,data1501,baseline,150
603.1065461252192,1530.311344210157,14,3,1,0,data1501,baseline,150
633.1436909752647,1548.3631955373241,15,3,1,0,data1501,baseline,150
663.1802089522866,1563.2586875675033,16,3,1,0,data1501,baseline,150
833.2161679890265,1578.8453244840473,17,17,1,0,data1501,baseline,150
853.2609714325102,1600.2336489629895,18,2,1,0,data1501,baseline,150
883.286288892245,1612.2757920188103,19,3,1,0,data1501,baseline,150
923.3229239704732,1630.0112789246605,20,4,1,0,data1501,baseline,150
933.3558691439371,1644.000315662491,21,1,1,0,data1501,baseline,150
943.3890535261853,1657.9119096463548,22,1,1,0,data1501,baseline,150
963.4314987190531,1678.4057939062907,23,2,1,0,data1501,baseline,150
993.473504077733,1697.5328756512308,24,3,1,0,data1501,baseline,150
1023.513332293752,1716.600423831234,25,3,1,0,data1501,baseline,150
1044.3343586181265,2126.4008636983954,26,2,1,0,data1501,baseline,150
1104.3652745025777,2141.5058829065592,27,6,1,0,data1501,baseline,150
1164.4057716234552,2159.915647763034,28,6,1,0,data1501,baseline,150
1184.434005288753,2173.3643139800665,29,2,1,0,data1501,baseline,150
1355.2885130628883,2598.6151921145656,30,17,1,0,data1501,baseline,150
1365.3207232811899,2612.964476842727,31,1,1,0,data1501,baseline,150
1446.2039128575918,3053.9997769060465,32,8,1,0,data1501,baseline,150
1456.2448750211377,3071.975562033231,33,1,1,0,data1501,baseline,150
1496.8616175311852,3379.149560011687,34,4,1,0,data1501,baseline,150
1516.915384233945,3404.611496390114,35,2,1,0,data1501,baseline,150
1536.9369968577007,3414.5814094826155,36,2,1,0,data1501,baseline,150
1676.9564415271886,3423.510466418677,37,14,1,0,data1501,baseline,150
1706.999468776737,3444.301020786177,38,3,1,0,data1501,baseline,150
1717.0402579247998,3463.2593342559917,39,1,1,0,data1501,baseline,150
1777.0818717243078,3481.3799333412526,40,6,1,0,data1501,baseline,150
1787.1196402657017,3499.521660887574,41,1,1,0,data1501,baseline,150
1797.1539386309776,3514.4604270233394,42,1,1,0,data1501,baseline,150
2017.189561435423,3529.839449814308,44,2,1,0,data1501,baseline,150
2088.0013070312834,3933.9068553452003,45,7,1,0,data1501,baseline,150
2108.045088676313,3953.7824540122892,46,2,1,0,data1501,baseline,150
2138.077685275135,3968.0471671047785,47,3,1,0,data1501,baseline,150
2148.107132259067,3978.9196811208158,48,1,1,0,data1501,baseline,150
2168.142814441922,3992.312751912551,49,2,1,0,data1501,baseline,150
2188.1823814833842,4009.377409183929,50,2,1,0,data1501,baseline,150
2278.2084227170085,4021.558786419909,51,9,1,0,data1501,baseline,150
2308.2328337089175,4032.447684442077,52,3,1,0,data1501,baseline,150
2318.269474688179,4048.6661204995366,53,1,1,0,data1501,baseline,150
2328.3069416992803,4064.8909533550805,54,1,1,0,data1501,baseline,150
2358.335834978166,4077.356237478225,55,3,1,0,data1501,baseline,150
2378.363461130413,4090.001045950133,56,2,1,0,data1501,baseline,150
2418.400868782798,4106.161295636922,57,4,1,0,data1501,baseline,150
2468.420943596763,4113.920873929435,58,5,1,0,data1501,baseline,150
2478.440162907644,4121.883555057552,59,1,1,0,data1501,baseline,150
2498.466367057737,4133.29133395129,60,2,1,0,data1501,baseline,150
20.033052750646004,16.404959338675162,0,2,1,0,data1501,lya,150
31.149615890604423,574.2818306668798,1,1,1,0,data1501,lya,150
41.179476423513485,588.2412194150935,2,1,1,0,data1501,lya,150
101.21109763443835,600.2943956303725,4,1,1,0,data1501,lya,150
121.25427971837895,619.5424061154777,5,2,1,0,data1501,lya,150
142.08655159152065,1034.0629643256625,6,2,1,0,data1501,lya,150
152.11415096410607,1045.5984163493592,7,1,1,0,data1501,lya,150
162.15788321398998,1065.0964157265255,8,1,1,0,data1501,lya,150
202.19523119646712,1081.6329133309087,9,4,1,0,data1501,lya,150
262.23466151616293,1099.7810575405267,11,1,1,0,data1501,lya,150
282.25795927390544,1110.6360824859164,12,2,1,0,data1501,lya,150
292.2871515550778,1122.8351772849317,13,1,1,0,data1501,lya,150
302.32906672742,1141.5716453105479,14,1,1,0,data1501,lya,150
312.36621157746544,1159.623496637715,15,1,1,0,data1501,lya,150
322.40272955448734,1174.5189886678943,16,1,1,0,data1501,lya,150
392.45231876087786,1195.9073131468365,18,2,1,0,data1501,lya,150
402.47763622061274,1207.9494562026573,19,1,1,0,data1501,lya,150
462.51174549849304,1221.9384929404878,21,1,1,0,data1501,lya,150
482.5449298807412,1235.8500869243517,22,2,1,0,data1501,lya,150
492.58737507360905,1256.3439711842875,23,1,1,0,data1501,lya,150
502.62938043228877,1275.4710529292277,24,1,1,0,data1501,lya,150
522.6692086483077,1294.5386011092307,25,2,1,0,data1501,lya,150
582.7015499773993,1309.6436203173946,27,1,1,0,data1501,lya,150
632.7420470982767,1328.0533851738694,28,5,1,0,data1501,lya,150
652.7702807635743,1341.5020513909021,29,2,1,0,data1501,lya,150
712.8064969997421,1355.8513361190637,31,1,1,0,data1501,lya,150
782.8485781395633,1373.8271212462482,33,2,1,0,data1501,lya,150
813.4653206496108,1681.0011192247039,34,3,1,0,data1501,lya,150
833.5190873523704,1706.4630556031311,35,2,1,0,data1501,lya,150
863.5406999761261,1716.4329686956326,36,3,1,0,data1501,lya,150
883.5601446456142,1725.362025631694,37,2,1,0,data1501,lya,150
913.6031718951627,1746.1525799991944,38,3,1,0,data1501,lya,150
933.6439610432254,1765.110893469009,39,2,1,0,data1501,lya,150
993.6871021859571,1783.2526210153303,41,1,1,0,data1501,lya,150
1003.7214005512329,1798.1913871510958,42,1,1,0,data1501,lya,150
1063.7570233556785,1813.5704099420643,44,1,1,0,data1501,lya,150
1123.8044157855068,1833.446008609153,46,1,1,0,data1501,lya,150
1133.8370123843292,1847.7107217016423,47,1,1,0,data1501,lya,150
1143.8664593682608,1858.5832357176798,48,1,1,0,data1501,lya,150
1153.9021415511156,1871.9763065094148,49,1,1,0,data1501,lya,150
1203.9417085925777,1889.040963780793,50,5,1,0,data1501,lya,150
1213.967749826202,1901.222341016773,51,1,1,0,data1501,lya,150
1223.992160818111,1912.111239038941,52,1,1,0,data1501,lya,150
1254.0288017973724,1928.3296750964005,53,3,1,0,data1501,lya,150
1264.0662688084738,1944.554507951944,54,1,1,0,data1501,lya,150
1274.095162087359,1957.0197920750884,55,1,1,0,data1501,lya,150
1294.122788239606,1969.6646005469968,56,2,1,0,data1501,lya,150
1324.1601958919912,1985.824850233785,57,3,1,0,data1501,lya,150
1334.180270705956,1993.5844285262983,58,1,1,0,data1501,lya,150
1354.199490016837,2001.5471096544156,59,2,1,0,data1501,lya,150
1364.22569416693,2012.9548885481533,60,1,1,0,data1501,lya,150
1414.2575972084023,2026.887652789594,61,5,1,0,data1501,lya,150
1434.294460697764,2043.4421906175842,62,2,1,0,data1501,lya,150
1454.341927930509,2065.818971702332,63,2,1,0,data1501,lya,150
1484.3811671071305,2085.107269818342,64,3,1,0,data1501,lya,150
1504.4134970822295,2099.307577168525,65,2,1,0,data1501,lya,150
1524.4451357802134,2114.2124961290115,66,2,1,0,data1501,lya,150
1544.4666391488295,2124.199849305822,67,2,1,0,data1501,lya,150
1575.2794779762748,2528.7245652729557,68,3,1,0,data1501,lya,150
1585.3113438868304,2542.281272078355,69,1,1,0,data1501,lya,150
1595.3453748551315,2558.8948648800456,70,1,1,0,data1501,lya,150
1606.1800800755973,2974.2620953306578,71,1,1,0,data1501,lya,150
1676.1849054138165,2974.2620953306578,73,2,0,1,data1501,lya,150
1686.2211020731681,2988.7182945883733,74,1,1,0,data1501,lya,150
1696.2582129810273,3005.726853198868,75,1,1,0,data1501,lya,150
1716.2600440239303,3005.726853198868,76,2,0,1,data1501,lya,150
1736.2957834261636,3018.7207508394386,77,2,1,0,data1501,lya,150
1756.2997745634016,3018.7207508394386,78,2,0,1,data1501,lya,150
1776.3313634383185,3033.7837128433475,79,2,1,0,data1501,lya,150
1786.3661520153742,3049.2720933360915,80,1,1,0,data1501,lya,150
1797.4228304765516,3577.041111137756,81,1,1,0,data1501,lya,150
1817.4603158336067,3592.1636620090508,82,2,1,0,data1501,lya,150
1827.498499832269,3609.6536534652782,83,1,1,0,data1501,lya,150
1847.4998802320247,3609.6536534652782,84,2,0,1,data1501,lya,150
1857.5416139866513,3629.4500075957044,85,1,1,0,data1501,lya,150
1867.5954913580965,3655.2159198832624,86,1,1,0,data1501,lya,150
1877.626411253023,3666.379182068822,87,1,1,0,data1501,lya,150
1897.6667792351273,3685.7407852524257,88,2,1,0,data1501,lya,150
1907.7022260956421,3701.6574952811175,89,1,1,0,data1501,lya,150
1917.7577002986482,3727.6065099472057,90,1,1,0,data1501,lya,150
1927.7828848943875,3738.56501852043,91,1,1,0,data1501,lya,150
1937.805184428192,3749.3664093095263,92,1,1,0,data1501,lya,150
1947.8344187639468,3761.3694460823062,93,1,1,0,data1501,lya,150
1997.8489490687102,3766.3694460823062,94,5,1,0,data1501,lya,150
2057.8799797152797,3777.573782774538,96,1,1,0,data1501,lya,150
2077.912821400613,3793.325751706919,97,2,1,0,data1501,lya,150
2087.9477001931696,3810.034531585805,98,1,1,0,data1501,lya,150
2097.9997658155444,3834.415385781884,99,1,1,0,data1501,lya,150
2118.041191918207,3854.1675049728146,100,2,1,0,data1501,lya,150
2128.069180585186,3866.2829866945026,101,1,1,0,data1501,lya,150
2138.0964891565986,3876.7909133377607,102,1,1,0,data1501,lya,150
2178.1349545768035,3894.250509195293,103,4,1,0,data1501,lya,150
2188.152442818654,3902.64934316019,104,1,1,0,data1501,lya,150
2198.2029596048533,3926.8066369894614,105,1,1,0,data1501,lya,150
2248.2482335474992,3947.703837593068,106,5,1,0,data1501,lya,150
2258.9252991892245,4285.685294099653,107,1,1,0,data1501,lya,150
2278.9433799971303,4292.119621454199,108,2,1,0,data1501,lya,150
2288.989476711092,4313.888983325026,109,1,1,0,data1501,lya,150
2299.0227242062956,4328.3162840987625,110,1,1,0,data1501,lya,150
2329.067777396455,4349.50536565863,111,3,1,0,data1501,lya,150
2379.0842694710577,4356.533227364658,112,5,1,0,data1501,lya,150
2389.109767497843,4368.536352249889,113,1,1,0,data1501,lya,150
2399.1399813918624,4383.5625707484805,114,1,1,0,data1501,lya,150
2429.1728532468487,4398.7974737173045,115,3,1,0,data1501,lya,150
2439.2021029755883,4411.547146359908,116,1,1,0,data1501,lya,150
2449.2405570594356,4429.6613960216455,117,1,1,0,data1501,lya,150
2459.264508789034,4439.323293874732,118,1,1,0,data1501,lya,150
2469.293919048514,4453.611396449626,119,1,1,0,data1501,lya,150
2479.332580564687,4469.212874608185,120,1,1,0,data1501,lya,150
2489.370393321241,4486.785068778479,121,1,1,0,data1501,lya,150
2499.4090976429447,4505.343143168924,122,1,1,0,data1501,lya,150
10.03440576618338,16.404959338675162,0,1,1,0,data1502,baseline,150
41.15502277449596,574.2818306668798,1,3,1,0,data1502,baseline,150
51.1846423556877,588.2412194150935,2,1,1,0,data1502,baseline,150
101.92613855669303,957.9166077205078,3,5,1,0,data1502,baseline,150
121.95209219650582,969.9697839357868,4,2,1,0,data1502,baseline,150
131.99196024645258,989.217794420892,5,1,1,0,data1502,baseline,150
212.82475718211015,1403.7383526310769,6,8,1,0,data1502,baseline,150
222.8528698945387,1415.2738046547736,7,1,1,0,data1502,baseline,150
232.89348049526876,1434.7718040319398,8,1,1,0,data1502,baseline,150
342.9274617515702,1451.308301636323,9,11,1,0,data1502,baseline,150
452.9686712220579,1470.3726122305177,10,11,1,0,data1502,baseline,150
473.0096530626978,1488.5207564401358,11,2,1,0,data1502,baseline,150
563.0351386205498,1499.3757813855254,12,9,1,0,data1502,baseline,150
573.0624831641295,1511.5748761845407,13,1,1,0,data1502,baseline,150
603.1026245265729,1530.311344210157,14,3,1,0,data1502,baseline,150
633.1413133346531,1548.3631955373241,15,3,1,0,data1502,baseline,150
663.1733401792956,1563.2586875675033,16,3,1,0,data1502,baseline,150
833.2060353146245,1578.8453244840473,17,17,1,0,data1502,baseline,150
853.2519819019356,1600.2336489629895,18,2,1,0,data1502,baseline,150
883.2776673446642,1612.2757920188103,19,3,1,0,data1502,baseline,150
923.3158098684876,1630.0112789246605,20,4,1,0,data1502,baseline,150
933.3463522081838,1644.000315662491,21,1,1,0,data1502,baseline,150
943.3776333113624,1657.9119096463548,22,1,1,0,data1502,baseline,150
963.4197365648553,1678.4057939062907,23,2,1,0,data1502,baseline,150
993.4602341170347,1697.5328756512308,24,3,1,0,data1502,baseline,150
1023.502592690157,1716.600423831234,25,3,1,0,data1502,baseline,150
1044.323206654303,2126.4008636983954,26,2,1,0,data1502,baseline,150
1104.3550166899045,2141.5058829065592,27,6,1,0,data1502,baseline,150
1164.3967016873669,2159.915647763034,28,6,1,0,data1502,baseline,150
1184.4291348198064,2173.3643139800665,29,2,1,0,data1502,baseline,150
1355.2833740341305,2598.6151921145656,30,17,1,0,data1502,baseline,150
1365.3162913960045,2612.964476842727,31,1,1,0,data1502,baseline,150
1446.2035241630622,3053.9997769060465,32,8,1,0,data1502,baseline,150
1456.2414130145364,3071.975562033231,33,1,1,0,data1502,baseline,150
1496.856822795933,3379.149560011687,34,4,1,0,data1502,baseline,150
1516.9089342953148,3404.611496390114,35,2,1,0,data1502,baseline,150
1536.9335921942863,3414.5814094826155,36,2,1,0,data1502,baseline,150
1676.95225097881,3423.510466418677,37,14,1,0,data1502,baseline,150
1706.9977492766116,3444.301020786177,38,3,1,0,data1502,baseline,150
1717.036509326793,3463.2593342559917,39,1,1,0,data1502,baseline,150
1777.0734494751944,3481.3799333412526,40,6,1,0,data1502,baseline,150
1787.1126210531172,3499.521660887574,41,1,1,0,data1502,baseline,150
1797.1449159365573,3514.4604270233394,42,1,1,0,data1502,baseline,150
2017.185325490769,3529.839449814308,44,2,1,0,data1502,baseline,150
2087.9986471985053,3933.9068553452003,45,7,1,0,data1502,baseline,150
2108.040958744313,3953.7824540122892,46,2,1,0,data1502,baseline,150
2138.07476692103,3968.0471671047785,47,3,1,0,data1502,baseline,150
2148.099160946016,3978.9196811208158,48,1,1,0,data1502,baseline,150
2168.129977593728,3992.312751912551,49,2,1,0,data1502,baseline,150
2188.1662318823423,4009.377409183929,50,2,1,0,data1502,baseline,150
2278.194081639407,4021.558786419909,51,9,1,0,data1502,baseline,150
2308.2181316871465,4032.447684442077,52,3,1,0,data1502,baseline,150
2318.2517639698603,4048.6661204995366,53,1,1,0,data1502,baseline,150
2328.285710668298,4064.8909533550805,54,1,1,0,data1502,baseline,150
2358.312619882039,4077.356237478225,55,3,1,0,data1502,baseline,150
2378.3409021030766,4090.001045950133,56,2,1,0,data1502,baseline,150
2418.377228705168,4106.161295636922,57,4,1,0,data1502,baseline,150
2468.394863947211,4113.920873929435,58,5,1,0,data1502,baseline,150
2478.412301609097,4121.883555057552,59,1,1,0,data1502,baseline,150
2498.4395995072487,4133.29133395129,60,2,1,0,data1502,baseline,150
20.03440576618338,16.404959338675162,0,2,1,0,data1502,lya,150
31.15502277449596,574.2818306668798,1,1,1,0,data1502,lya,150
41.1846423556877,588.2412194150935,2,1,1,0,data1502,lya,150
101.21274141989497,600.2943956303725,4,1,1,0,data1502,lya,150
121.25260946984173,619.5424061154777,5,2,1,0,data1502,lya,150
142.0854064054993,1034.0629643256625,6,2,1,0,data1502,lya,150
152.11351911792786,1045.5984163493592,7,1,1,0,data1502,lya,150
162.1541297186579,1065.0964157265255,8,1,1,0,data1502,lya,150
202.18811097495936,1081.6329133309087,9,4,1,0,data1502,lya,150
262.23217366489854,1099.7810575405267,11,1,1,0,data1502,lya,150
282.2576592227505,1110.6360824859164,12,2,1,0,data1502,lya,150
292.2850037663301,1122.8351772849317,13,1,1,0,data1502,lya,150
302.3251451287734,1141.5716453105479,14,1,1,0,data1502,lya,150
312.3638339368535,1159.623496637715,15,1,1,0,data1502,lya,150
322.3958607814959,1174.5189886678943,16,1,1,0,data1502,lya,150
392.44332923030277,1195.9073131468365,18,2,1,0,data1502,lya,150
402.4690146730315,1207.9494562026573,19,1,1,0,data1502,lya,150
462.50222856273945,1221.9384929404878,21,1,1,0,data1502,lya,150
482.53350966591796,1235.8500869243517,22,2,1,0,data1502,lya,150
492.57561291941084,1256.3439711842875,23,1,1,0,data1502,lya,150
502.6161104715903,1275.4710529292277,24,1,1,0,data1502,lya,150
522.6584690447127,1294.5386011092307,25,2,1,0,data1502,lya,150
582.6912921647258,1309.6436203173946,27,1,1,0,data1502,lya,150
632.7329771621881,1328.0533851738694,28,5,1,0,data1502,lya,150
652.7654102946276,1341.5020513909021,29,2,1,0,data1502,lya,150
712.8020651145567,1355.8513361190637,31,1,1,0,data1502,lya,150
782.8451161329622,1373.8271212462482,33,2,1,0,data1502,lya,150
813.4605259143588,1681.0011192247039,34,3,1,0,data1502,lya,150
833.5126374137404,1706.4630556031311,35,2,1,0,data1502,lya,150
863.5372953127121,1716.4329686956326,36,3,1,0,data1502,lya,150
883.5559540972359,1725.362025631694,37,2,1,0,data1502,lya,150
913.6014523950374,1746.1525799991944,38,3,1,0,data1502,lya,150
933.6402124452189,1765.110893469009,39,2,1,0,data1502,lya,150
993.6800829733725,1783.2526210153303,41,1,1,0,data1502,lya,150
1003.7123778568126,1798.1913871510958,42,1,1,0,data1502,lya,150
1063.7527874110242,1813.5704099420643,44,1,1,0,data1502,lya,150
1123.8002858535062,1833.446008609153,46,1,1,0,data1502,lya,150
1133.8340940302237,1847.7107217016423,47,1,1,0,data1502,lya,150
1143.8584880552098,1858.5832357176798,48,1,1,0,data1502,lya,150
1153.8893047029214,1871.9763065094148,49,1,1,0,data1502,lya,150
1203.9255589915351,1889.040963780793,50,5,1,0,data1502,lya,150
1213.9534087486,1901.222341016773,51,1,1,0,data1502,lya,150
1223.977458796339,1912.111239038941,52,1,1,0,data1502,lya,150
1254.011091079053,1928.3296750964005,53,3,1,0,data1502,lya,150
1264.0450377774907,1944.554507951944,54,1,1,0,data1502,lya,150
1274.0719469912312,1957.0197920750884,55,1,1,0,data1502,lya,150
1294.100229212269,1969.6646005469968,56,2,1,0,data1502,lya,150
1324.1365558143602,1985.824850233785,57,3,1,0,data1502,lya,150
1334.154191056403,1993.5844285262983,58,1,1,0,data1502,lya,150
1354.171628718289,2001.5471096544156,59,2,1,0,data1502,lya,150
1364.1989266164405,2012.9548885481533,60,1,1,0,data1502,lya,150
1414.2281688127846,2026.887652789594,61,5,1,0,data1502,lya,150
1434.266158144757,2043.4421906175842,62,2,1,0,data1502,lya,150
1454.3140310624244,2065.818971702332,63,2,1,0,data1502,lya,150
1484.3565275617984,2085.107269818342,64,3,1,0,data1502,lya,150
1504.3856856103407,2099.307577168525,65,2,1,0,data1502,lya,150
1524.416434256923,2114.2124961290115,66,2,1,0,data1502,lya,150
1544.439692552022,2124.199849305822,67,2,1,0,data1502,lya,150
1575.2525684634904,2528.7245652729557,68,3,1,0,data1502,lya,150
1585.2815906137992,2542.281272078355,69,1,1,0,data1502,lya,150
1595.3171703872172,2558.8948648800456,70,1,1,0,data1502,lya,150
1606.1506002191743,2974.2620953306578,71,1,1,0,data1502,lya,150
1676.1583035495194,2974.2620953306578,73,2,0,1,data1502,lya,150
1686.1939727510694,2988.7182945883733,74,1,1,0,data1502,lya,150
1696.2302582001957,3005.726853198868,75,1,1,0,data1502,lya,150
1716.2398401420555,3005.726853198868,76,2,0,1,data1502,lya,150
1736.2669806348795,3018.7207508394386,77,2,1,0,data1502,lya,150
1756.2732169630403,3018.7207508394386,78,2,0,1,data1502,lya,150
1776.306744695209,3033.7837128433475,79,2,1,0,data1502,lya,150
1786.3417811018126,3049.2720933360915,80,1,1,0,data1502,lya,150
1797.4006340970363,3577.041111137756,81,1,1,0,data1502,lya,150
1817.4336059370007,3592.1636620090508,82,2,1,0,data1502,lya,150
1827.4727258199725,3609.6536534652782,83,1,1,0,data1502,lya,150
1847.4757967343721,3609.6536534652782,84,2,0,1,data1502,lya,150
1857.5177263753546,3629.4500075957044,85,1,1,0,data1502,lya,150
1867.5721376023698,3655.2159198832624,86,1,1,0,data1502,lya,150
1877.596728735562,3666.379182068822,87,1,1,0,data1502,lya,150
1897.6366762973933,3685.7407852524257,88,2,1,0,data1502,lya,150
1907.67474889454,3701.6574952811175,89,1,1,0,data1502,lya,150
1917.7275020856655,3727.6065099472057,90,1,1,0,data1502,lya,150
1927.7514435393293,3738.56501852043,91,1,1,0,data1502,lya,150
1937.774583340029,3749.3664093095263,92,1,1,0,data1502,lya,150
1947.8048851169685,3761.3694460823062,93,1,1,0,data1502,lya,150
1997.8199138885423,3766.3694460823062,94,5,1,0,data1502,lya,150
2057.846712984377,3777.573782774538,96,1,1,0,data1502,lya,150
2077.880838806744,3793.325751706919,97,2,1,0,data1502,lya,150
2087.916864028394,3810.034531585805,98,1,1,0,data1502,lya,150
2097.9683710875292,3834.415385781884,99,1,1,0,data1502,lya,150
2118.0118604874856,3854.1675049728146,100,2,1,0,data1502,lya,150
2128.037558921028,3866.2829866945026,101,1,1,0,data1502,lya,150
2138.0600899379465,3876.7909133377607,102,1,1,0,data1502,lya,150
2178.096805561835,3894.250509195293,103,4,1,0,data1502,lya,150
2188.11520743748,3902.64934316019,104,1,1,0,data1502,lya,150
2198.1652860544164,3926.8066369894614,105,1,1,0,data1502,lya,150
2248.2101151070838,3947.703837593068,106,5,1,0,data1502,lya,150
2258.891132476365,4285.685294099653,107,1,1,0,data1502,lya,150
2278.9057951352443,4292.119621454199,108,2,1,0,data1502,lya,150
2288.952174357173,4313.888983325026,109,1,1,0,data1502,lya,150
2298.98450398342,4328.3162840987625,110,1,1,0,data1502,lya,150
2329.027295084852,4349.50536565863,111,3,1,0,data1502,lya,150
2379.0454266181223,4356.533227364658,112,5,1,0,data1502,lya,150
2389.072786376713,4368.536352249889,113,1,1,0,data1502,lya,150
2399.103288430628,4383.5625707484805,114,1,1,0,data1502,lya,150
2429.135324782479,4398.7974737173045,115,3,1,0,data1502,lya,150
2439.1643927494993,4411.547146359908,116,1,1,0,data1502,lya,150
2449.2040517216096,4429.6613960216455,117,1,1,0,data1502,lya,150
2459.2308324922265,4439.323293874732,118,1,1,0,data1502,lya,150
2469.259895094303,4453.611396449626,119,1,1,0,data1502,lya,150
2479.2992149693173,4469.212874608185,120,1,1,0,data1502,lya,150
2489.3395262452786,4486.785068778479,121,1,1,0,data1502,lya,150
2499.3788354571375,4505.343143168924,122,1,1,0,data1502,lya,150
10.036700950947198,16.404959338675162,0,1,1,0,data1503,baseline,150
41.15773278447058,574.2818306668798,1,3,1,0,data1503,baseline,150
51.18922723386646,588.2412194150935,2,1,1,0,data1503,baseline,150
101.9289481215721,957.9166077205078,3,5,1,0,data1503,baseline,150
121.95689729910146,969.9697839357868,4,2,1,0,data1503,baseline,150
131.99925011820255,989.217794420892,5,1,1,0,data1503,baseline,150
212.83106164262355,1403.7383526310769,6,8,1,0,data1503,baseline,150
222.85680883345722,1415.2738046547736,7,1,1,0,data1503,baseline,150
232.90045034768886,1434.7718040319398,8,1,1,0,data1503,baseline,150
342.93813297328444,1451.308301636323,9,11,1,0,data1503,baseline,150
452.9800430632298,1470.3726122305177,10,11,1,0,data1503,baseline,150
473.0183790844263,1488.5207564401358,11,2,1,0,data1503,baseline,150
563.041301064151,1499.3757813855254,12,9,1,0,data1503,baseline,150
573.0697375360156,1511.5748761845407,13,1,1,0,data1503,baseline,150
603.1096892454475,1530.311344210157,14,3,1,0,data1503,baseline,150
633.1502245891986,1548.3631955373241,15,3,1,0,data1503,baseline,150
663.1845349950984,1563.2586875675033,16,3,1,0,data1503,baseline,150
833.2200530275913,1578.8453244840473,17,17,1,0,data1503,baseline,150
853.2649631924954,1600.2336489629895,18,2,1,0,data1503,baseline,150
883.2921843197239,1612.2757920188103,19,3,1,0,data1503,baseline,150
923.3315229728734,1630.0112789246605,20,4,1,0,data1503,baseline,150
933.3599615772953,1644.000315662491,21,1,1,0,data1503,baseline,150
943.3894558213243,1657.9119096463548,22,1,1,0,data1503,baseline,150
963.4332081815306,1678.4057939062907,23,2,1,0,data1503,baseline,150
993.4755110753292,1697.5328756512308,24,3,1,0,data1503,baseline,150
1023.5158688065804,1716.600423831234,25,3,1,0,data1503,baseline,150
1044.3368717840333,2126.4008636983954,26,2,1,0,data1503,baseline,150
1104.3686441553534,2141.5058829065592,27,6,1,0,data1503,baseline,150
1164.4065496798225,2159.915647763034,28,6,1,0,data1503,baseline,150
1184.4377936440287,2173.3643139800665,29,2,1,0,data1503,baseline,150
1355.2926854723873,2598.6151921145656,30,17,1,0,data1503,baseline,150
1365.3255874016263,2612.964476842727,31,1,1,0,data1503,baseline,150
1446.212822157105,3053.9997769060465,32,8,1,0,data1503,baseline,150
1456.2552519271007,3071.975562033231,33,1,1,0,data1503,baseline,150
1496.8722433654993,3379.149560011687,34,4,1,0,data1503,baseline,150
1516.9250151860024,3404.611496390114,35,2,1,0,data1503,baseline,150
1536.9491989299652,3414.5814094826155,36,2,1,0,data1503,baseline,150
1676.9689478204818,3423.510466418677,37,14,1,0,data1503,baseline,150
1707.0127504173004,3444.301020786177,38,3,1,0,data1503,baseline,150
1717.052710258182,3463.2593342559917,39,1,1,0,data1503,baseline,150
1777.0922522239148,3481.3799333412526,40,6,1,0,data1503,baseline,150
1787.1316630768436,3499.521660887574,41,1,1,0,data1503,baseline,150
1797.1630445521193,3514.4604270233394,42,1,1,0,data1503,baseline,150
2017.1998536938133,3529.839449814308,44,2,1,0,data1503,baseline,150
2088.010207887286,3933.9068553452003,45,7,1,0,data1503,baseline,150
2108.0520983639617,3953.7824540122892,46,2,1,0,data1503,baseline,150
2138.083364556743,3968.0471671047785,47,3,1,0,data1503,baseline,150
2148.1059489906424,3978.9196811208158,48,1,1,0,data1503,baseline,150
2168.1336712165225,3992.312751912551,49,2,1,0,data1503,baseline,150
2188.1710585524665,4009.377409183929,50,2,1,0,data1503,baseline,150
2278.196157435436,4021.558786419909,51,9,1,0,data1503,baseline,150
2308.222379861598,4032.447684442077,52,3,1,0,data1503,baseline,150
2318.2612506508967,4048.6661204995366,53,1,1,0,data1503,baseline,150
2328.2940916697094,4064.8909533550805,54,1,1,0,data1503,baseline,150
2358.3214220659925,4077.356237478225,55,3,1,0,data1503,baseline,150
2378.3481480770192,4090.001045950133,56,2,1,0,data1503,baseline,150
2418.3837122145405,4106.161295636922,57,4,1,0,data1503,baseline,150
2468.4003364729897,4113.920873929435,58,5,1,0,data1503,baseline,150
2478.418748533716,4121.883555057552,59,1,1,0,data1503,baseline,150
2498.4429105611134,4133.29133395129,60,2,1,0,data1503,baseline,150
20.0367009509472,16.404959338675162,0,2,1,0,data1503,lya,150
31.15773278447058,574.2818306668798,1,1,1,0,data1503,lya,150
41.189227233866454,588.2412194150935,2,1,1,0,data1503,lya,150
101.21754652249064,600.2943956303725,4,1,1,0,data1503,lya,150
121.25989934159175,619.5424061154777,5,2,1,0,data1503,lya,150
142.09171086601276,1034.0629643256625,6,2,1,0,data1503,lya,150
152.11745805684643,1045.5984163493592,7,1,1,0,data1503,lya,150
162.16109957107807,1065.0964157265255,8,1,1,0,data1503,lya,150
202.1987821966736,1081.6329133309087,9,4,1,0,data1503,lya,150
262.240899686627,1099.7810575405267,11,1,1,0,data1503,lya,150
282.26382166635176,1110.6360824859164,12,2,1,0,data1503,lya,150
292.2922581382164,1122.8351772849317,13,1,1,0,data1503,lya,150
302.3322098476483,1141.5716453105479,14,1,1,0,data1503,lya,150
312.3727451913993,1159.623496637715,15,1,1,0,data1503,lya,150
322.40705559729906,1174.5189886678943,16,1,1,0,data1503,lya,150
392.4563105208629,1195.9073131468365,18,2,1,0,data1503,lya,150
402.48353164809146,1207.9494562026573,19,1,1,0,data1503,lya,150
462.51583793185125,1221.9384929404878,21,1,1,0,data1503,lya,150
482.5453321758803,1235.8500869243517,22,2,1,0,data1503,lya,150
492.58908453608655,1256.3439711842875,23,1,1,0,data1503,lya,150
502.6313874298851,1275.4710529292277,24,1,1,0,data1503,lya,150
522.6717451611363,1294.5386011092307,25,2,1,0,data1503,lya,150
582.704919630175,1309.6436203173946,27,1,1,0,data1503,lya,150
632.7428251546439,1328.0533851738694,28,5,1,0,data1503,lya,150
652.7740691188501,1341.5020513909021,29,2,1,0,data1503,lya,150
712.8113611201787,1355.8513361190637,31,1,1,0,data1503,lya,150
782.8589550455266,1373.8271212462482,33,2,1,0,data1503,lya,150
813.4759464839252,1681.0011192247039,34,3,1,0,data1503,lya,150
833.5287183044281,1706.4630556031311,35,2,1,0,data1503,lya,150
863.5529020483909,1716.4329686956326,36,3,1,0,data1503,lya,150
883.5726509389077,1725.362025631694,37,2,1,0,data1503,lya,150
913.6164535357262,1746.1525799991944,38,3,1,0,data1503,lya,150
933.6564133766077,1765.110893469009,39,2,1,0,data1503,lya,150
993.6991249970986,1783.2526210153303,41,1,1,0,data1503,lya,150
1003.7305064723743,1798.1913871510958,42,1,1,0,data1503,lya,150
1063.7673156140684,1813.5704099420643,44,1,1,0,data1503,lya,150
1123.8114254731545,1833.446008609153,46,1,1,0,data1503,lya,150
1133.8426916659362,1847.7107217016423,47,1,1,0,data1503,lya,150
1143.8652760998355,1858.5832357176798,48,1,1,0,data1503,lya,150
1153.8929983257153,1871.9763065094148,49,1,1,0,data1503,lya,150
1203.930385661659,1889.040963780793,50,5,1,0,data1503,lya,150
1213.9554845446287,1901.222341016773,51,1,1,0,data1503,lya,150
1223.9817069707906,1912.111239038941,52,1,1,0,data1503,lya,150
1254.0205777600895,1928.3296750964005,53,3,1,0,data1503,lya,150
1264.053418778902,1944.554507951944,54,1,1,0,data1503,lya,150
1274.0807491751846,1957.0197920750884,55,1,1,0,data1503,lya,150
1294.1074751862118,1969.6646005469968,56,2,1,0,data1503,lya,150
1324.1430393237329,1985.824850233785,57,3,1,0,data1503,lya,150
1334.159663582182,1993.5844285262983,58,1,1,0,data1503,lya,150
1354.1780756429082,2001.5471096544156,59,2,1,0,data1503,lya,150
1364.2022376703055,2012.9548885481533,60,1,1,0,data1503,lya,150
1414.236819924322,2026.887652789594,61,5,1,0,data1503,lya,150
1434.276095645885,2043.4421906175842,62,2,1,0,data1503,lya,150
1454.3244089812065,2065.818971702332,63,2,1,0,data1503,lya,150
1484.3644784560422,2085.107269818342,64,3,1,0,data1503,lya,150
1504.396384721031,2099.307577168525,65,2,1,0,data1503,lya,150
1524.4299912603337,2114.2124961290115,66,2,1,0,data1503,lya,150
1544.4517832841514,2124.199849305822,67,2,1,0,data1503,lya,150
1575.2623753319679,2528.7245652729557,68,3,1,0,data1503,lya,150
1585.2900562888744,2542.281272078355,69,1,1,0,data1503,lya,150
1595.3264934132487,2558.8948648800456,70,1,1,0,data1503,lya,150
1606.1610869479384,2974.2620953306578,71,1,1,0,data1503,lya,150
1676.1677869886153,2974.2620953306578,73,2,0,1,data1503,lya,150
1686.198985447137,2988.7182945883733,74,1,1,0,data1503,lya,150
1696.2352143058556,3005.726853198868,75,1,1,0,data1503,lya,150
1716.2386347176766,3005.726853198868,76,2,0,1,data1503,lya,150
1736.2684501137367,3018.7207508394386,77,2,1,0,data1503,lya,150
1756.271977058124,3018.7207508394386,78,2,0,1,data1503,lya,150
1776.3052831909995,3033.7837128433475,79,2,1,0,data1503,lya,150
1786.3389124423834,3049.2720933360915,80,1,1,0,data1503,lya,150
1797.3967255992632,3577.041111137756,81,1,1,0,data1503,lya,150
1817.4301114057491,3592.1636620090508,82,2,1,0,data1503,lya,150
1827.4667656922795,3609.6536534652782,83,1,1,0,data1503,lya,150
1847.470615341286,3609.6536534652782,84,2,0,1,data1503,lya,150
1857.5130533435713,3629.4500075957044,85,1,1,0,data1503,lya,150
1867.5676662048322,3655.2159198832624,86,1,1,0,data1503,lya,150
1877.5917325820274,3666.379182068822,87,1,1,0,data1503,lya,150
1897.6348518777345,3685.7407852524257,88,2,1,0,data1503,lya,150
1907.6701624660036,3701.6574952811175,89,1,1,0,data1503,lya,150
1917.7236706576887,3727.6065099472057,90,1,1,0,data1503,lya,150
1927.7512753223898,3738.56501852043,91,1,1,0,data1503,lya,150
1937.7760999500401,3749.3664093095263,92,1,1,0,data1503,lya,150
1947.8020922887958,3761.3694460823062,93,1,1,0,data1503,lya,150
1997.8141135148803,3766.3694460823062,94,5,1,0,data1503,lya,150
2057.843167313378,3777.573782774538,96,1,1,0,data1503,lya,150
2077.8804679341315,3793.325751706919,97,2,1,0,data1503,lya,150
2087.9149517756073,3810.034531585805,98,1,1,0,data1503,lya,150
2097.9670160861874,3834.415385781884,99,1,1,0,data1503,lya,150
2118.0094888492085,3854.1675049728146,100,2,1,0,data1503,lya,150
2128.0365070803464,3866.2829866945026,101,1,1,0,data1503,lya,150
2138.0616413275297,3876.7909133377607,102,1,1,0,data1503,lya,150
2178.0971535335325,3894.250509195293,103,4,1,0,data1503,lya,150
2188.11683972535,3902.64934316019,104,1,1,0,data1503,lya,150
2198.1666628328544,3926.8066369894614,105,1,1,0,data1503,lya,150
2248.20916624391,3947.703837593068,106,5,1,0,data1503,lya,150
2258.8867767380248,4285.685294099653,107,1,1,0,data1503,lya,150
2278.9067639868676,4292.119621454199,108,2,1,0,data1503,lya,150
2288.9525593748044,4313.888983325026,109,1,1,0,data1503,lya,150
2298.9839581956417,4328.3162840987625,110,1,1,0,data1503,lya,150
2329.028685430809,4349.50536565863,111,3,1,0,data1503,lya,150
2379.044163416785,4356.533227364658,112,5,1,0,data1503,lya,150
2389.0723897718226,4368.536352249889,113,1,1,0,data1503,lya,150
2399.107948622132,4383.5625707484805,114,1,1,0,data1503,lya,150
2429.14318046978,4398.7974737173045,115,3,1,0,data1503,lya,150
2439.169856278078,4411.547146359908,116,1,1,0,data1503,lya,150
2449.212959361907,4429.6613960216455,117,1,1,0,data1503,lya,150
2459.235029505454,4439.323293874732,118,1,1,0,data1503,lya,150
2469.2667569413643,4453.611396449626,119,1,1,0,data1503,lya,150
2479.3009278902423,4469.212874608185,120,1,1,0,data1503,lya,150
2489.342678840197,4486.785068778479,121,1,1,0,data1503,lya,150
2499.3851420178075,4505.343143168924,122,1,1,0,data1503,lya,150
10.033096450355353,16.404959338675162,0,1,1,0,data1504,baseline,150
41.15533438186022,574.2818306668798,1,3,1,0,data1504,baseline,150
51.18590864521521,588.2412194150935,2,1,1,0,data1504,baseline,150
101.92871458808688,957.9166077205078,3,5,1,0,data1504,baseline,150
121.95425866845068,969.9697839357868,4,2,1,0,data1504,baseline,150
131.9954516670149,989.217794420892,5,1,1,0,data1504,baseline,150
212.8284757977765,1403.7383526310769,6,8,1,0,data1504,baseline,150
222.8564671132114,1415.2738046547736,7,1,1,0,data1504,baseline,150
232.89736809454112,1434.7718040319398,8,1,1,0,data1504,baseline,150
342.9323986634982,1451.308301636323,9,11,1,0,data1504,baseline,150
452.9737899821032,1470.3726122305177,10,11,1,0,data1504,baseline,150
473.01224691101197,1488.5207564401358,11,2,1,0,data1504,baseline,150
563.0358882919074,1499.3757813855254,12,9,1,0,data1504,baseline,150
573.0641216748129,1511.5748761845407,13,1,1,0,data1504,baseline,150
603.1070844874138,1530.311344210157,14,3,1,0,data1504,baseline,150
633.1471113329004,1548.3631955373241,15,3,1,0,data1504,baseline,150
663.1800599202077,1563.2586875675033,16,3,1,0,data1504,baseline,150
833.213849545327,1578.8453244840473,17,17,1,0,data1504,baseline,150
853.2580546072171,1600.2336489629895,18,2,1,0,data1504,baseline,150
883.2843887066615,1612.2757920188103,19,3,1,0,data1504,baseline,150
923.3218369052986,1630.0112789246605,20,4,1,0,data1504,baseline,150
933.3538577342667,1644.000315662491,21,1,1,0,data1504,baseline,150
943.3859007913228,1657.9119096463548,22,1,1,0,data1504,baseline,150
963.4293984118408,1678.4057939062907,23,2,1,0,data1504,baseline,150
993.4713572447549,1697.5328756512308,24,3,1,0,data1504,baseline,150
1023.5124863088523,1716.600423831234,25,3,1,0,data1504,baseline,150
1044.3341989665607,2126.4008636983954,26,2,1,0,data1504,baseline,150
1104.368377564735,2141.5058829065592,27,6,1,0,data1504,baseline,150
1164.4085872982712,2159.915647763034,28,6,1,0,data1504,baseline,150
1184.4363810775276,2173.3643139800665,29,2,1,0,data1504,baseline,150
1355.2907653315985,2598.6151921145656,30,17,1,0,data1504,baseline,150
1365.3252548217986,2612.964476842727,31,1,1,0,data1504,baseline,150
1446.2105196309735,3053.9997769060465,32,8,1,0,data1504,baseline,150
1456.2482135578805,3071.975562033231,33,1,1,0,data1504,baseline,150
1496.865030203696,3379.149560011687,34,4,1,0,data1504,baseline,150
1516.9164810369448,3404.611496390114,35,2,1,0,data1504,baseline,150
1536.9385884785386,3414.5814094826155,36,2,1,0,data1504,baseline,150
1676.95907900934,3423.510466418677,37,14,1,0,data1504,baseline,150
1707.0030702587028,3444.301020786177,38,3,1,0,data1504,baseline,150
1717.042430497247,3463.2593342559917,39,1,1,0,data1504,baseline,150
1777.079384357108,3481.3799333412526,40,6,1,0,data1504,baseline,150
1787.1183277863547,3499.521660887574,41,1,1,0,data1504,baseline,150
1797.152019484423,3514.4604270233394,42,1,1,0,data1504,baseline,150
2017.1887551461805,3529.839449814308,44,2,1,0,data1504,baseline,150
2087.9991685199584,3933.9068553452003,45,7,1,0,data1504,baseline,150
2108.0424594577703,3953.7824540122892,46,2,1,0,data1504,baseline,150
2138.0756335958235,3968.0471671047785,47,3,1,0,data1504,baseline,150
2148.099165721662,3978.9196811208158,48,1,1,0,data1504,baseline,150
2168.129014116305,3992.312751912551,49,2,1,0,data1504,baseline,150
2188.1649882574825,4009.377409183929,50,2,1,0,data1504,baseline,150
2278.1947890828956,4021.558786419909,51,9,1,0,data1504,baseline,150
2308.219182775491,4032.447684442077,52,3,1,0,data1504,baseline,150
2318.2519434564574,4048.6661204995366,53,1,1,0,data1504,baseline,150
2328.2871948001057,4064.8909533550805,54,1,1,0,data1504,baseline,150
2358.3135783534794,4077.356237478225,55,3,1,0,data1504,baseline,150
2378.342928263125,4090.001045950133,56,2,1,0,data1504,baseline,150
2418.3791416198414,4106.161295636922,57,4,1,0,data1504,baseline,150
2468.4004990287167,4113.920873929435,58,5,1,0,data1504,baseline,150
2478.4193694783607,4121.883555057552,59,1,1,0,data1504,baseline,150
2498.445509144948,4133.29133395129,60,2,1,0,data1504,baseline,150
20.03309645035535,16.404959338675162,0,2,1,0,data1504,lya,150
31.15533438186022,574.2818306668798,1,1,1,0,data1504,lya,150
41.18590864521521,588.2412194150935,2,1,1,0,data1504,lya,150
101.21490789183983,600.2943956303725,4,1,1,0,data1504,lya,150
121.25610089040404,619.5424061154777,5,2,1,0,data1504,lya,150
142.08912502116564,1034.0629643256625,6,2,1,0,data1504,lya,150
152.11711633660056,1045.5984163493592,7,1,1,0,data1504,lya,150
162.15801731793027,1065.0964157265255,8,1,1,0,data1504,lya,150
202.1930478868873,1081.6329133309087,9,4,1,0,data1504,lya,150
262.2347675132127,1099.7810575405267,11,1,1,0,data1504,lya,150
282.25840889410824,1110.6360824859164,12,2,1,0,data1504,lya,150
292.2866422770137,1122.8351772849317,13,1,1,0,data1504,lya,150
302.3296050896146,1141.5716453105479,14,1,1,0,data1504,lya,150
312.36963193510115,1159.623496637715,15,1,1,0,data1504,lya,150
322.4025805224084,1174.5189886678943,16,1,1,0,data1504,lya,150
392.44940193558466,1195.9073131468365,18,2,1,0,data1504,lya,150
402.4757360350291,1207.9494562026573,19,1,1,0,data1504,lya,150
462.50973408882265,1221.9384929404878,21,1,1,0,data1504,lya,150
482.5417771458787,1235.8500869243517,22,2,1,0,data1504,lya,150
492.5852747663967,1256.3439711842875,23,1,1,0,data1504,lya,150
502.6272335993107,1275.4710529292277,24,1,1,0,data1504,lya,150
522.6683626634081,1294.5386011092307,25,2,1,0,data1504,lya,150
582.7046530395567,1309.6436203173946,27,1,1,0,data1504,lya,150
632.7448627730928,1328.0533851738694,28,5,1,0,data1504,lya,150
652.772656552349,1341.5020513909021,29,2,1,0,data1504,lya,150
712.811028540351,1355.8513361190637,31,1,1,0,data1504,lya,150
782.8519166763064,1373.8271212462482,33,2,1,0,data1504,lya,150
813.468733322122,1681.0011192247039,34,3,1,0,data1504,lya,150
833.5201841553708,1706.4630556031311,35,2,1,0,data1504,lya,150
863.5422915969644,1716.4329686956326,36,3,1,0,data1504,lya,150
883.5627821277659,1725.362025631694,37,2,1,0,data1504,lya,150
913.6067733771285,1746.1525799991944,38,3,1,0,data1504,lya,150
933.6461336156727,1765.110893469009,39,2,1,0,data1504,lya,150
993.6857897066097,1783.2526210153303,41,1,1,0,data1504,lya,150
1003.7194814046779,1798.1913871510958,42,1,1,0,data1504,lya,150
1063.7562170664355,1813.5704099420643,44,1,1,0,data1504,lya,150
1123.8017865669633,1833.446008609153,46,1,1,0,data1504,lya,150
1133.834960705017,1847.7107217016423,47,1,1,0,data1504,lya,150
1143.8584928308555,1858.5832357176798,48,1,1,0,data1504,lya,150
1153.8883412254984,1871.9763065094148,49,1,1,0,data1504,lya,150
1203.924315366676,1889.040963780793,50,5,1,0,data1504,lya,150
1213.954116192089,1901.222341016773,51,1,1,0,data1504,lya,150
1223.9785098846842,1912.111239038941,52,1,1,0,data1504,lya,150
1254.0112705656509,1928.3296750964005,53,3,1,0,data1504,lya,150
1264.046521909299,1944.554507951944,54,1,1,0,data1504,lya,150
1274.0729054626725,1957.0197920750884,55,1,1,0,data1504,lya,150
1294.1022553723183,1969.6646005469968,56,2,1,0,data1504,lya,150
1324.1384687290345,1985.824850233785,57,3,1,0,data1504,lya,150
1334.1598261379095,1993.5844285262983,58,1,1,0,data1504,lya,150
1354.178696587553,2001.5471096544156,59,2,1,0,data1504,lya,150
1364.2048362541402,2012.9548885481533,60,1,1,0,data1504,lya,150
1414.2338865067734,2026.887652789594,61,5,1,0,data1504,lya,150
1434.271432289436,2043.4421906175842,62,2,1,0,data1504,lya,150
1454.3196964151646,2065.818971702332,63,2,1,0,data1504,lya,150
1484.3638062446878,2085.107269818342,64,3,1,0,data1504,lya,150
1504.3955654368194,2099.307577168525,65,2,1,0,data1504,lya,150
1524.4259945460158,2114.2124961290115,66,2,1,0,data1504,lya,150
1544.4488621381786,2124.199849305822,67,2,1,0,data1504,lya,150
1575.2606078937702,2528.7245652729557,68,3,1,0,data1504,lya,150
1585.293653652222,2542.281272078355,69,1,1,0,data1504,lya,150
1595.3302566941236,2558.8948648800456,70,1,1,0,data1504,lya,150
1606.1625609591144,2974.2620953306578,71,1,1,0,data1504,lya,150
1676.1673933282686,2974.2620953306578,73,2,0,1,data1504,lya,150
1686.1969143348701,2988.7182945883733,74,1,1,0,data1504,lya,150
1696.2319126153868,3005.726853198868,75,1,1,0,data1504,lya,150
1716.236605170964,3005.726853198868,76,2,0,1,data1504,lya,150
1736.268584143622,3018.7207508394386,77,2,1,0,data1504,lya,150
1756.2715872275312,3018.7207508394386,78,2,0,1,data1504,lya,150
1776.3074810275366,3033.7837128433475,79,2,1,0,data1504,lya,150
1786.3430849970525,3049.2720933360915,80,1,1,0,data1504,lya,150
1797.4025943619881,3577.041111137756,81,1,1,0,data1504,lya,150
1817.4384268052095,3592.1636620090508,82,2,1,0,data1504,lya,150
1827.4737789030673,3609.6536534652782,83,1,1,0,data1504,lya,150
1847.478992298894,3609.6536534652782,84,2,0,1,data1504,lya,150
1857.519970039668,3629.4500075957044,85,1,1,0,data1504,lya,150
1867.5757684061712,3655.2159198832624,86,1,1,0,data1504,lya,150
1877.6029497372454,3666.379182068822,87,1,1,0,data1504,lya,150
1897.6449058293522,3685.7407852524257,88,2,1,0,data1504,lya,150
1907.6800980577864,3701.6574952811175,89,1,1,0,data1504,lya,150
1917.7416878422778,3727.6065099472057,90,1,1,0,data1504,lya,150
1927.7649856372793,3738.56501852043,91,1,1,0,data1504,lya,150
1937.78888603358,3749.3664093095263,92,1,1,0,data1504,lya,150
1947.8139536811477,3761.3694460823062,93,1,1,0,data1504,lya,150
1997.825884194305,3766.3694460823062,94,5,1,0,data1504,lya,150
2057.85245841271,3777.573782774538,96,1,1,0,data1504,lya,150
2077.885163969076,3793.325751706919,97,2,1,0,data1504,lya,150
2087.919505080929,3810.034531585805,98,1,1,0,data1504,lya,150
2097.9696104083528,3834.415385781884,99,1,1,0,data1504,lya,150
2118.0103073720616,3854.1675049728146,100,2,1,0,data1504,lya,150
2128.0390759190186,3866.2829866945026,101,1,1,0,data1504,lya,150
2138.065359209751,3876.7909133377607,102,1,1,0,data1504,lya,150
2178.1026166401034,3894.250509195293,103,4,1,0,data1504,lya,150
2188.121353803409,3902.64934316019,104,1,1,0,data1504,lya,150
2198.1721952414887,3926.8066369894614,105,1,1,0,data1504,lya,150
2248.21658357174,3947.703837593068,106,5,1,0,data1504,lya,150
2258.894190320683,4285.685294099653,107,1,1,0,data1504,lya,150
2278.914642684643,4292.119621454199,108,2,1,0,data1504,lya,150
2288.9589083669803,4313.888983325026,109,1,1,0,data1504,lya,150
2298.9901416397206,4328.3162840987625,110,1,1,0,data1504,lya,150
2329.034937916496,4349.50536565863,111,3,1,0,data1504,lya,150
2379.0516080348075,4356.533227364658,112,5,1,0,data1504,lya,150
2389.0801168557805,4368.536352249889,113,1,1,0,data1504,lya,150
2399.114463827026,4383.5625707484805,114,1,1,0,data1504,lya,150
2429.147988274658,4398.7974737173045,115,3,1,0,data1504,lya,150
2439.178067376209,4411.547146359908,116,1,1,0,data1504,lya,150
2449.214806753466,4429.6613960216455,117,1,1,0,data1504,lya,150
2459.2384000787983,4439.323293874732,118,1,1,0,data1504,lya,150
2469.273020474073,4453.611396449626,119,1,1,0,data1504,lya,150
2479.3117705988225,4469.212874608185,120,1,1,0,data1504,lya,150
2489.3515162401277,4486.785068778479,121,1,1,0,data1504,lya,150
2499.392331165039,4505.343143168924,122,1,1,0,data1504,lya,150
10.03494231138567,16.404959338675162,0,1,1,0,data1505,baseline,150
41.15314338117847,574.2818306668798,1,3,1,0,data1505,baseline,150
51.18331359667093,588.2412194150935,2,1,1,0,data1505,baseline,150
101.92598224291038,957.9166077205078,3,5,1,0,data1505,baseline,150
121.95455769702949,969.9697839357868,4,2,1,0,data1505,baseline,150
131.9958677294158,989.217794420892,5,1,1,0,data1505,baseline,150
212.82911307771994,1403.7383526310769,6,8,1,0,data1505,baseline,150
222.85523774512507,1415.2738046547736,7,1,1,0,data1505,baseline,150
232.89983319974627,1434.7718040319398,8,1,1,0,data1505,baseline,150
342.9360230131484,1451.308301636323,9,11,1,0,data1505,baseline,150
452.9768827803938,1470.3726122305177,10,11,1,0,data1505,baseline,150
473.0157635408945,1488.5207564401358,11,2,1,0,data1505,baseline,150
563.0442114983778,1499.3757813855254,12,9,1,0,data1505,baseline,150
573.0750563203535,1511.5748761845407,13,1,1,0,data1505,baseline,150
603.1185043580978,1530.311344210157,14,3,1,0,data1505,baseline,150
633.1571108716944,1548.3631955373241,15,3,1,0,data1505,baseline,150
663.1880438762022,1563.2586875675033,16,3,1,0,data1505,baseline,150
833.2251271146756,1578.8453244840473,17,17,1,0,data1505,baseline,150
853.2705197010736,1600.2336489629895,18,2,1,0,data1505,baseline,150
883.2952605316315,1612.2757920188103,19,3,1,0,data1505,baseline,150
923.3350115075941,1630.0112789246605,20,4,1,0,data1505,baseline,150
933.3646211366748,1644.000315662491,21,1,1,0,data1505,baseline,150
943.3960492927367,1657.9119096463548,22,1,1,0,data1505,baseline,150
963.439657986392,1678.4057939062907,23,2,1,0,data1505,baseline,150
993.4810824192368,1697.5328756512308,24,3,1,0,data1505,baseline,150
1023.52276953886,1716.600423831234,25,3,1,0,data1505,baseline,150
1044.3454735559214,2126.4008636983954,26,2,1,0,data1505,baseline,150
1104.380131720355,2141.5058829065592,27,6,1,0,data1505,baseline,150
1164.4183790899838,2159.915647763034,28,6,1,0,data1505,baseline,150
1184.4471103736169,2173.3643139800665,29,2,1,0,data1505,baseline,150
1355.2990854110922,2598.6151921145656,30,17,1,0,data1505,baseline,150
1365.3285257732587,2612.964476842727,31,1,1,0,data1505,baseline,150
1446.2173199100564,3053.9997769060465,32,8,1,0,data1505,baseline,150
1456.2562828115422,3071.975562033231,33,1,1,0,data1505,baseline,150
1496.8720521214616,3379.149560011687,34,4,1,0,data1505,baseline,150
1516.9250638904814,3404.611496390114,35,2,1,0,data1505,baseline,150
1536.9487171109527,3414.5814094826155,36,2,1,0,data1505,baseline,150
1676.9710298023203,3423.510466418677,37,14,1,0,data1505,baseline,150
1707.0157780216139,3444.301020786177,38,3,1,0,data1505,baseline,150
1717.0552623249273,3463.2593342559917,39,1,1,0,data1505,baseline,150
1777.0942186237019,3481.3799333412526,40,6,1,0,data1505,baseline,150
1787.1321420166873,3499.521660887574,41,1,1,0,data1505,baseline,150
1797.1636693757375,3514.4604270233394,42,1,1,0,data1505,baseline,150
2017.2014055186219,3529.839449814308,44,2,1,0,data1505,baseline,150
2088.0131235667986,3933.9068553452003,45,7,1,0,data1505,baseline,150
2108.0535191997155,3953.7824540122892,46,2,1,0,data1505,baseline,150
2138.087479617462,3968.0471671047785,47,3,1,0,data1505,baseline,150
2148.114775117557,3978.9196811208158,48,1,1,0,data1505,baseline,150
2168.144345403141,3992.312751912551,49,2,1,0,data1505,baseline,150
2188.18197733826,4009.377409183929,50,2,1,0,data1505,baseline,150
2278.2090939273853,4021.558786419909,51,9,1,0,data1505,baseline,150
2308.234062989862,4032.447684442077,52,3,1,0,data1505,baseline,150
2318.2713943117406,4048.6661204995366,53,1,1,0,data1505,baseline,150
2328.3058850643565,4064.8909533550805,54,1,1,0,data1505,baseline,150
2358.3321750483424,4077.356237478225,55,3,1,0,data1505,baseline,150
2378.3609122697344,4090.001045950133,56,2,1,0,data1505,baseline,150
2418.396638402672,4106.161295636922,57,4,1,0,data1505,baseline,150
2468.418665032522,4113.920873929435,58,5,1,0,data1505,baseline,150
2478.4374154553107,4121.883555057552,59,1,1,0,data1505,baseline,150
2498.4635784181323,4133.29133395129,60,2,1,0,data1505,baseline,150
20.03494231138567,16.404959338675162,0,2,1,0,data1505,lya,150
31.153143381178467,574.2818306668798,1,1,1,0,data1505,lya,150
41.18331359667093,588.2412194150935,2,1,1,0,data1505,lya,150
101.21520692041864,600.2943956303725,4,1,1,0,data1505,lya,150
121.25651695280496,619.5424061154777,5,2,1,0,data1505,lya,150
142.08976230110912,1034.0629643256625,6,2,1,0,data1505,lya,150
152.11588696851425,1045.5984163493592,7,1,1,0,data1505,lya,150
162.16048242313545,1065.0964157265255,8,1,1,0,data1505,lya,150
202.1966722365375,1081.6329133309087,9,4,1,0,data1505,lya,150
262.23828414309526,1099.7810575405267,11,1,1,0,data1505,lya,150
282.2667321005785,1110.6360824859164,12,2,1,0,data1505,lya,150
292.2975769225542,1122.8351772849317,13,1,1,0,data1505,lya,150
302.3410249602985,1141.5716453105479,14,1,1,0,data1505,lya,150
312.3796314738951,1159.623496637715,15,1,1,0,data1505,lya,150
322.41056447840293,1174.5189886678943,16,1,1,0,data1505,lya,150
392.4618670294412,1195.9073131468365,18,2,1,0,data1505,lya,150
402.48660785999914,1207.9494562026573,19,1,1,0,data1505,lya,150
462.5204974912309,1221.9384929404878,21,1,1,0,data1505,lya,150
482.5519256472928,1235.8500869243517,22,2,1,0,data1505,lya,150
492.595534340948,1256.3439711842875,23,1,1,0,data1505,lya,150
502.63695877379274,1275.4710529292277,24,1,1,0,data1505,lya,150
522.6786458934159,1294.5386011092307,25,2,1,0,data1505,lya,150
582.7164071951768,1309.6436203173946,27,1,1,0,data1505,lya,150
632.7546545648055,1328.0533851738694,28,5,1,0,data1505,lya,150
652.7833858484385,1341.5020513909021,29,2,1,0,data1505,lya,150
712.8142994918112,1355.8513361190637,31,1,1,0,data1505,lya,150
782.8599859299683,1373.8271212462482,33,2,1,0,data1505,lya,150
813.4757552398877,1681.0011192247039,34,3,1,0,data1505,lya,150
833.5287670089075,1706.4630556031311,35,2,1,0,data1505,lya,150
863.5524202293788,1716.4329686956326,36,3,1,0,data1505,lya,150
883.5747329207466,1725.362025631694,37,2,1,0,data1505,lya,150
913.6194811400402,1746.1525799991944,38,3,1,0,data1505,lya,150
933.6589654433534,1765.110893469009,39,2,1,0,data1505,lya,150
993.6996039369429,1783.2526210153303,41,1,1,0,data1505,lya,150
1003.7311312959932,1798.1913871510958,42,1,1,0,data1505,lya,150
1063.7688674388776,1813.5704099420643,44,1,1,0,data1505,lya,150
1123.8128463089092,1833.446008609153,46,1,1,0,data1505,lya,150
1133.8468067266558,1847.7107217016423,47,1,1,0,data1505,lya,150
1143.8741022267511,1858.5832357176798,48,1,1,0,data1505,lya,150
1153.9036725123344,1871.9763065094148,49,1,1,0,data1505,lya,150
1203.9413044474531,1889.040963780793,50,5,1,0,data1505,lya,150
1213.9684210365788,1901.222341016773,51,1,1,0,data1505,lya,150
1223.993390099056,1912.111239038941,52,1,1,0,data1505,lya,150
1254.030721420934,1928.3296750964005,53,3,1,0,data1505,lya,150
1264.0652121735498,1944.554507951944,54,1,1,0,data1505,lya,150
1274.0915021575354,1957.0197920750884,55,1,1,0,data1505,lya,150
1294.1202393789276,1969.6646005469968,56,2,1,0,data1505,lya,150
1324.1559655118651,1985.824850233785,57,3,1,0,data1505,lya,150
1334.1779921417149,1993.5844285262983,58,1,1,0,data1505,lya,150
1354.1967425645037,2001.5471096544156,59,2,1,0,data1505,lya,150
1364.2229055273253,2012.9548885481533,60,1,1,0,data1505,lya,150
1414.2533295795295,2026.887652789594,61,5,1,0,data1505,lya,150
1434.2880057708553,2043.4421906175842,62,2,1,0,data1505,lya,150
1454.3356087652148,2065.818971702332,63,2,1,0,data1505,lya,150
1484.375703083696,2085.107269818342,64,3,1,0,data1505,lya,150
1504.4068680347623,2099.307577168525,65,2,1,0,data1505,lya,150
1524.4420802392954,2114.2124961290115,66,2,1,0,data1505,lya,150
1544.464517795613,2124.199849305822,67,2,1,0,data1505,lya,150
1575.2776566434738,2528.7245652729557,68,3,1,0,data1505,lya,150
1585.3068498700816,2542.281272078355,69,1,1,0,data1505,lya,150
1595.3430768706726,2558.8948648800456,70,1,1,0,data1505,lya,150
1606.1756062234263,2974.2620953306578,71,1,1,0,data1505,lya,150
1676.1814779177794,2974.2620953306578,73,2,0,1,data1505,lya,150
1686.211063285109,2988.7182945883733,74,1,1,0,data1505,lya,150
1696.2484325873436,3005.726853198868,75,1,1,0,data1505,lya,150
1716.2498622836977,3005.726853198868,76,2,0,1,data1505,lya,150
1736.2808305758476,3018.7207508394386,77,2,1,0,data1505,lya,150
1756.284858891665,3018.7207508394386,78,2,0,1,data1505,lya,150
1776.3229328034295,3033.7837128433475,79,2,1,0,data1505,lya,150
1786.3546734568945,3049.2720933360915,80,1,1,0,data1505,lya,150
1797.4107972562408,3577.041111137756,81,1,1,0,data1505,lya,150
1817.4443394982688,3592.1636620090508,82,2,1,0,data1505,lya,150
1827.4828711763155,3609.6536534652782,83,1,1,0,data1505,lya,150
1847.486733899358,3609.6536534652782,84,2,0,1,data1505,lya,150
1857.5308496877178,3629.4500075957044,85,1,1,0,data1505,lya,150
1867.58672035154,3655.2159198832624,86,1,1,0,data1505,lya,150
1877.6153129566414,3666.379182068822,87,1,1,0,data1505,lya,150
1897.6576801189428,3685.7407852524257,88,2,1,0,data1505,lya,150
1907.6935504860924,3701.6574952811175,89,1,1,0,data1505,lya,150
1917.748073197943,3727.6065099472057,90,1,1,0,data1505,lya,150
1927.771338969185,3738.56501852043,91,1,1,0,data1505,lya,150
1937.795402414229,3749.3664093095263,92,1,1,0,data1505,lya,150
1947.82511218344,3761.3694460823062,93,1,1,0,data1505,lya,150
1997.8382747521196,3766.3694460823062,94,5,1,0,data1505,lya,150
2057.867199022842,3777.573782774538,96,1,1,0,data1505,lya,150
2077.901785295167,3793.325751706919,97,2,1,0,data1505,lya,150
2087.939489520633,3810.034531585805,98,1,1,0,data1505,lya,150
2097.993753459715,3834.415385781884,99,1,1,0,data1505,lya,150
2118.0336548434234,3854.1675049728146,100,2,1,0,data1505,lya,150
2128.0626308566075,3866.2829866945026,101,1,1,0,data1505,lya,150
2138.087658697454,3876.7909133377607,102,1,1,0,data1505,lya,150
2178.1237874063563,3894.250509195293,103,4,1,0,data1505,lya,150
2188.142314137946,3902.64934316019,104,1,1,0,data1505,lya,150
2198.193685617435,3926.8066369894614,105,1,1,0,data1505,lya,150
2248.238508159791,3947.703837593068,106,5,1,0,data1505,lya,150
2258.917503356416,4285.685294099653,107,1,1,0,data1505,lya,150
2278.933074423818,4292.119621454199,108,2,1,0,data1505,lya,150
2288.9819330214364,4313.888983325026,109,1,1,0,data1505,lya,150
2299.015161350974,4328.3162840987625,110,1,1,0,data1505,lya,150
2329.059158777809,4349.50536565863,111,3,1,0,data1505,lya,150
2379.0735196796977,4356.533227364658,112,5,1,0,data1505,lya,150
2389.1030424854193,4368.536352249889,113,1,1,0,data1505,lya,150
2399.135049972565,4383.5625707484805,114,1,1,0,data1505,lya,150
2429.171424721391,4398.7974737173045,115,3,1,0,data1505,lya,150
2439.199007903153,4411.547146359908,116,1,1,0,data1505,lya,150
2449.2382661453375,4429.6613960216455,117,1,1,0,data1505,lya,150
2459.257791903577,4439.323293874732,118,1,1,0,data1505,lya,150
2469.289610963372,4453.611396449626,119,1,1,0,data1505,lya,150
2479.3216691611347,4469.212874608185,120,1,1,0,data1505,lya,150
2489.3584972587673,4486.785068778479,121,1,1,0,data1505,lya,150
2499.398756977158,4505.343143168924,122,1,1,0,data1505,lya,150
10.038505262492476,16.404959338675162,0,1,1,0,data1506,baseline,150
41.15581726139948,574.2818306668798,1,3,1,0,data1506,baseline,150
51.18821013062747,588.2412194150935,2,1,1,0,data1506,baseline,150
101.93659625631734,957.9166077205078,3,5,1,0,data1506,baseline,150
121.9644845408844,969.9697839357868,4,2,1,0,data1506,baseline,150
132.00477209801738,989.217794420892,5,1,1,0,data1506,baseline,150
212.83568207076317,1403.7383526310769,6,8,1,0,data1506,baseline,150
222.8628512720844,1415.2738046547736,7,1,1,0,data1506,baseline,150
232.9085863848458,1434.7718040319398,8,1,1,0,data1506,baseline,150
342.94365925789145,1451.308301636323,9,11,1,0,data1506,baseline,150
452.98299526762645,1470.3726122305177,10,11,1,0,data1506,baseline,150
473.0233956647178,1488.5207564401358,11,2,1,0,data1506,baseline,150
563.0517046215508,1499.3757813855254,12,9,1,0,data1506,baseline,150
573.0789078167358,1511.5748761845407,13,1,1,0,data1506,baseline,150
603.119290713117,1530.311344210157,14,3,1,0,data1506,baseline,150
633.1574891945455,1548.3631955373241,15,3,1,0,data1506,baseline,150
663.1898552310907,1563.2586875675033,16,3,1,0,data1506,baseline,150
833.2270900046774,1578.8453244840473,17,17,1,0,data1506,baseline,150
853.2701285289683,1600.2336489629895,18,2,1,0,data1506,baseline,150
883.2977688086277,1612.2757920188103,19,3,1,0,data1506,baseline,150
923.3363478605152,1630.0112789246605,20,4,1,0,data1506,baseline,150
933.3689494564914,1644.000315662491,21,1,1,0,data1506,baseline,150
943.4013197734351,1657.9119096463548,22,1,1,0,data1506,baseline,150
963.4436821520852,1678.4057939062907,23,2,1,0,data1506,baseline,150
993.4867040346128,1697.5328756512308,24,3,1,0,data1506,baseline,150
1023.5291662322823,1716.600423831234,25,3,1,0,data1506,baseline,150
1044.3521956411284,2126.4008636983954,26,2,1,0,data1506,baseline,150
1104.3837699153162,2141.5058829065592,27,6,1,0,data1506,baseline,150
1164.424171197849,2159.915647763034,28,6,1,0,data1506,baseline,150
1184.454744864575,2173.3643139800665,29,2,1,0,data1506,baseline,150
1355.3064632397,2598.6151921145656,30,17,1,0,data1506,baseline,150
1365.338822874686,2612.964476842727,31,1,1,0,data1506,baseline,150
1446.223899520508,3053.9997769060465,32,8,1,0,data1506,baseline,150
1456.2627769951462,3071.975562033231,33,1,1,0,data1506,baseline,150
1496.879366056712,3379.149560011687,34,4,1,0,data1506,baseline,150
1516.93269720397,3404.611496390114,35,2,1,0,data1506,baseline,150
1536.9534307193794,3414.5814094826155,36,2,1,0,data1506,baseline,150
1676.9730697228754,3423.510466418677,37,14,1,0,data1506,baseline,150
1707.0164063698242,3444.301020786177,38,3,1,0,data1506,baseline,150
1717.0573812778273,3463.2593342559917,39,1,1,0,data1506,baseline,150
1777.0981442117056,3481.3799333412526,40,6,1,0,data1506,baseline,150
1787.1362386852866,3499.521660887574,41,1,1,0,data1506,baseline,150
1797.170258124076,3514.4604270233394,42,1,1,0,data1506,baseline,150
2017.2056266252407,3529.839449814308,44,2,1,0,data1506,baseline,150
2088.0180399932824,3933.9068553452003,45,7,1,0,data1506,baseline,150
2108.058943605582,3953.7824540122892,46,2,1,0,data1506,baseline,150
2138.0889758661306,3968.0471671047785,47,3,1,0,data1506,baseline,150
2148.1110686202796,3978.9196811208158,48,1,1,0,data1506,baseline,150
2168.142252903472,3992.312751912551,49,2,1,0,data1506,baseline,150
2188.1787518327315,4009.377409183929,50,2,1,0,data1506,baseline,150
2278.2072893554678,4021.558786419909,51,9,1,0,data1506,baseline,150
2308.2295863458157,4032.447684442077,52,3,1,0,data1506,baseline,150
2318.2626534497017,4048.6661204995366,53,1,1,0,data1506,baseline,150
2328.296283595037,4064.8909533550805,54,1,1,0,data1506,baseline,150
2358.3261780067382,4077.356237478225,55,3,1,0,data1506,baseline,150
2378.353539530102,4090.001045950133,56,2,1,0,data1506,baseline,150
2418.3892255159526,4106.161295636922,57,4,1,0,data1506,baseline,150
2468.4092613303774,4113.920873929435,58,5,1,0,data1506,baseline,150
2478.431202002939,4121.883555057552,59,1,1,0,data1506,baseline,150
2498.45803538205,4133.29133395129,60,2,1,0,data1506,baseline,150
20.038505262492478,16.404959338675162,0,2,1,0,data1506,lya,150
31.155817261399477,574.2818306668798,1,1,1,0,data1506,lya,150
41.188210130627475,588.2412194150935,2,1,1,0,data1506,lya,150
101.22513376427355,600.2943956303725,4,1,1,0,data1506,lya,150
121.26542132140654,619.5424061154777,5,2,1,0,data1506,lya,150
142.0963312941523,1034.0629643256625,6,2,1,0,data1506,lya,150
152.12350049547354,1045.5984163493592,7,1,1,0,data1506,lya,150
162.1692356082349,1065.0964157265255,8,1,1,0,data1506,lya,150
202.20430848128055,1081.6329133309087,9,4,1,0,data1506,lya,150
262.2459162669185,1099.7810575405267,11,1,1,0,data1506,lya,150
282.27422522375156,1110.6360824859164,12,2,1,0,data1506,lya,150
292.30142841893644,1122.8351772849317,13,1,1,0,data1506,lya,150
302.3418113153177,1141.5716453105479,14,1,1,0,data1506,lya,150
312.38000979674615,1159.623496637715,15,1,1,0,data1506,lya,150
322.41237583329143,1174.5189886678943,16,1,1,0,data1506,lya,150
392.4614758573358,1195.9073131468365,18,2,1,0,data1506,lya,150
402.48911613699534,1207.9494562026573,19,1,1,0,data1506,lya,150
462.5248258110472,1221.9384929404878,21,1,1,0,data1506,lya,150
482.557196127991,1235.8500869243517,22,2,1,0,data1506,lya,150
492.5995585066411,1256.3439711842875,23,1,1,0,data1506,lya,150
502.64258038916864,1275.4710529292277,24,1,1,0,data1506,lya,150
522.685042586838,1294.5386011092307,25,2,1,0,data1506,lya,150
582.7200453901378,1309.6436203173946,27,1,1,0,data1506,lya,150
632.7604466726706,1328.0533851738694,28,5,1,0,data1506,lya,150
652.7910203393964,1341.5020513909021,29,2,1,0,data1506,lya,150
712.824596593238,1355.8513361190637,31,1,1,0,data1506,lya,150
782.8664801135714,1373.8271212462482,33,2,1,0,data1506,lya,150
813.483069175137,1681.0011192247039,34,3,1,0,data1506,lya,150
833.5364003223951,1706.4630556031311,35,2,1,0,data1506,lya,150
863.5571338378046,1716.4329686956326,36,3,1,0,data1506,lya,150
883.5767728413006,1725.362025631694,37,2,1,0,data1506,lya,150
913.6201094882493,1746.1525799991944,38,3,1,0,data1506,lya,150
933.6610843962522,1765.110893469009,39,2,1,0,data1506,lya,150
993.7037006055411,1783.2526210153303,41,1,1,0,data1506,lya,150
1003.7377200443308,1798.1913871510958,42,1,1,0,data1506,lya,150
1063.7730885454955,1813.5704099420643,44,1,1,0,data1506,lya,150
1123.8182707147753,1833.446008609153,46,1,1,0,data1506,lya,150
1133.848302975324,1847.7107217016423,47,1,1,0,data1506,lya,150
1143.870395729473,1858.5832357176798,48,1,1,0,data1506,lya,150
1153.9015800126656,1871.9763065094148,49,1,1,0,data1506,lya,150
1203.938078941925,1889.040963780793,50,5,1,0,data1506,lya,150
1213.9666164646612,1901.222341016773,51,1,1,0,data1506,lya,150
1223.9889134550092,1912.111239038941,52,1,1,0,data1506,lya,150
1254.021980558895,1928.3296750964005,53,3,1,0,data1506,lya,150
1264.0556107042298,1944.554507951944,54,1,1,0,data1506,lya,150
1274.085505115931,1957.0197920750884,55,1,1,0,data1506,lya,150
1294.1128666392947,1969.6646005469968,56,2,1,0,data1506,lya,150
1324.148552625145,1985.824850233785,57,3,1,0,data1506,lya,150
1334.16858843957,1993.5844285262983,58,1,1,0,data1506,lya,150
1354.190529112131,2001.5471096544156,59,2,1,0,data1506,lya,150
1364.2173624912425,2012.9548885481533,60,1,1,0,data1506,lya,150
1414.2505583901107,2026.887652789594,61,5,1,0,data1506,lya,150
1434.284571435249,2043.4421906175842,62,2,1,0,data1506,lya,150
1454.3318047827652,2065.818971702332,63,2,1,0,data1506,lya,150
1484.3721400498057,2085.107269818342,64,3,1,0,data1506,lya,150
1504.403019915706,2099.307577168525,65,2,1,0,data1506,lya,150
1524.4332999045441,2114.2124961290115,66,2,1,0,data1506,lya,150
1544.4557977378888,2124.199849305822,67,2,1,0,data1506,lya,150
1575.265931310613,2528.7245652729557,68,3,1,0,data1506,lya,150
1585.2968836224684,2542.281272078355,69,1,1,0,data1506,lya,150
1595.33236831228,2558.8948648800456,70,1,1,0,data1506,lya,150
1606.171891056617,2974.2620953306578,71,1,1,0,data1506,lya,150
1676.1804245858862,2974.2620953306578,73,2,0,1,data1506,lya,150
1686.2184118890914,2988.7182945883733,74,1,1,0,data1506,lya,150
1696.2552897903563,3005.726853198868,75,1,1,0,data1506,lya,150
1716.257002874129,3005.726853198868,76,2,0,1,data1506,lya,150
1736.2862196470194,3018.7207508394386,77,2,1,0,data1506,lya,150
1756.2892360199016,3018.7207508394386,78,2,0,1,data1506,lya,150
1776.3213127770969,3033.7837128433475,79,2,1,0,data1506,lya,150
1786.3549140858615,3049.2720933360915,80,1,1,0,data1506,lya,150
1797.4144043147528,3577.041111137756,81,1,1,0,data1506,lya,150
1817.446673962581,3592.1636620090508,82,2,1,0,data1506,lya,150
1827.4826724832224,3609.6536534652782,83,1,1,0,data1506,lya,150
1847.4869314613838,3609.6536534652782,84,2,0,1,data1506,lya,150
1857.531061233991,3629.4500075957044,85,1,1,0,data1506,lya,150
1867.5847548815727,3655.2159198832624,86,1,1,0,data1506,lya,150
1877.610244286268,3666.379182068822,87,1,1,0,data1506,lya,150
1897.651671926781,3685.7407852524257,88,2,1,0,data1506,lya,150
1907.6865872058638,3701.6574952811175,89,1,1,0,data1506,lya,150
1917.7405525358063,3727.6065099472057,90,1,1,0,data1506,lya,150
1927.7687574107551,3738.56501852043,91,1,1,0,data1506,lya,150
1937.7911483916641,3749.3664093095263,92,1,1,0,data1506,lya,150
1947.8165489287849,3761.3694460823062,93,1,1,0,data1506,lya,150
1997.8302819438052,3766.3694460823062,94,5,1,0,data1506,lya,150
2057.858183515931,3777.573782774538,96,1,1,0,data1506,lya,150
2077.8923892669054,3793.325751706919,97,2,1,0,data1506,lya,150
2087.927837765749,3810.034531585805,98,1,1,0,data1506,lya,150
2097.9813760413876,3834.415385781884,99,1,1,0,data1506,lya,150
2118.021718783944,3854.1675049728146,100,2,1,0,data1506,lya,150
2128.0505735208517,3866.2829866945026,101,1,1,0,data1506,lya,150
2138.073424658193,3876.7909133377607,102,1,1,0,data1506,lya,150
2178.112905054644,3894.250509195293,103,4,1,0,data1506,lya,150
2188.1352062507435,3902.64934316019,104,1,1,0,data1506,lya,150
2198.1848713437494,3926.8066369894614,105,1,1,0,data1506,lya,150
2248.228988695551,3947.703837593068,106,5,1,0,data1506,lya,150
2258.9067526596045,4285.685294099653,107,1,1,0,data1506,lya,150
2278.9208502423426,4292.119621454199,108,2,1,0,data1506,lya,150
2288.966685162899,4313.888983325026,109,1,1,0,data1506,lya,150
2298.996907444762,4328.3162840987625,110,1,1,0,data1506,lya,150
2329.0415918750664,4349.50536565863,111,3,1,0,data1506,lya,150
2379.060183402463,4356.533227364658,112,5,1,0,data1506,lya,150
2389.085938508549,4368.536352249889,113,1,1,0,data1506,lya,150
2399.1197097768186,4383.5625707484805,114,1,1,0,data1506,lya,150
2429.1560880369298,4398.7974737173045,115,3,1,0,data1506,lya,150
2439.18461081243,4411.547146359908,116,1,1,0,data1506,lya,150
2449.223359934935,4429.6613960216455,117,1,1,0,data1506,lya,150
2459.2458737837064,4439.323293874732,118,1,1,0,data1506,lya,150
2469.278461009475,4453.611396449626,119,1,1,0,data1506,lya,150
2479.315546952016,4469.212874608185,120,1,1,0,data1506,lya,150
2489.352104279492,4486.785068778479,121,1,1,0,data1506,lya,150
2499.3922545186,4505.343143168924,122,1,1,0,data1506,lya,150
10.03585528491805,16.404959338675162,0,1,1,0,data1507,baseline,150
41.15331115523712,574.2818306668798,1,3,1,0,data1507,baseline,150
51.18353942339871,588.2412194150935,2,1,1,0,data1507,baseline,150
101.92453148390028,957.9166077205078,3,5,1,0,data1507,baseline,150
121.95023320368978,969.9697839357868,4,2,1,0,data1507,baseline,150
131.99356263062086,989.217794420892,5,1,1,0,data1507,baseline,150
212.82449795686924,1403.7383526310769,6,8,1,0,data1507,baseline,150
222.84931810884146,1415.2738046547736,7,1,1,0,data1507,baseline,150
232.89635128681567,1434.7718040319398,8,1,1,0,data1507,baseline,150
342.93370381522857,1451.308301636323,9,11,1,0,data1507,baseline,150
452.9727494204476,1470.3726122305177,10,11,1,0,data1507,baseline,150
473.0126181091692,1488.5207564401358,11,2,1,0,data1507,baseline,150
563.0370242078698,1499.3757813855254,12,9,1,0,data1507,baseline,150
573.0666497058089,1511.5748761845407,13,1,1,0,data1507,baseline,150
603.1070158281011,1530.311344210157,14,3,1,0,data1507,baseline,150
633.1460428870993,1548.3631955373241,15,3,1,0,data1507,baseline,150
663.1775521813215,1563.2586875675033,16,3,1,0,data1507,baseline,150
833.2146189778798,1578.8453244840473,17,17,1,0,data1507,baseline,150
853.2615298262284,1600.2336489629895,18,2,1,0,data1507,baseline,150
883.2915357254825,1612.2757920188103,19,3,1,0,data1507,baseline,150
923.3309167656814,1630.0112789246605,20,4,1,0,data1507,baseline,150
933.3617069374288,1644.000315662491,21,1,1,0,data1507,baseline,150
943.3899854068754,1657.9119096463548,22,1,1,0,data1507,baseline,150
963.4326880997231,1678.4057939062907,23,2,1,0,data1507,baseline,150
993.4752858054454,1697.5328756512308,24,3,1,0,data1507,baseline,150
1023.5142207155493,1716.600423831234,25,3,1,0,data1507,baseline,150
1044.335258668991,2126.4008636983954,26,2,1,0,data1507,baseline,150
1104.3692213669653,2141.5058829065592,27,6,1,0,data1507,baseline,150
1164.407120409821,2159.915647763034,28,6,1,0,data1507,baseline,150
1184.4373957615342,2173.3643139800665,29,2,1,0,data1507,baseline,150
1355.2927708609907,2598.6151921145656,30,17,1,0,data1507,baseline,150
1365.3224626588258,2612.964476842727,31,1,1,0,data1507,baseline,150
1446.2052686590237,3053.9997769060465,32,8,1,0,data1507,baseline,150
1456.2436369707584,3071.975562033231,33,1,1,0,data1507,baseline,150
1496.859075870579,3379.149560011687,34,4,1,0,data1507,baseline,150
1516.9162862937433,3404.611496390114,35,2,1,0,data1507,baseline,150
1536.9380281746903,3414.5814094826155,36,2,1,0,data1507,baseline,150
1676.9631315646407,3423.510466418677,37,14,1,0,data1507,baseline,150
1707.010853480978,3444.301020786177,38,3,1,0,data1507,baseline,150
1717.0497868303491,3463.2593342559917,39,1,1,0,data1507,baseline,150
1777.087694876414,3481.3799333412526,40,6,1,0,data1507,baseline,150
1787.1259636980344,3499.521660887574,41,1,1,0,data1507,baseline,150
1797.1605380315477,3514.4604270233394,42,1,1,0,data1507,baseline,150
2017.199485305767,3529.839449814308,44,2,1,0,data1507,baseline,150
2088.0098256093747,3933.9068553452003,45,7,1,0,data1507,baseline,150
2108.0547154917667,3953.7824540122892,46,2,1,0,data1507,baseline,150
2138.0837753489864,3968.0471671047785,47,3,1,0,data1507,baseline,150
2148.110508985138,3978.9196811208158,48,1,1,0,data1507,baseline,150
2168.1402100421255,3992.312751912551,49,2,1,0,data1507,baseline,150
2188.176868650614,4009.377409183929,50,2,1,0,data1507,baseline,150
2278.20310713644,4021.558786419909,51,9,1,0,data1507,baseline,150
2308.228011434297,4032.447684442077,52,3,1,0,data1507,baseline,150
2318.2618153896374,4048.6661204995366,53,1,1,0,data1507,baseline,150
2328.3006879949985,4064.8909533550805,54,1,1,0,data1507,baseline,150
2358.3298013317617,4077.356237478225,55,3,1,0,data1507,baseline,150
2378.3576757327664,4090.001045950133,56,2,1,0,data1507,baseline,150
2418.394548232871,4106.161295636922,57,4,1,0,data1507,baseline,150
2468.4108260248445,4113.920873929435,58,5,1,0,data1507,baseline,150
2478.4285261894406,4121.883555057552,59,1,1,0,data1507,baseline,150
2498.453773268125,4133.29133395129,60,2,1,0,data1507,baseline,150
20.03585528491805,16.404959338675162,0,2,1,0,data1507,lya,150
31.15331115523712,574.2818306668798,1,1,1,0,data1507,lya,150
41.18353942339871,588.2412194150935,2,1,1,0,data1507,lya,150
101.21088242707896,600.2943956303725,4,1,1,0,data1507,lya,150
121.25421185401004,619.5424061154777,5,2,1,0,data1507,lya,150
142.08514718025842,1034.0629643256625,6,2,1,0,data1507,lya,150
152.10996733223064,1045.5984163493592,7,1,1,0,data1507,lya,150
162.15700051020485,1065.0964157265255,8,1,1,0,data1507,lya,150
202.19435303861772,1081.6329133309087,9,4,1,0,data1507,lya,150
262.2351387113699,1099.7810575405267,11,1,1,0,data1507,lya,150
282.2595448100705,1110.6360824859164,12,2,1,0,data1507,lya,150
292.2891703080096,1122.8351772849317,13,1,1,0,data1507,lya,150
302.3295364303018,1141.5716453105479,14,1,1,0,data1507,lya,150
312.36856348929985,1159.623496637715,15,1,1,0,data1507,lya,150
322.4000727835221,1174.5189886678943,16,1,1,0,data1507,lya,150
392.45287715459597,1195.9073131468365,18,2,1,0,data1507,lya,150
402.4828830538502,1207.9494562026573,19,1,1,0,data1507,lya,150
462.5175832919848,1221.9384929404878,21,1,1,0,data1507,lya,150
482.5458617614314,1235.8500869243517,22,2,1,0,data1507,lya,150
492.58856445427904,1256.3439711842875,23,1,1,0,data1507,lya,150
502.63116216000134,1275.4710529292277,24,1,1,0,data1507,lya,150
522.6700970701053,1294.5386011092307,25,2,1,0,data1507,lya,150
582.7054968417872,1309.6436203173946,27,1,1,0,data1507,lya,150
632.7433958846427,1328.0533851738694,28,5,1,0,data1507,lya,150
652.7736712363559,1341.5020513909021,29,2,1,0,data1507,lya,150
712.8082363773784,1355.8513361190637,31,1,1,0,data1507,lya,150
782.8473400891844,1373.8271212462482,33,2,1,0,data1507,lya,150
813.4627789890051,1681.0011192247039,34,3,1,0,data1507,lya,150
833.5199894121693,1706.4630556031311,35,2,1,0,data1507,lya,150
863.5417312931162,1716.4329686956326,36,3,1,0,data1507,lya,150
883.5668346830665,1725.362025631694,37,2,1,0,data1507,lya,150
913.614556599404,1746.1525799991944,38,3,1,0,data1507,lya,150
933.6534899487749,1765.110893469009,39,2,1,0,data1507,lya,150
993.6934256182897,1783.2526210153303,41,1,1,0,data1507,lya,150
1003.727999951803,1798.1913871510958,42,1,1,0,data1507,lya,150
1063.7669472260222,1813.5704099420643,44,1,1,0,data1507,lya,150
1123.8140426009604,1833.446008609153,46,1,1,0,data1507,lya,150
1133.84310245818,1847.7107217016423,47,1,1,0,data1507,lya,150
1143.8698360943317,1858.5832357176798,48,1,1,0,data1507,lya,150
1153.8995371513192,1871.9763065094148,49,1,1,0,data1507,lya,150
1203.9361957598073,1889.040963780793,50,5,1,0,data1507,lya,150
1213.9624342456332,1901.222341016773,51,1,1,0,data1507,lya,150
1223.98733854349,1912.111239038941,52,1,1,0,data1507,lya,150
1254.0211424988304,1928.3296750964005,53,3,1,0,data1507,lya,150
1264.0600151041913,1944.554507951944,54,1,1,0,data1507,lya,150
1274.0891284409543,1957.0197920750884,55,1,1,0,data1507,lya,150
1294.1170028419592,1969.6646005469968,56,2,1,0,data1507,lya,150
1324.1538753420634,1985.824850233785,57,3,1,0,data1507,lya,150
1334.1701531340368,1993.5844285262983,58,1,1,0,data1507,lya,150
1354.1878532986327,2001.5471096544156,59,2,1,0,data1507,lya,150
1364.2131003773172,2012.9548885481533,60,1,1,0,data1507,lya,150
1414.2448403480755,2026.887652789594,61,5,1,0,data1507,lya,150
1434.283151311669,2043.4421906175842,62,2,1,0,data1507,lya,150
1454.3284605315748,2065.818971702332,63,2,1,0,data1507,lya,150
1484.3684644017198,2085.107269818342,64,3,1,0,data1507,lya,150
1504.3982333077204,2099.307577168525,65,2,1,0,data1507,lya,150
1524.4354856196874,2114.2124961290115,66,2,1,0,data1507,lya,150
1544.4581390896556,2124.199849305822,67,2,1,0,data1507,lya,150
1575.2695029969473,2528.7245652729557,68,3,1,0,data1507,lya,150
1585.2994070104435,2542.281272078355,69,1,1,0,data1507,lya,150
1595.334664410953,2558.8948648800456,70,1,1,0,data1507,lya,150
1606.1695164950156,2974.2620953306578,71,1,1,0,data1507,lya,150
1676.1793484359337,2974.2620953306578,73,2,0,1,data1507,lya,150
1686.2138828152051,2988.7182945883733,74,1,1,0,data1507,lya,150
1696.2517996540792,3005.726853198868,75,1,1,0,data1507,lya,150
1716.2558623193231,3005.726853198868,76,2,0,1,data1507,lya,150
1736.2829501943345,3018.7207508394386,77,2,1,0,data1507,lya,150
1756.2846953267033,3018.7207508394386,78,2,0,1,data1507,lya,150
1776.3193517549837,3033.7837128433475,79,2,1,0,data1507,lya,150
1786.3534511515948,3049.2720933360915,80,1,1,0,data1507,lya,150
1797.4113709887856,3577.041111137756,81,1,1,0,data1507,lya,150
1817.443891695362,3592.1636620090508,82,2,1,0,data1507,lya,150
1827.479363984645,3609.6536534652782,83,1,1,0,data1507,lya,150
1847.4828511618305,3609.6536534652782,84,2,0,1,data1507,lya,150
1857.52397530803,3629.4500075957044,85,1,1,0,data1507,lya,150
1867.5764857856245,3655.2159198832624,86,1,1,0,data1507,lya,150
1877.6022327447417,3666.379182068822,87,1,1,0,data1507,lya,150
1897.64334279087,3685.7407852524257,88,2,1,0,data1507,lya,150
1907.6761536004353,3701.6574952811175,89,1,1,0,data1507,lya,150
1917.7304694938437,3727.6065099472057,90,1,1,0,data1507,lya,150
1927.7546665401703,3738.56501852043,91,1,1,0,data1507,lya,150
1937.7797214923096,3749.3664093095263,92,1,1,0,data1507,lya,150
1947.805999732665,3761.3694460823062,93,1,1,0,data1507,lya,150
1997.8169614851306,3766.3694460823062,94,5,1,0,data1507,lya,150
2057.84429685328,3777.573782774538,96,1,1,0,data1507,lya,150
2077.8771649312876,3793.325751706919,97,2,1,0,data1507,lya,150
2087.9126400084187,3810.034531585805,98,1,1,0,data1507,lya,150
2097.967755653678,3834.415385781884,99,1,1,0,data1507,lya,150
2118.012012450958,3854.1675049728146,100,2,1,0,data1507,lya,150
2128.040679721655,3866.2829866945026,101,1,1,0,data1507,lya,150
2138.064913892254,3876.7909133377607,102,1,1,0,data1507,lya,150
2178.1015991491563,3894.250509195293,103,4,1,0,data1507,lya,150
2188.12154555477,3902.64934316019,104,1,1,0,data1507,lya,150
2198.175458714319,3926.8066369894614,105,1,1,0,data1507,lya,150
2248.221124321171,3947.703837593068,106,5,1,0,data1507,lya,150
2258.8981159552204,4285.685294099653,107,1,1,0,data1507,lya,150
2278.915149979143,4292.119621454199,108,2,1,0,data1507,lya,150
2288.9629610164557,4313.888983325026,109,1,1,0,data1507,lya,150
2298.9980611144006,4328.3162840987625,110,1,1,0,data1507,lya,150
2329.041064513686,4349.50536565863,111,3,1,0,data1507,lya,150
2379.058490501946,4356.533227364658,112,5,1,0,data1507,lya,150
2389.0840746779227,4368.536352249889,113,1,1,0,data1507,lya,150
2399.115277460404,4383.5625707484805,114,1,1,0,data1507,lya,150
2429.1469453176396,4398.7974737173045,115,3,1,0,data1507,lya,150
2439.1773618419666,4411.547146359908,116,1,1,0,data1507,lya,150
2449.2179870658492,4429.6613960216455,117,1,1,0,data1507,lya,150
2459.2418368380686,4439.323293874732,118,1,1,0,data1507,lya,150
2469.2714533566386,4453.611396449626,119,1,1,0,data1507,lya,150
2479.304484797829,4469.212874608185,120,1,1,0,data1507,lya,150
2489.341374737952,4486.785068778479,121,1,1,0,data1507,lya,150
2499.380712826156,4505.343143168924,122,1,1,0,data1507,lya,150
10.036111799893035,16.404959338675162,0,1,1,0,data1508,baseline,150
41.15517790056527,574.2818306668798,1,3,1,0,data1508,baseline,150
51.18423676295765,588.2412194150935,2,1,1,0,data1508,baseline,150
101.92707968685204,957.9166077205078,3,5,1,0,data1508,baseline,150
121.95395429732872,969.9697839357868,4,2,1,0,data1508,baseline,150
131.9939397495469,989.217794420892,5,1,1,0,data1508,baseline,150
212.82499523580546,1403.7383526310769,6,8,1,0,data1508,baseline,150
222.85189338592312,1415.2738046547736,7,1,1,0,data1508,baseline,150
232.8919063605523,1434.7718040319398,8,1,1,0,data1508,baseline,150
342.92676661330967,1451.308301636323,9,11,1,0,data1508,baseline,150
452.9702394306266,1470.3726122305177,10,11,1,0,data1508,baseline,150
473.00840413409406,1488.5207564401358,11,2,1,0,data1508,baseline,150
563.0338396319337,1499.3757813855254,12,9,1,0,data1508,baseline,150
573.0613716117991,1511.5748761845407,13,1,1,0,data1508,baseline,150
603.1030891803409,1530.311344210157,14,3,1,0,data1508,baseline,150
633.1402654085567,1548.3631955373241,15,3,1,0,data1508,baseline,150
663.1723377384753,1563.2586875675033,16,3,1,0,data1508,baseline,150
833.2060874960873,1578.8453244840473,17,17,1,0,data1508,baseline,150
853.2515780381243,1600.2336489629895,18,2,1,0,data1508,baseline,150
883.2776030527364,1612.2757920188103,19,3,1,0,data1508,baseline,150
923.3141368077121,1630.0112789246605,20,4,1,0,data1508,baseline,150
933.3428768478684,1644.000315662491,21,1,1,0,data1508,baseline,150
943.3731508275557,1657.9119096463548,22,1,1,0,data1508,baseline,150
963.4179287394387,1678.4057939062907,23,2,1,0,data1508,baseline,150
993.4571906047347,1697.5328756512308,24,3,1,0,data1508,baseline,150
1023.497067003427,1716.600423831234,25,3,1,0,data1508,baseline,150
1044.318676654326,2126.4008636983954,26,2,1,0,data1508,baseline,150
1104.3508748617594,2141.5058829065592,27,6,1,0,data1508,baseline,150
1164.3903562319283,2159.915647763034,28,6,1,0,data1508,baseline,150
1184.4207927260659,2173.3643139800665,29,2,1,0,data1508,baseline,150
1355.2736549775886,2598.6151921145656,30,17,1,0,data1508,baseline,150
1365.3046863189852,2612.964476842727,31,1,1,0,data1508,baseline,150
1446.1895916042658,3053.9997769060465,32,8,1,0,data1508,baseline,150
1456.2277573111494,3071.975562033231,33,1,1,0,data1508,baseline,150
1496.8450915347587,3379.149560011687,34,4,1,0,data1508,baseline,150
1516.902638325393,3404.611496390114,35,2,1,0,data1508,baseline,150
1536.9271648724655,3414.5814094826155,36,2,1,0,data1508,baseline,150
1676.9461170610195,3423.510466418677,37,14,1,0,data1508,baseline,150
1706.9908788542007,3444.301020786177,38,3,1,0,data1508,baseline,150
1717.0319113274816,3463.2593342559917,39,1,1,0,data1508,baseline,150
1777.0711089860497,3481.3799333412526,40,6,1,0,data1508,baseline,150
1787.1077711348246,3499.521660887574,41,1,1,0,data1508,baseline,150
1797.1416305578407,3514.4604270233394,42,1,1,0,data1508,baseline,150
2017.1803476600237,3529.839449814308,44,2,1,0,data1508,baseline,150
2087.9906055447964,3933.9068553452003,45,7,1,0,data1508,baseline,150
2108.0346093238763,3953.7824540122892,46,2,1,0,data1508,baseline,150
2138.0663894197924,3968.0471671047785,47,3,1,0,data1508,baseline,150
2148.0920425340623,3978.9196811208158,48,1,1,0,data1508,baseline,150
2168.1201472464727,3992.312751912551,49,2,1,0,data1508,baseline,150
2188.1564964507975,4009.377409183929,50,2,1,0,data1508,baseline,150
2278.1859996293474,4021.558786419909,51,9,1,0,data1508,baseline,150
2308.2086787441867,4032.447684442077,52,3,1,0,data1508,baseline,150
2318.242346219991,4048.6661204995366,53,1,1,0,data1508,baseline,150
2328.2758189759193,4064.8909533550805,54,1,1,0,data1508,baseline,150
2358.301388131906,4077.356237478225,55,3,1,0,data1508,baseline,150
2378.3287218889313,4090.001045950133,56,2,1,0,data1508,baseline,150
2418.3616338719057,4106.161295636922,57,4,1,0,data1508,baseline,150
2468.3803582797027,4113.920873929435,58,5,1,0,data1508,baseline,150
2478.398565798157,4121.883555057552,59,1,1,0,data1508,baseline,150
2498.426856019694,4133.29133395129,60,2,1,0,data1508,baseline,150
20.036111799893035,16.404959338675162,0,2,1,0,data1508,lya,150
31.15517790056527,574.2818306668798,1,1,1,0,data1508,lya,150
41.18423676295766,588.2412194150935,2,1,1,0,data1508,lya,150
101.2146035207179,600.2943956303725,4,1,1,0,data1508,lya,150
121.2545889729361,619.5424061154777,5,2,1,0,data1508,lya,150
142.08564445919467,1034.0629643256625,6,2,1,0,data1508,lya,150
152.11254260931233,1045.5984163493592,7,1,1,0,data1508,lya,150
162.1525555839415,1065.0964157265255,8,1,1,0,data1508,lya,150
202.18741583669885,1081.6329133309087,9,4,1,0,data1508,lya,150
262.2309247362948,1099.7810575405267,11,1,1,0,data1508,lya,150
282.2563602341345,1110.6360824859164,12,2,1,0,data1508,lya,150
292.28389221399993,1122.8351772849317,13,1,1,0,data1508,lya,150
302.32560978254173,1141.5716453105479,14,1,1,0,data1508,lya,150
312.36278601075753,1159.623496637715,15,1,1,0,data1508,lya,150
322.39485834067614,1174.5189886678943,16,1,1,0,data1508,lya,150
392.442925366492,1195.9073131468365,18,2,1,0,data1508,lya,150
402.4689503811041,1207.9494562026573,19,1,1,0,data1508,lya,150
462.49875320242444,1221.9384929404878,21,1,1,0,data1508,lya,150
482.5290271821117,1235.8500869243517,22,2,1,0,data1508,lya,150
492.5738050939946,1256.3439711842875,23,1,1,0,data1508,lya,150
502.61306695929056,1275.4710529292277,24,1,1,0,data1508,lya,150
522.6529433579828,1294.5386011092307,25,2,1,0,data1508,lya,150
582.687150336581,1309.6436203173946,27,1,1,0,data1508,lya,150
632.7266317067498,1328.0533851738694,28,5,1,0,data1508,lya,150
652.7570682008871,1341.5020513909021,29,2,1,0,data1508,lya,150
712.7904600375374,1355.8513361190637,31,1,1,0,data1508,lya,150
782.831460429575,1373.8271212462482,33,2,1,0,data1508,lya,150
813.4487946531844,1681.0011192247039,34,3,1,0,data1508,lya,150
833.5063414438187,1706.4630556031311,35,2,1,0,data1508,lya,150
863.5308679908912,1716.4329686956326,36,3,1,0,data1508,lya,150
883.5498201794454,1725.362025631694,37,2,1,0,data1508,lya,150
913.5945819726264,1746.1525799991944,38,3,1,0,data1508,lya,150
933.6356144459073,1765.110893469009,39,2,1,0,data1508,lya,150
993.6752330550798,1783.2526210153303,41,1,1,0,data1508,lya,150
1003.709092478096,1798.1913871510958,42,1,1,0,data1508,lya,150
1063.747809580279,1813.5704099420643,44,1,1,0,data1508,lya,150
1123.79393643307,1833.446008609153,46,1,1,0,data1508,lya,150
1133.825716528986,1847.7107217016423,47,1,1,0,data1508,lya,150
1143.8513696432558,1858.5832357176798,48,1,1,0,data1508,lya,150
1153.879474355666,1871.9763065094148,49,1,1,0,data1508,lya,150
1203.9158235599903,1889.040963780793,50,5,1,0,data1508,lya,150
1213.94532673854,1901.222341016773,51,1,1,0,data1508,lya,150
1223.968005853379,1912.111239038941,52,1,1,0,data1508,lya,150
1254.0016733291832,1928.3296750964005,53,3,1,0,data1508,lya,150
1264.0351460851114,1944.554507951944,54,1,1,0,data1508,lya,150
1274.0607152410983,1957.0197920750884,55,1,1,0,data1508,lya,150
1294.0880489981234,1969.6646005469968,56,2,1,0,data1508,lya,150
1324.1209609810978,1985.824850233785,57,3,1,0,data1508,lya,150
1334.1396853888948,1993.5844285262983,58,1,1,0,data1508,lya,150
1354.1578929073492,2001.5471096544156,59,2,1,0,data1508,lya,150
1364.1861831288861,2012.9548885481533,60,1,1,0,data1508,lya,150
1414.218182754805,2026.887652789594,61,5,1,0,data1508,lya,150
1434.2526225184654,2043.4421906175842,62,2,1,0,data1508,lya,150
1454.2996507277944,2065.818971702332,63,2,1,0,data1508,lya,150
1484.3403160255568,2085.107269818342,64,3,1,0,data1508,lya,150
1504.3714027866497,2099.307577168525,65,2,1,0,data1508,lya,150
1524.4045151694202,2114.2124961290115,66,2,1,0,data1508,lya,150
1544.42879903769,2124.199849305822,67,2,1,0,data1508,lya,150
1575.2414811951369,2528.7245652729557,68,3,1,0,data1508,lya,150
1585.2718195114849,2542.281272078355,69,1,1,0,data1508,lya,150
1595.3060828213534,2558.8948648800456,70,1,1,0,data1508,lya,150
1606.1393660204726,2974.2620953306578,71,1,1,0,data1508,lya,150
1676.1480426207256,2974.2620953306578,73,2,0,1,data1508,lya,150
1686.1794294621425,2988.7182945883733,74,1,1,0,data1508,lya,150
1696.2154106412388,3005.726853198868,75,1,1,0,data1508,lya,150
1716.2173531476333,3005.726853198868,76,2,0,1,data1508,lya,150
1736.246547536442,3018.7207508394386,77,2,1,0,data1508,lya,150
1756.2518530388334,3018.7207508394386,78,2,0,1,data1508,lya,150
1776.2855697990658,3033.7837128433475,79,2,1,0,data1508,lya,150
1786.3201401128092,3049.2720933360915,80,1,1,0,data1508,lya,150
1797.3805275755822,3577.041111137756,81,1,1,0,data1508,lya,150
1817.412075866883,3592.1636620090508,82,2,1,0,data1508,lya,150
1827.451228935823,3609.6536534652782,83,1,1,0,data1508,lya,150
1847.4575589213139,3609.6536534652782,84,2,0,1,data1508,lya,150
1857.4979611916785,3629.4500075957044,85,1,1,0,data1508,lya,150
1867.552970198717,3655.2159198832624,86,1,1,0,data1508,lya,150
1877.578635992518,3666.379182068822,87,1,1,0,data1508,lya,150
1897.6213622459402,3685.7407852524257,88,2,1,0,data1508,lya,150
1907.6569938750138,3701.6574952811175,89,1,1,0,data1508,lya,150
1917.7105205192674,3727.6065099472057,90,1,1,0,data1508,lya,150
1927.7355400768906,3738.56501852043,91,1,1,0,data1508,lya,150
1937.758854028421,3749.3664093095263,92,1,1,0,data1508,lya,150
1947.784217297658,3761.3694460823062,93,1,1,0,data1508,lya,150
1997.7954624563567,3766.3694460823062,94,5,1,0,data1508,lya,150
2057.8280879479844,3777.573782774538,96,1,1,0,data1508,lya,150
2077.8716958045025,3793.325751706919,97,2,1,0,data1508,lya,150
2087.907505681318,3810.034531585805,98,1,1,0,data1508,lya,150
2097.9591213769036,3834.415385781884,99,1,1,0,data1508,lya,150
2118.002473092678,3854.1675049728146,100,2,1,0,data1508,lya,150
2128.030266771674,3866.2829866945026,101,1,1,0,data1508,lya,150
2138.0548157355083,3876.7909133377607,102,1,1,0,data1508,lya,150
2178.0921080609755,3894.250509195293,103,4,1,0,data1508,lya,150
2188.109996780474,3902.64934316019,104,1,1,0,data1508,lya,150
2198.158966593834,3926.8066369894614,105,1,1,0,data1508,lya,150
2248.2016663065074,3947.703837593068,106,5,1,0,data1508,lya,150
2258.8783563304373,4285.685294099653,107,1,1,0,data1508,lya,150
2278.893991693765,4292.119621454199,108,2,1,0,data1508,lya,150
2288.942640285928,4313.888983325026,109,1,1,0,data1508,lya,150
2298.9735205198367,4328.3162840987625,110,1,1,0,data1508,lya,150
2329.021378659848,4349.50536565863,111,3,1,0,data1508,lya,150
2379.0366902070714,4356.533227364658,112,5,1,0,data1508,lya,150
2389.06294296419,4368.536352249889,113,1,1,0,data1508,lya,150
2399.096314688697,4383.5625707484805,114,1,1,0,data1508,lya,150
2429.1297152961924,4398.7974737173045,115,3,1,0,data1508,lya,150
2439.162078184144,4411.547146359908,116,1,1,0,data1508,lya,150
2449.1989800164106,4429.6613960216455,117,1,1,0,data1508,lya,150
2459.219166185384,4439.323293874732,118,1,1,0,data1508,lya,150
2469.255234981245,4453.611396449626,119,1,1,0,data1508,lya,150
2479.295815111504,4469.212874608185,120,1,1,0,data1508,lya,150
2489.3357133678555,4486.785068778479,121,1,1,0,data1508,lya,150
2499.377147433065,4505.343143168924,122,1,1,0,data1508,lya,150
10.034714020683547,16.404959338675162,0,1,1,0,data1509,baseline,150
41.152978578160386,574.2818306668798,1,3,1,0,data1509,baseline,150
51.18788621438267,588.2412194150935,2,1,1,0,data1509,baseline,150
101.93193388147047,957.9166077205078,3,5,1,0,data1509,baseline,150
121.95874586527742,969.9697839357868,4,2,1,0,data1509,baseline,150
132.00305429877707,989.217794420892,5,1,1,0,data1509,baseline,150
212.8347519543149,1403.7383526310769,6,8,1,0,data1509,baseline,150
222.86181933371438,1415.2738046547736,7,1,1,0,data1509,baseline,150
232.90304535531388,1434.7718040319398,8,1,1,0,data1509,baseline,150
342.940617843081,1451.308301636323,9,11,1,0,data1509,baseline,150
452.9836157422202,1470.3726122305177,10,11,1,0,data1509,baseline,150
473.0211737364421,1488.5207564401358,11,2,1,0,data1509,baseline,150
563.0455805674104,1499.3757813855254,12,9,1,0,data1509,baseline,150
573.0733226116255,1511.5748761845407,13,1,1,0,data1509,baseline,150
603.1130198993244,1530.311344210157,14,3,1,0,data1509,baseline,150
633.1524597744627,1548.3631955373241,15,3,1,0,data1509,baseline,150
663.1864562619079,1563.2586875675033,16,3,1,0,data1509,baseline,150
833.2198964361987,1578.8453244840473,17,17,1,0,data1509,baseline,150
853.2661929905051,1600.2336489629895,18,2,1,0,data1509,baseline,150
883.2908597576314,1612.2757920188103,19,3,1,0,data1509,baseline,150
923.3276081501294,1630.0112789246605,20,4,1,0,data1509,baseline,150
933.3562414094584,1644.000315662491,21,1,1,0,data1509,baseline,150
943.3847178501511,1657.9119096463548,22,1,1,0,data1509,baseline,150
963.4268248763045,1678.4057939062907,23,2,1,0,data1509,baseline,150
993.4661599743091,1697.5328756512308,24,3,1,0,data1509,baseline,150
1023.5112622690342,1716.600423831234,25,3,1,0,data1509,baseline,150
1044.3332796753925,2126.4008636983954,26,2,1,0,data1509,baseline,150
1104.3638068243456,2141.5058829065592,27,6,1,0,data1509,baseline,150
1164.402945504328,2159.915647763034,28,6,1,0,data1509,baseline,150
1184.4338788644257,2173.3643139800665,29,2,1,0,data1509,baseline,150
1355.2853211696647,2598.6151921145656,30,17,1,0,data1509,baseline,150
1365.316776852598,2612.964476842727,31,1,1,0,data1509,baseline,150
1446.2034693653486,3053.9997769060465,32,8,1,0,data1509,baseline,150
1456.2412565345142,3071.975562033231,33,1,1,0,data1509,baseline,150
1496.8595743439737,3379.149560011687,34,4,1,0,data1509,baseline,150
1516.912969979434,3404.611496390114,35,2,1,0,data1509,baseline,150
1536.9339620110231,3414.5814094826155,36,2,1,0,data1509,baseline,150
1676.9544355434582,3423.510466418677,37,14,1,0,data1509,baseline,150
1706.998847058476,3444.301020786177,38,3,1,0,data1509,baseline,150
1717.03999992789,3463.2593342559917,39,1,1,0,data1509,baseline,150
1777.0776435631483,3481.3799333412526,40,6,1,0,data1509,baseline,150
1787.1176627203454,3499.521660887574,41,1,1,0,data1509,baseline,150
1797.1504984090836,3514.4604270233394,42,1,1,0,data1509,baseline,150
2017.1871139679133,3529.839449814308,44,2,1,0,data1509,baseline,150
2088.0029927327887,3933.9068553452003,45,7,1,0,data1509,baseline,150
2108.043634275456,3953.7824540122892,46,2,1,0,data1509,baseline,150
2138.0742102427575,3968.0471671047785,47,3,1,0,data1509,baseline,150
2148.1020395773344,3978.9196811208158,48,1,1,0,data1509,baseline,150
2168.129403794659,3992.312751912551,49,2,1,0,data1509,baseline,150
2188.1665721723557,4009.377409183929,50,2,1,0,data1509,baseline,150
2278.2014866965,4021.558786419909,51,9,1,0,data1509,baseline,150
2308.2268843948264,4032.447684442077,52,3,1,0,data1509,baseline,150
2318.26094298875,4048.6661204995366,53,1,1,0,data1509,baseline,150
2328.2960475093937,4064.8909533550805,54,1,1,0,data1509,baseline,150
2358.3226186185952,4077.356237478225,55,3,1,0,data1509,baseline,150
2378.350738221354,4090.001045950133,56,2,1,0,data1509,baseline,150
2418.386322518349,4106.161295636922,57,4,1,0,data1509,baseline,150
2468.4040825499515,4113.920873929435,58,5,1,0,data1509,baseline,150
2478.4242845149956,4121.883555057552,59,1,1,0,data1509,baseline,150
2498.4502470541956,4133.29133395129,60,2,1,0,data1509,baseline,150
20.034714020683545,16.404959338675162,0,2,1,0,data1509,lya,150
31.152978578160386,574.2818306668798,1,1,1,0,data1509,lya,150
41.18788621438267,588.2412194150935,2,1,1,0,data1509,lya,150
101.2193950886666,600.2943956303725,4,1,1,0,data1509,lya,150
121.26370352216627,619.5424061154777,5,2,1,0,data1509,lya,150
142.09540117770408,1034.0629643256625,6,2,1,0,data1509,lya,150
152.12246855710356,1045.5984163493592,7,1,1,0,data1509,lya,150
162.16369457870306,1065.0964157265255,8,1,1,0,data1509,lya,150
202.20126706647014,1081.6329133309087,9,4,1,0,data1509,lya,150
262.24369433864285,1099.7810575405267,11,1,1,0,data1509,lya,150
282.26810116961116,1110.6360824859164,12,2,1,0,data1509,lya,150
292.2958432138263,1122.8351772849317,13,1,1,0,data1509,lya,150
302.3355405015252,1141.5716453105479,14,1,1,0,data1509,lya,150
312.3749803766634,1159.623496637715,15,1,1,0,data1509,lya,150
322.40897686410864,1174.5189886678943,16,1,1,0,data1509,lya,150
392.45754031887276,1195.9073131468365,18,2,1,0,data1509,lya,150
402.4822070859991,1207.9494562026573,19,1,1,0,data1509,lya,150
462.5121177640144,1221.9384929404878,21,1,1,0,data1509,lya,150
482.54059420470696,1235.8500869243517,22,2,1,0,data1509,lya,150
492.58270123086027,1256.3439711842875,23,1,1,0,data1509,lya,150
502.6220363288648,1275.4710529292277,24,1,1,0,data1509,lya,150
522.66713862359,1294.5386011092307,25,2,1,0,data1509,lya,150
582.700082299167,1309.6436203173946,27,1,1,0,data1509,lya,150
632.7392209791494,1328.0533851738694,28,5,1,0,data1509,lya,150
652.7701543392469,1341.5020513909021,29,2,1,0,data1509,lya,150
712.8025505711502,1355.8513361190637,31,1,1,0,data1509,lya,150
782.8449596529398,1373.8271212462482,33,2,1,0,data1509,lya,150
813.4632774623992,1681.0011192247039,34,3,1,0,data1509,lya,150
833.5166730978596,1706.4630556031311,35,2,1,0,data1509,lya,150
863.5376651294487,1716.4329686956326,36,3,1,0,data1509,lya,150
883.5581386618838,1725.362025631694,37,2,1,0,data1509,lya,150
913.6025501769016,1746.1525799991944,38,3,1,0,data1509,lya,150
933.6437030463154,1765.110893469009,39,2,1,0,data1509,lya,150
993.6851246406001,1783.2526210153303,41,1,1,0,data1509,lya,150
1003.7179603293384,1798.1913871510958,42,1,1,0,data1509,lya,150
1063.7545758881681,1813.5704099420643,44,1,1,0,data1509,lya,150
1123.802961384649,1833.446008609153,46,1,1,0,data1509,lya,150
1133.8335373519508,1847.7107217016423,47,1,1,0,data1509,lya,150
1143.8613666865274,1858.5832357176798,48,1,1,0,data1509,lya,150
1153.8887309038519,1871.9763065094148,49,1,1,0,data1509,lya,150
1203.9258992815483,1889.040963780793,50,5,1,0,data1509,lya,150
1213.9608138056926,1901.222341016773,51,1,1,0,data1509,lya,150
1223.9862115040191,1912.111239038941,52,1,1,0,data1509,lya,150
1254.0202700979428,1928.3296750964005,53,3,1,0,data1509,lya,150
1264.0553746185863,1944.554507951944,54,1,1,0,data1509,lya,150
1274.0819457277873,1957.0197920750884,55,1,1,0,data1509,lya,150
1294.1100653305461,1969.6646005469968,56,2,1,0,data1509,lya,150
1324.145649627541,1985.824850233785,57,3,1,0,data1509,lya,150
1334.163409659143,1993.5844285262983,58,1,1,0,data1509,lya,150
1354.183611624187,2001.5471096544156,59,2,1,0,data1509,lya,150
1364.2095741633868,2012.9548885481533,60,1,1,0,data1509,lya,150
1414.2392448752628,2026.887652789594,61,5,1,0,data1509,lya,150
1434.2753749284432,2043.4421906175842,62,2,1,0,data1509,lya,150
1454.3214096370143,2065.818971702332,63,2,1,0,data1509,lya,150
1484.3628718313491,2085.107269818342,64,3,1,0,data1509,lya,150
1504.394487042765,2099.307577168525,65,2,1,0,data1509,lya,150
1524.4334996403195,2114.2124961290115,66,2,1,0,data1509,lya,150
1544.4549229045258,2124.199849305822,67,2,1,0,data1509,lya,150
1575.2669556133014,2528.7245652729557,68,3,1,0,data1509,lya,150
1585.2976936986054,2542.281272078355,69,1,1,0,data1509,lya,150
1595.331810340495,2558.8948648800456,70,1,1,0,data1509,lya,150
1606.1706183260976,2974.2620953306578,71,1,1,0,data1509,lya,150
1676.1760862911801,2974.2620953306578,73,2,0,1,data1509,lya,150
1686.206247292099,2988.7182945883733,74,1,1,0,data1509,lya,150
1696.2421636678453,3005.726853198868,75,1,1,0,data1509,lya,150
1716.2426166137416,3005.726853198868,76,2,0,1,data1509,lya,150
1736.2714891811997,3018.7207508394386,77,2,1,0,data1509,lya,150
1756.273116134392,3018.7207508394386,78,2,0,1,data1509,lya,150
1776.3057946286888,3033.7837128433475,79,2,1,0,data1509,lya,150
1786.3390226387016,3049.2720933360915,80,1,1,0,data1509,lya,150
1797.395765722276,3577.041111137756,81,1,1,0,data1509,lya,150
1817.4276677312016,3592.1636620090508,82,2,1,0,data1509,lya,150
1827.4649616955644,3609.6536534652782,83,1,1,0,data1509,lya,150
1847.4680695657435,3609.6536534652782,84,2,0,1,data1509,lya,150
1857.5088215418907,3629.4500075957044,85,1,1,0,data1509,lya,150
1867.5618281914062,3655.2159198832624,86,1,1,0,data1509,lya,150
1877.5888122708745,3666.379182068822,87,1,1,0,data1509,lya,150
1897.628340704694,3685.7407852524257,88,2,1,0,data1509,lya,150
1907.6654515899124,3701.6574952811175,89,1,1,0,data1509,lya,150
1917.7208126662922,3727.6065099472057,90,1,1,0,data1509,lya,150
1927.7512108578019,3738.56501852043,91,1,1,0,data1509,lya,150
1937.775700941167,3749.3664093095263,92,1,1,0,data1509,lya,150
1947.8016358744826,3761.3694460823062,93,1,1,0,data1509,lya,150
1997.813858300032,3766.3694460823062,94,5,1,0,data1509,lya,150
2057.8394111556663,3777.573782774538,96,1,1,0,data1509,lya,150
2077.873910220073,3793.325751706919,97,2,1,0,data1509,lya,150
2087.909890677161,3810.034531585805,98,1,1,0,data1509,lya,150
2097.96134427563,3834.415385781884,99,1,1,0,data1509,lya,150
2118.0016282640136,3854.1675049728146,100,2,1,0,data1509,lya,150
2128.0311373624318,3866.2829866945026,101,1,1,0,data1509,lya,150
2138.0577758270033,3876.7909133377607,102,1,1,0,data1509,lya,150
2178.0932867897236,3894.250509195293,103,4,1,0,data1509,lya,150
2188.112973301454,3902.64934316019,104,1,1,0,data1509,lya,150
2198.1624103870504,3926.8066369894614,105,1,1,0,data1509,lya,150
2248.205311402034,3947.703837593068,106,5,1,0,data1509,lya,150
2258.885206269372,4285.685294099653,107,1,1,0,data1509,lya,150
2278.900412223506,4292.119621454199,108,2,1,0,data1509,lya,150
2288.948600014123,4313.888983325026,109,1,1,0,data1509,lya,150
2298.9791225598256,4328.3162840987625,110,1,1,0,data1509,lya,150
2329.0229140552083,4349.50536565863,111,3,1,0,data1509,lya,150
2379.0414865286302,4356.533227364658,112,5,1,0,data1509,lya,150
2389.068180387138,4368.536352249889,113,1,1,0,data1509,lya,150
2399.1026861583764,4383.5625707484805,114,1,1,0,data1509,lya,150
2429.135690123331,4398.7974737173045,115,3,1,0,data1509,lya,150
2439.1649038243863,4411.547146359908,116,1,1,0,data1509,lya,150
2449.2040143485883,4429.6613960216455,117,1,1,0,data1509,lya,150
2459.232495684715,4439.323293874732,118,1,1,0,data1509,lya,150
2469.267529204815,4453.611396449626,119,1,1,0,data1509,lya,150
2479.3023813906143,4469.212874608185,120,1,1,0,data1509,lya,150
2489.3437471531215,4486.785068778479,121,1,1,0,data1509,lya,150
2499.3862758452406,4505.343143168924,122,1,1,0,data1509,lya,150
10.035386782045865,16.404959338675162,0,1,1,0,data1510,baseline,150
41.15146618601407,574.2818306668798,1,3,1,0,data1510,baseline,150
51.181890011000064,588.2412194150935,2,1,1,0,data1510,baseline,150
101.9237390567287,957.9166077205078,3,5,1,0,data1510,baseline,150
121.95082380626928,969.9697839357868,4,2,1,0,data1510,baseline,150
131.99210333504305,989.217794420892,5,1,1,0,data1510,baseline,150
212.8247023923574,1403.7383526310769,6,8,1,0,data1510,baseline,150
222.8488762249655,1415.2738046547736,7,1,1,0,data1510,baseline,150
232.88806856134357,1434.7718040319398,8,1,1,0,data1510,baseline,150
342.92329413942184,1451.308301636323,9,11,1,0,data1510,baseline,150
452.96323532437464,1470.3726122305177,10,11,1,0,data1510,baseline,150
473.00584514869877,1488.5207564401358,11,2,1,0,data1510,baseline,150
563.0312969980557,1499.3757813855254,12,9,1,0,data1510,baseline,150
573.0580326541332,1511.5748761845407,13,1,1,0,data1510,baseline,150
603.0974533115307,1530.311344210157,14,3,1,0,data1510,baseline,150
633.138247131427,1548.3631955373241,15,3,1,0,data1510,baseline,150
663.1714415755756,1563.2586875675033,16,3,1,0,data1510,baseline,150
833.2057290641192,1578.8453244840473,17,17,1,0,data1510,baseline,150
853.2510042835363,1600.2336489629895,18,2,1,0,data1510,baseline,150
883.2778676225554,1612.2757920188103,19,3,1,0,data1510,baseline,150
923.3174892603874,1630.0112789246605,20,4,1,0,data1510,baseline,150
933.3490849661665,1644.000315662491,21,1,1,0,data1510,baseline,150
943.3806824116987,1657.9119096463548,22,1,1,0,data1510,baseline,150
963.4222944795958,1678.4057939062907,23,2,1,0,data1510,baseline,150
993.4642673162244,1697.5328756512308,24,3,1,0,data1510,baseline,150
1023.5034888319107,1716.600423831234,25,3,1,0,data1510,baseline,150
1044.3240996972945,2126.4008636983954,26,2,1,0,data1510,baseline,150
1104.3599226110543,2141.5058829065592,27,6,1,0,data1510,baseline,150
1164.4008585161687,2159.915647763034,28,6,1,0,data1510,baseline,150
1184.4294172374196,2173.3643139800665,29,2,1,0,data1510,baseline,150
1355.2848080497513,2598.6151921145656,30,17,1,0,data1510,baseline,150
1365.3170671560524,2612.964476842727,31,1,1,0,data1510,baseline,150
1446.2008909010574,3053.9997769060465,32,8,1,0,data1510,baseline,150
1456.2402963918703,3071.975562033231,33,1,1,0,data1510,baseline,150
1496.8564651835247,3379.149560011687,34,4,1,0,data1510,baseline,150
1516.9109455485818,3404.611496390114,35,2,1,0,data1510,baseline,150
1536.9335255752185,3414.5814094826155,36,2,1,0,data1510,baseline,150
1676.9540651258067,3423.510466418677,37,14,1,0,data1510,baseline,150
1707.0000462987305,3444.301020786177,38,3,1,0,data1510,baseline,150
1717.0384362318846,3463.2593342559917,39,1,1,0,data1510,baseline,150
1777.079095966023,3481.3799333412526,40,6,1,0,data1510,baseline,150
1787.1189669719797,3499.521660887574,41,1,1,0,data1510,baseline,150
1797.1526872950521,3514.4604270233394,42,1,1,0,data1510,baseline,150
2017.1864325809006,3529.839449814308,44,2,1,0,data1510,baseline,150
2088.000562016602,3933.9068553452003,45,7,1,0,data1510,baseline,150
2108.0437024628095,3953.7824540122892,46,2,1,0,data1510,baseline,150
2138.0746151916005,3968.0471671047785,47,3,1,0,data1510,baseline,150
2148.0979040417938,3978.9196811208158,48,1,1,0,data1510,baseline,150
2168.1292173826346,3992.312751912551,49,2,1,0,data1510,baseline,150
2188.165223040513,4009.377409183929,50,2,1,0,data1510,baseline,150
2278.193620516713,4021.558786419909,51,9,1,0,data1510,baseline,150
2308.2168340325384,4032.447684442077,52,3,1,0,data1510,baseline,150
2318.251119781086,4048.6661204995366,53,1,1,0,data1510,baseline,150
2328.285847230591,4064.8909533550805,54,1,1,0,data1510,baseline,150
2358.312500687288,4077.356237478225,55,3,1,0,data1510,baseline,150
2378.3416171882072,4090.001045950133,56,2,1,0,data1510,baseline,150
2418.376393076553,4106.161295636922,57,4,1,0,data1510,baseline,150
2468.3936430480367,4113.920873929435,58,5,1,0,data1510,baseline,150
2478.4121667142845,4121.883555057552,59,1,1,0,data1510,baseline,150
2498.437962618067,4133.29133395129,60,2,1,0,data1510,baseline,150
20.035386782045865,16.404959338675162,0,2,1,0,data1510,lya,150
31.15146618601407,574.2818306668798,1,1,1,0,data1510,lya,150
41.181890011000064,588.2412194150935,2,1,1,0,data1510,lya,150
101.21147302965846,600.2943956303725,4,1,1,0,data1510,lya,150
121.25275255843225,619.5424061154777,5,2,1,0,data1510,lya,150
142.0853516157466,1034.0629643256625,6,2,1,0,data1510,lya,150
152.10952544835467,1045.5984163493592,7,1,1,0,data1510,lya,150
162.14871778473275,1065.0964157265255,8,1,1,0,data1510,lya,150
202.183943362811,1081.6329133309087,9,4,1,0,data1510,lya,150
262.2283657508995,1099.7810575405267,11,1,1,0,data1510,lya,150
282.25381760025647,1110.6360824859164,12,2,1,0,data1510,lya,150
292.280553256334,1122.8351772849317,13,1,1,0,data1510,lya,150
302.3199739137314,1141.5716453105479,14,1,1,0,data1510,lya,150
312.3607677336276,1159.623496637715,15,1,1,0,data1510,lya,150
322.39396217777625,1174.5189886678943,16,1,1,0,data1510,lya,150
392.44235161190386,1195.9073131468365,18,2,1,0,data1510,lya,150
402.46921495092295,1207.9494562026573,19,1,1,0,data1510,lya,150
462.5049613207223,1221.9384929404878,21,1,1,0,data1510,lya,150
482.5365587662545,1235.8500869243517,22,2,1,0,data1510,lya,150
492.57817083415165,1256.3439711842875,23,1,1,0,data1510,lya,150
502.6201436707802,1275.4710529292277,24,1,1,0,data1510,lya,150
522.6593651864664,1294.5386011092307,25,2,1,0,data1510,lya,150
582.696198085876,1309.6436203173946,27,1,1,0,data1510,lya,150
632.7371339909903,1328.0533851738694,28,5,1,0,data1510,lya,150
652.7656927122409,1341.5020513909021,29,2,1,0,data1510,lya,150
712.8028408746047,1355.8513361190637,31,1,1,0,data1510,lya,150
782.8439995102963,1373.8271212462482,33,2,1,0,data1510,lya,150
813.4601683019508,1681.0011192247039,34,3,1,0,data1510,lya,150
833.514648667008,1706.4630556031311,35,2,1,0,data1510,lya,150
863.5372286936447,1716.4329686956326,36,3,1,0,data1510,lya,150
883.5577682442329,1725.362025631694,37,2,1,0,data1510,lya,150
913.6037494171567,1746.1525799991944,38,3,1,0,data1510,lya,150
933.6421393503106,1765.110893469009,39,2,1,0,data1510,lya,150
993.6864288922353,1783.2526210153303,41,1,1,0,data1510,lya,150
1003.7201492153077,1798.1913871510958,42,1,1,0,data1510,lya,150
1063.753894501156,1813.5704099420643,44,1,1,0,data1510,lya,150
1123.8030295720034,1833.446008609153,46,1,1,0,data1510,lya,150
1133.8339423007947,1847.7107217016423,47,1,1,0,data1510,lya,150
1143.8572311509877,1858.5832357176798,48,1,1,0,data1510,lya,150
1153.888544491828,1871.9763065094148,49,1,1,0,data1510,lya,150
1203.9245501497062,1889.040963780793,50,5,1,0,data1510,lya,150
1213.952947625906,1901.222341016773,51,1,1,0,data1510,lya,150
1223.9761611417314,1912.111239038941,52,1,1,0,data1510,lya,150
1254.0104468902787,1928.3296750964005,53,3,1,0,data1510,lya,150
1264.045174339784,1944.554507951944,54,1,1,0,data1510,lya,150
1274.0718277964804,1957.0197920750884,55,1,1,0,data1510,lya,150
1294.1009442973998,1969.6646005469968,56,2,1,0,data1510,lya,150
1324.1357201857456,1985.824850233785,57,3,1,0,data1510,lya,150
1334.152970157229,1993.5844285262983,58,1,1,0,data1510,lya,150
1354.1714938234768,2001.5471096544156,59,2,1,0,data1510,lya,150
1364.1972897272592,2012.9548885481533,60,1,1,0,data1510,lya,150
1414.2278956205653,2026.887652789594,61,5,1,0,data1510,lya,150
1434.2623034202202,2043.4421906175842,62,2,1,0,data1510,lya,150
1454.3090629018322,2065.818971702332,63,2,1,0,data1510,lya,150
1484.3521411977463,2085.107269818342,64,3,1,0,data1510,lya,150
1504.3828135669232,2099.307577168525,65,2,1,0,data1510,lya,150
1524.416631606681,2114.2124961290115,66,2,1,0,data1510,lya,150
1544.4438883941934,2124.199849305822,67,2,1,0,data1510,lya,150
1575.2553248716665,2528.7245652729557,68,3,1,0,data1510,lya,150
1585.282954343358,2542.281272078355,69,1,1,0,data1510,lya,150
1595.319219273431,2558.8948648800456,70,1,1,0,data1510,lya,150
1606.1568642690797,2974.2620953306578,71,1,1,0,data1510,lya,150
1676.1614659154675,2974.2620953306578,73,2,0,1,data1510,lya,150
1686.1944189715114,2988.7182945883733,74,1,1,0,data1510,lya,150
1696.2291207128355,3005.726853198868,75,1,1,0,data1510,lya,150
1716.2325226036487,3005.726853198868,76,2,0,1,data1510,lya,150
1736.2618911900745,3018.7207508394386,77,2,1,0,data1510,lya,150
1756.2651949130066,3018.7207508394386,78,2,0,1,data1510,lya,150
1776.2976054363496,3033.7837128433475,79,2,1,0,data1510,lya,150
1786.3364579885342,3049.2720933360915,80,1,1,0,data1510,lya,150
1797.3980087767288,3577.041111137756,81,1,1,0,data1510,lya,150
1817.4295844752642,3592.1636620090508,82,2,1,0,data1510,lya,150
1827.4663481666205,3609.6536534652782,83,1,1,0,data1510,lya,150
1847.4708215943276,3609.6536534652782,84,2,0,1,data1510,lya,150
1857.511837366735,3629.4500075957044,85,1,1,0,data1510,lya,150
1867.565935533593,3655.2159198832624,86,1,1,0,data1510,lya,150
1877.5892820927304,3666.379182068822,87,1,1,0,data1510,lya,150
1897.630673432959,3685.7407852524257,88,2,1,0,data1510,lya,150
1907.6660472693327,3701.6574952811175,89,1,1,0,data1510,lya,150
1917.7218779932025,3727.6065099472057,90,1,1,0,data1510,lya,150
1927.7469068494552,3738.56501852043,91,1,1,0,data1510,lya,150
1937.771463141594,3749.3664093095263,92,1,1,0,data1510,lya,150
1947.7979554746921,3761.3694460823062,93,1,1,0,data1510,lya,150
1997.8086050189188,3766.3694460823062,94,5,1,0,data1510,lya,150
2057.840006331199,3777.573782774538,96,1,1,0,data1510,lya,150
2077.875268802206,3793.325751706919,97,2,1,0,data1510,lya,150
2087.913946829331,3810.034531585805,98,1,1,0,data1510,lya,150
2097.964781549736,3834.415385781884,99,1,1,0,data1510,lya,150
2118.00891086711,3854.1675049728146,100,2,1,0,data1510,lya,150
2128.038675110108,3866.2829866945026,101,1,1,0,data1510,lya,150
2138.0612770712423,3876.7909133377607,102,1,1,0,data1510,lya,150
2178.101181095566,3894.250509195293,103,4,1,0,data1510,lya,150
2188.1200657819227,3902.64934316019,104,1,1,0,data1510,lya,150
2198.1723753130877,3926.8066369894614,105,1,1,0,data1510,lya,150
2248.216312071525,3947.703837593068,106,5,1,0,data1510,lya,150
2258.8953296969607,4285.685294099653,107,1,1,0,data1510,lya,150
2278.9146646226236,4292.119621454199,108,2,1,0,data1510,lya,150
2288.9595596702543,4313.888983325026,109,1,1,0,data1510,lya,150
2298.991014987636,4328.3162840987625,110,1,1,0,data1510,lya,150
2329.035497475315,4349.50536565863,111,3,1,0,data1510,lya,150
2379.0543903496887,4356.533227364658,112,5,1,0,data1510,lya,150
2389.0815786754897,4368.536352249889,113,1,1,0,data1510,lya,150
2399.121218072598,4383.5625707484805,114,1,1,0,data1510,lya,150
2429.158550746792,4398.7974737173045,115,3,1,0,data1510,lya,150
2439.190818159455,4411.547146359908,116,1,1,0,data1510,lya,150
2449.2300577914166,4429.6613960216455,117,1,1,0,data1510,lya,150
2459.2529123060413,4439.323293874732,118,1,1,0,data1510,lya,150
2469.282145376265,4453.611396449626,119,1,1,0,data1510,lya,150
2479.316493854199,4469.212874608185,120,1,1,0,data1510,lya,150
2489.3557181516576,4486.785068778479,121,1,1,0,data1510,lya,150
2499.3956803631245,4505.343143168924,122,1,1,0,data1510,lya,150
10.033940776282224,16.404959338675162,0,1,1,0,data1511,baseline,150
41.15457481668621,574.2818306668798,1,3,1,0,data1511,baseline,150
51.18404034084902,588.2412194150935,2,1,1,0,data1511,baseline,150
101.92779278832585,957.9166077205078,3,5,1,0,data1511,baseline,150
121.95533708617845,969.9697839357868,4,2,1,0,data1511,baseline,150
131.99493048213014,989.217794420892,5,1,1,0,data1511,baseline,150
212.8250261636374,1403.7383526310769,6,8,1,0,data1511,baseline,150
222.85248548333425,1415.2738046547736,7,1,1,0,data1511,baseline,150
232.8935503410839,1434.7718040319398,8,1,1,0,data1511,baseline,150
342.92937161958645,1451.308301636323,9,11,1,0,data1511,baseline,150
452.9717270596712,1470.3726122305177,10,11,1,0,data1511,baseline,150
473.01104243852507,1488.5207564401358,11,2,1,0,data1511,baseline,150
563.038415268184,1499.3757813855254,12,9,1,0,data1511,baseline,150
573.0666855468527,1511.5748761845407,13,1,1,0,data1511,baseline,150
603.10650292454,1530.311344210157,14,3,1,0,data1511,baseline,150
633.1446179775548,1548.3631955373241,15,3,1,0,data1511,baseline,150
663.1782765189096,1563.2586875675033,16,3,1,0,data1511,baseline,150
833.2127931152418,1578.8453244840473,17,17,1,0,data1511,baseline,150
853.2558025354178,1600.2336489629895,18,2,1,0,data1511,baseline,150
883.2827403547783,1612.2757920188103,19,3,1,0,data1511,baseline,150
923.3208420549963,1630.0112789246605,20,4,1,0,data1511,baseline,150
933.3520013721171,1644.000315662491,21,1,1,0,data1511,baseline,150
943.3818419710898,1657.9119096463548,22,1,1,0,data1511,baseline,150
963.4237431598033,1678.4057939062907,23,2,1,0,data1511,baseline,150
993.4747814856025,1697.5328756512308,24,3,1,0,data1511,baseline,150
1023.5133024277866,1716.600423831234,25,3,1,0,data1511,baseline,150
1044.3373276183286,2126.4008636983954,26,2,1,0,data1511,baseline,150
1104.3701174876423,2141.5058829065592,27,6,1,0,data1511,baseline,150
1164.4090705019757,2159.915647763034,28,6,1,0,data1511,baseline,150
1184.4466051840745,2173.3643139800665,29,2,1,0,data1511,baseline,150
1355.2990177451877,2598.6151921145656,30,17,1,0,data1511,baseline,150
1365.3297299288001,2612.964476842727,31,1,1,0,data1511,baseline,150
1446.2143382814857,3053.9997769060465,32,8,1,0,data1511,baseline,150
1456.254491365744,3071.975562033231,33,1,1,0,data1511,baseline,150
1496.8721405901085,3379.149560011687,34,4,1,0,data1511,baseline,150
1516.926156467297,3404.611496390114,35,2,1,0,data1511,baseline,150
1536.949661322989,3414.5814094826155,36,2,1,0,data1511,baseline,150
1676.9721531600055,3423.510466418677,37,14,1,0,data1511,baseline,150
1707.0190824664373,3444.301020786177,38,3,1,0,data1511,baseline,150
1717.059803870919,3463.2593342559917,39,1,1,0,data1511,baseline,150
1777.0980067964106,3481.3799333412526,40,6,1,0,data1511,baseline,150
1787.1351148545607,3499.521660887574,41,1,1,0,data1511,baseline,150
1797.1676252501527,3514.4604270233394,42,1,1,0,data1511,baseline,150
2017.20303545155,3529.839449814308,44,2,1,0,data1511,baseline,150
2088.0124945401594,3933.9068553452003,45,7,1,0,data1511,baseline,150
2108.0535554424528,3953.7824540122892,46,2,1,0,data1511,baseline,150
2138.083615560625,3968.0471671047785,47,3,1,0,data1511,baseline,150
2148.108031576924,3978.9196811208158,48,1,1,0,data1511,baseline,150
2168.1378032985726,3992.312751912551,49,2,1,0,data1511,baseline,150
2188.172765367949,4009.377409183929,50,2,1,0,data1511,baseline,150
2278.2036944717615,4021.558786419909,51,9,1,0,data1511,baseline,150
2308.2274528340404,4032.447684442077,52,3,1,0,data1511,baseline,150
2318.2620410975424,4048.6661204995366,53,1,1,0,data1511,baseline,150
2328.2971598830122,4064.8909533550805,54,1,1,0,data1511,baseline,150
2358.327796980574,4077.356237478225,55,3,1,0,data1511,baseline,150
2378.356180722194,4090.001045950133,56,2,1,0,data1511,baseline,150
2418.3899318530175,4106.161295636922,57,4,1,0,data1511,baseline,150
2468.406176190994,4113.920873929435,58,5,1,0,data1511,baseline,150
2478.4230131819095,4121.883555057552,59,1,1,0,data1511,baseline,150
2498.4476321322027,4133.29133395129,60,2,1,0,data1511,baseline,150
20.033940776282222,16.404959338675162,0,2,1,0,data1511,lya,150
31.154574816686207,574.2818306668798,1,1,1,0,data1511,lya,150
41.18404034084902,588.2412194150935,2,1,1,0,data1511,lya,150
101.21598630956763,600.2943956303725,4,1,1,0,data1511,lya,150
121.25557970551932,619.5424061154777,5,2,1,0,data1511,lya,150
142.08567538702658,1034.0629643256625,6,2,1,0,data1511,lya,150
152.11313470672343,1045.5984163493592,7,1,1,0,data1511,lya,150
162.1541995644731,1065.0964157265255,8,1,1,0,data1511,lya,150
202.19002084297557,1081.6329133309087,9,4,1,0,data1511,lya,150
262.23356304072576,1099.7810575405267,11,1,1,0,data1511,lya,150
282.2609358703847,1110.6360824859164,12,2,1,0,data1511,lya,150
292.28920614905326,1122.8351772849317,13,1,1,0,data1511,lya,150
302.32902352674057,1141.5716453105479,14,1,1,0,data1511,lya,150
312.36713857975536,1159.623496637715,15,1,1,0,data1511,lya,150
322.40079712111003,1174.5189886678943,16,1,1,0,data1511,lya,150
392.4471498637851,1195.9073131468365,18,2,1,0,data1511,lya,150
402.4740876831456,1207.9494562026573,19,1,1,0,data1511,lya,150
462.5078777266728,1221.9384929404878,21,1,1,0,data1511,lya,150
482.53771832564536,1235.8500869243517,22,2,1,0,data1511,lya,150
492.5796195143588,1256.3439711842875,23,1,1,0,data1511,lya,150
502.63065784015805,1275.4710529292277,24,1,1,0,data1511,lya,150
522.6691787823421,1294.5386011092307,25,2,1,0,data1511,lya,150
582.7063929624635,1309.6436203173946,27,1,1,0,data1511,lya,150
632.7453459767967,1328.0533851738694,28,5,1,0,data1511,lya,150
652.7828806588955,1341.5020513909021,29,2,1,0,data1511,lya,150
712.8155036473522,1355.8513361190637,31,1,1,0,data1511,lya,150
782.8581944841693,1373.8271212462482,33,2,1,0,data1511,lya,150
813.475843708534,1681.0011192247039,34,3,1,0,data1511,lya,150
833.5298595857223,1706.4630556031311,35,2,1,0,data1511,lya,150
863.5533644414143,1716.4329686956326,36,3,1,0,data1511,lya,150
883.5758562784308,1725.362025631694,37,2,1,0,data1511,lya,150
913.6227855848628,1746.1525799991944,38,3,1,0,data1511,lya,150
933.6635069893443,1765.110893469009,39,2,1,0,data1511,lya,150
993.7025767748156,1783.2526210153303,41,1,1,0,data1511,lya,150
1003.7350871704077,1798.1913871510958,42,1,1,0,data1511,lya,150
1063.770497371805,1813.5704099420643,44,1,1,0,data1511,lya,150
1123.8128825516458,1833.446008609153,46,1,1,0,data1511,lya,150
1133.842942669818,1847.7107217016423,47,1,1,0,data1511,lya,150
1143.8673586861175,1858.5832357176798,48,1,1,0,data1511,lya,150
1153.8971304077656,1871.9763065094148,49,1,1,0,data1511,lya,150
1203.9320924771419,1889.040963780793,50,5,1,0,data1511,lya,150
1213.9630215809543,1901.222341016773,51,1,1,0,data1511,lya,150
1223.9867799432332,1912.111239038941,52,1,1,0,data1511,lya,150
1254.0213682067351,1928.3296750964005,53,3,1,0,data1511,lya,150
1264.0564869922046,1944.554507951944,54,1,1,0,data1511,lya,150
1274.087124089766,1957.0197920750884,55,1,1,0,data1511,lya,150
1294.1155078313861,1969.6646005469968,56,2,1,0,data1511,lya,150
1324.1492589622094,1985.824850233785,57,3,1,0,data1511,lya,150
1334.1655033001855,1993.5844285262983,58,1,1,0,data1511,lya,150
1354.1823402911011,2001.5471096544156,59,2,1,0,data1511,lya,150
1364.2069592413943,2012.9548885481533,60,1,1,0,data1511,lya,150
1414.2369588002623,2026.887652789594,61,5,1,0,data1511,lya,150
1434.2723129357955,2043.4421906175842,62,2,1,0,data1511,lya,150
1454.3188526110557,2065.818971702332,63,2,1,0,data1511,lya,150
1484.3605715935296,2085.107269818342,64,3,1,0,data1511,lya,150
1504.3911747978354,2099.307577168525,65,2,1,0,data1511,lya,150
1524.4218055698493,2114.2124961290115,66,2,1,0,data1511,lya,150
1544.4459277852059,2124.199849305822,67,2,1,0,data1511,lya,150
1575.2582314112435,2528.7245652729557,68,3,1,0,data1511,lya,150
1585.2876532415244,2542.281272078355,69,1,1,0,data1511,lya,150
1595.3232338878106,2558.8948648800456,70,1,1,0,data1511,lya,150
1606.1586252552936,2974.2620953306578,71,1,1,0,data1511,lya,150
1676.1662291976804,2974.2620953306578,73,2,0,1,data1511,lya,150
1686.1981975645897,2988.7182945883733,74,1,1,0,data1511,lya,150
1696.2350295544638,3005.726853198868,75,1,1,0,data1511,lya,150
1716.2386212364838,3005.726853198868,76,2,0,1,data1511,lya,150
1736.2666415663066,3018.7207508394386,77,2,1,0,data1511,lya,150
1756.2692709899175,3018.7207508394386,78,2,0,1,data1511,lya,150
1776.3035827427693,3033.7837128433475,79,2,1,0,data1511,lya,150
1786.3369049115659,3049.2720933360915,80,1,1,0,data1511,lya,150
1797.3949514285764,3577.041111137756,81,1,1,0,data1511,lya,150
1817.4285552971287,3592.1636620090508,82,2,1,0,data1511,lya,150
1827.469597952369,3609.6536534652782,83,1,1,0,data1511,lya,150
1847.4703875562507,3609.6536534652782,84,2,0,1,data1511,lya,150
1857.5190409370873,3629.4500075957044,85,1,1,0,data1511,lya,150
1867.5717359892453,3655.2159198832624,86,1,1,0,data1511,lya,150
1877.5969790978315,3666.379182068822,87,1,1,0,data1511,lya,150
1897.6391451734835,3685.7407852524257,88,2,1,0,data1511,lya,150
1907.6773119898533,3701.6574952811175,89,1,1,0,data1511,lya,150
1917.7328607503127,3727.6065099472057,90,1,1,0,data1511,lya,150
1927.7569897887272,3738.56501852043,91,1,1,0,data1511,lya,150
1937.7806370058167,3749.3664093095263,92,1,1,0,data1511,lya,150
1947.8074348042076,3761.3694460823062,93,1,1,0,data1511,lya,150
1997.8207680632047,3766.3694460823062,94,5,1,0,data1511,lya,150
2057.8533180264008,3777.573782774538,96,1,1,0,data1511,lya,150
2077.888328082119,3793.325751706919,97,2,1,0,data1511,lya,150
2087.9219325994254,3810.034531585805,98,1,1,0,data1511,lya,150
2097.9732453712822,3834.415385781884,99,1,1,0,data1511,lya,150
2118.0146584640747,3854.1675049728146,100,2,1,0,data1511,lya,150
2128.0412289395017,3866.2829866945026,101,1,1,0,data1511,lya,150
2138.062821556355,3876.7909133377607,102,1,1,0,data1511,lya,150
2178.0984837270103,3894.250509195293,103,4,1,0,data1511,lya,150
2188.1187099303816,3902.64934316019,104,1,1,0,data1511,lya,150
2198.1694897408624,3926.8066369894614,105,1,1,0,data1511,lya,150
2248.2140046022405,3947.703837593068,106,5,1,0,data1511,lya,150
2258.894112315297,4285.685294099653,107,1,1,0,data1511,lya,150
2278.909248428602,4292.119621454199,108,2,1,0,data1511,lya,150
2288.955829402883,4313.888983325026,109,1,1,0,data1511,lya,150
2298.9937641926304,4328.3162840987625,110,1,1,0,data1511,lya,150
2329.041220120031,4349.50536565863,111,3,1,0,data1511,lya,150
2379.0656584389794,4356.533227364658,112,5,1,0,data1511,lya,150
2389.0936107016532,4368.536352249889,113,1,1,0,data1511,lya,150
2399.125336782018,4383.5625707484805,114,1,1,0,data1511,lya,150
2429.158543378215,4398.7974737173045,115,3,1,0,data1511,lya,150
2439.1871340847447,4411.547146359908,116,1,1,0,data1511,lya,150
2449.227992906515,4429.6613960216455,117,1,1,0,data1511,lya,150
2459.2478546994744,4439.323293874732,118,1,1,0,data1511,lya,150
2469.2810976657906,4453.611396449626,119,1,1,0,data1511,lya,150
2479.3136333476496,4469.212874608185,120,1,1,0,data1511,lya,150
2489.3523398871116,4486.785068778479,121,1,1,0,data1511,lya,150
2499.390248296784,4505.343143168924,122,1,1,0,data1511,lya,150
10.03583598215033,16.404959338675162,0,1,1,0,data1512,baseline,150
41.15745754211495,574.2818306668798,1,3,1,0,data1512,baseline,150
51.1909214258838,588.2412194150935,2,1,1,0,data1512,baseline,150
101.9329932216571,957.9166077205078,3,5,1,0,data1512,baseline,150
121.95925221756139,969.9697839357868,4,2,1,0,data1512,baseline,150
132.00199426103978,989.217794420892,5,1,1,0,data1512,baseline,150
212.8357545513606,1403.7383526310769,6,8,1,0,data1512,baseline,150
222.8615161500604,1415.2738046547736,7,1,1,0,data1512,baseline,150
232.90256074976477,1434.7718040319398,8,1,1,0,data1512,baseline,150
342.9384388201749,1451.308301636323,9,11,1,0,data1512,baseline,150
452.9792192042321,1470.3726122305177,10,11,1,0,data1512,baseline,150
473.021844861293,1488.5207564401358,11,2,1,0,data1512,baseline,150
563.0481737104958,1499.3757813855254,12,9,1,0,data1512,baseline,150
573.0751806384287,1511.5748761845407,13,1,1,0,data1512,baseline,150
603.1138280162814,1530.311344210157,14,3,1,0,data1512,baseline,150
633.1536968224735,1548.3631955373241,15,3,1,0,data1512,baseline,150
663.1859595997909,1563.2586875675033,16,3,1,0,data1512,baseline,150
833.2237315144041,1578.8453244840473,17,17,1,0,data1512,baseline,150
853.2696947534741,1600.2336489629895,18,2,1,0,data1512,baseline,150
883.295747741453,1612.2757920188103,19,3,1,0,data1512,baseline,150
923.3351428464813,1630.0112789246605,20,4,1,0,data1512,baseline,150
933.3705918747977,1644.000315662491,21,1,1,0,data1512,baseline,150
943.4013762897291,1657.9119096463548,22,1,1,0,data1512,baseline,150
963.4455336703704,1678.4057939062907,23,2,1,0,data1512,baseline,150
993.4875629900098,1697.5328756512308,24,3,1,0,data1512,baseline,150
1023.5288919392347,1716.600423831234,25,3,1,0,data1512,baseline,150
1044.3513019173495,2126.4008636983954,26,2,1,0,data1512,baseline,150
1104.3869724333038,2141.5058829065592,27,6,1,0,data1512,baseline,150
1164.4306823557506,2159.915647763034,28,6,1,0,data1512,baseline,150
1184.4585894636907,2173.3643139800665,29,2,1,0,data1512,baseline,150
1355.3149871094652,2598.6151921145656,30,17,1,0,data1512,baseline,150
1365.344463578147,2612.964476842727,31,1,1,0,data1512,baseline,150
1446.2285524726854,3053.9997769060465,32,8,1,0,data1512,baseline,150
1456.2681398065477,3071.975562033231,33,1,1,0,data1512,baseline,150
1496.8867503152214,3379.149560011687,34,4,1,0,data1512,baseline,150
1516.941622149646,3404.611496390114,35,2,1,0,data1512,baseline,150
1536.9660254885232,3414.5814094826155,36,2,1,0,data1512,baseline,150
1676.984396285877,3423.510466418677,37,14,1,0,data1512,baseline,150
1707.0289286329255,3444.301020786177,38,3,1,0,data1512,baseline,150
1717.0687707989819,3463.2593342559917,39,1,1,0,data1512,baseline,150
1777.1085235409219,3481.3799333412526,40,6,1,0,data1512,baseline,150
1787.1501883446012,3499.521660887574,41,1,1,0,data1512,baseline,150
1797.183533037827,3514.4604270233394,42,1,1,0,data1512,baseline,150
2017.220051709871,3529.839449814308,44,2,1,0,data1512,baseline,150
2088.0287271211664,3933.9068553452003,45,7,1,0,data1512,baseline,150
2108.068822784845,3953.7824540122892,46,2,1,0,data1512,baseline,150
2138.1006319234693,3968.0471671047785,47,3,1,0,data1512,baseline,150
2148.124455070348,3978.9196811208158,48,1,1,0,data1512,baseline,150
2168.1527816586245,3992.312751912551,49,2,1,0,data1512,baseline,150
2188.1884425635767,4009.377409183929,50,2,1,0,data1512,baseline,150
2278.2132938238983,4021.558786419909,51,9,1,0,data1512,baseline,150
2308.239444853287,4032.447684442077,52,3,1,0,data1512,baseline,150
2318.277858245822,4048.6661204995366,53,1,1,0,data1512,baseline,150
2328.3119287690347,4064.8909533550805,54,1,1,0,data1512,baseline,150
2358.338266207546,4077.356237478225,55,3,1,0,data1512,baseline,150
2378.365945043292,4090.001045950133,56,2,1,0,data1512,baseline,150
2418.399358597399,4106.161295636922,57,4,1,0,data1512,baseline,150
2468.419145825767,4113.920873929435,58,5,1,0,data1512,baseline,150
2478.4389762174624,4121.883555057552,59,1,1,0,data1512,baseline,150
2498.465751551669,4133.29133395129,60,2,1,0,data1512,baseline,150
20.03583598215033,16.404959338675162,0,2,1,0,data1512,lya,150
31.157457542114948,574.2818306668798,1,1,1,0,data1512,lya,150
41.1909214258838,588.2412194150935,2,1,1,0,data1512,lya,150
101.21990144095057,600.2943956303725,4,1,1,0,data1512,lya,150
121.26264348442896,619.5424061154777,5,2,1,0,data1512,lya,150
142.09640377474975,1034.0629643256625,6,2,1,0,data1512,lya,150
152.12216537344955,1045.5984163493592,7,1,1,0,data1512,lya,150
162.16320997315393,1065.0964157265255,8,1,1,0,data1512,lya,150
202.199088043564,1081.6329133309087,9,4,1,0,data1512,lya,150
262.24436546349375,1099.7810575405267,11,1,1,0,data1512,lya,150
282.27069431269655,1110.6360824859164,12,2,1,0,data1512,lya,150
292.2977012406295,1122.8351772849317,13,1,1,0,data1512,lya,150
302.3363486184822,1141.5716453105479,14,1,1,0,data1512,lya,150
312.3762174246743,1159.623496637715,15,1,1,0,data1512,lya,150
322.40848020199155,1174.5189886678943,16,1,1,0,data1512,lya,150
392.46104208184164,1195.9073131468365,18,2,1,0,data1512,lya,150
402.4870950698206,1207.9494562026573,19,1,1,0,data1512,lya,150
462.5264682293536,1221.9384929404878,21,1,1,0,data1512,lya,150
482.557252644285,1235.8500869243517,22,2,1,0,data1512,lya,150
492.6014100249262,1256.3439711842875,23,1,1,0,data1512,lya,150
502.6434393445655,1275.4710529292277,24,1,1,0,data1512,lya,150
522.6847682937903,1294.5386011092307,25,2,1,0,data1512,lya,150
582.7232479081254,1309.6436203173946,27,1,1,0,data1512,lya,150
632.766957830572,1328.0533851738694,28,5,1,0,data1512,lya,150
652.794864938512,1341.5020513909021,29,2,1,0,data1512,lya,150
712.8302372966991,1355.8513361190637,31,1,1,0,data1512,lya,150
782.8718429249732,1373.8271212462482,33,2,1,0,data1512,lya,150
813.4904534336471,1681.0011192247039,34,3,1,0,data1512,lya,150
833.5453252680717,1706.4630556031311,35,2,1,0,data1512,lya,150
863.5697286069487,1716.4329686956326,36,3,1,0,data1512,lya,150
883.5880994043026,1725.362025631694,37,2,1,0,data1512,lya,150
913.632631751351,1746.1525799991944,38,3,1,0,data1512,lya,150
933.6724739174074,1765.110893469009,39,2,1,0,data1512,lya,150
993.7176502648563,1783.2526210153303,41,1,1,0,data1512,lya,150
1003.750994958082,1798.1913871510958,42,1,1,0,data1512,lya,150
1063.787513630126,1813.5704099420643,44,1,1,0,data1512,lya,150
1123.8281498940385,1833.446008609153,46,1,1,0,data1512,lya,150
1133.8599590326628,1847.7107217016423,47,1,1,0,data1512,lya,150
1143.8837821795419,1858.5832357176798,48,1,1,0,data1512,lya,150
1153.912108767818,1871.9763065094148,49,1,1,0,data1512,lya,150
1203.9477696727702,1889.040963780793,50,5,1,0,data1512,lya,150
1213.9726209330915,1901.222341016773,51,1,1,0,data1512,lya,150
1223.9987719624803,1912.111239038941,52,1,1,0,data1512,lya,150
1254.0371853550153,1928.3296750964005,53,3,1,0,data1512,lya,150
1264.0712558782277,1944.554507951944,54,1,1,0,data1512,lya,150
1274.0975933167388,1957.0197920750884,55,1,1,0,data1512,lya,150
1294.1252721524847,1969.6646005469968,56,2,1,0,data1512,lya,150
1324.1586857065915,1985.824850233785,57,3,1,0,data1512,lya,150
1334.1784729349595,1993.5844285262983,58,1,1,0,data1512,lya,150
1354.1983033266547,2001.5471096544156,59,2,1,0,data1512,lya,150
1364.2250786608613,2012.9548885481533,60,1,1,0,data1512,lya,150
1414.256816948361,2026.887652789594,61,5,1,0,data1512,lya,150
1434.2927900875507,2043.4421906175842,62,2,1,0,data1512,lya,150
1454.3401398084827,2065.818971702332,63,2,1,0,data1512,lya,150
1484.382756552543,2085.107269818342,64,3,1,0,data1512,lya,150
1504.4132705090644,2099.307577168525,65,2,1,0,data1512,lya,150
1524.4467014082015,2114.2124961290115,66,2,1,0,data1512,lya,150
1544.470503791713,2124.199849305822,67,2,1,0,data1512,lya,150
1575.2813604900582,2528.7245652729557,68,3,1,0,data1512,lya,150
1585.3111062352993,2542.281272078355,69,1,1,0,data1512,lya,150
1595.345213453493,2558.8948648800456,70,1,1,0,data1512,lya,150
1606.178751110131,2974.2620953306578,71,1,1,0,data1512,lya,150
1676.1858843580517,2974.2620953306578,73,2,0,1,data1512,lya,150
1686.219407459811,2988.7182945883733,74,1,1,0,data1512,lya,150
1696.2601424283823,3005.726853198868,75,1,1,0,data1512,lya,150
1716.2638434826258,3005.726853198868,76,2,0,1,data1512,lya,150
1736.293325912738,3018.7207508394386,77,2,1,0,data1512,lya,150
1756.295160985819,3018.7207508394386,78,2,0,1,data1512,lya,150
1776.3276385827737,3033.7837128433475,79,2,1,0,data1512,lya,150
1786.3652600125133,3049.2720933360915,80,1,1,0,data1512,lya,150
1797.4224826552,3577.041111137756,81,1,1,0,data1512,lya,150
1817.4554414523625,3592.1636620090508,82,2,1,0,data1512,lya,150
1827.491489519079,3609.6536534652782,83,1,1,0,data1512,lya,150
1847.4926205989989,3609.6536534652782,84,2,0,1,data1512,lya,150
1857.5385338892306,3629.4500075957044,85,1,1,0,data1512,lya,150
1867.5955293130557,3655.2159198832624,86,1,1,0,data1512,lya,150
1877.6227236908,3666.379182068822,87,1,1,0,data1512,lya,150
1897.6643931193246,3685.7407852524257,88,2,1,0,data1512,lya,150
1907.698107722729,3701.6574952811175,89,1,1,0,data1512,lya,150
1917.7557372733415,3727.6065099472057,90,1,1,0,data1512,lya,150
1927.7820377732317,3738.56501852043,91,1,1,0,data1512,lya,150
1937.8057210433703,3749.3664093095263,92,1,1,0,data1512,lya,150
1947.8312022664888,3761.3694460823062,93,1,1,0,data1512,lya,150
1997.8448168592547,3766.3694460823062,94,5,1,0,data1512,lya,150
2057.872651041826,3777.573782774538,96,1,1,0,data1512,lya,150
2077.910123758363,3793.325751706919,97,2,1,0,data1512,lya,150
2087.9467918350797,3810.034531585805,98,1,1,0,data1512,lya,150
2097.9985295852916,3834.415385781884,99,1,1,0,data1512,lya,150
2118.045647183267,3854.1675049728146,100,2,1,0,data1512,lya,150
2128.0754722702773,3866.2829866945026,101,1,1,0,data1512,lya,150
2138.102255600732,3876.7909133377607,102,1,1,0,data1512,lya,150
2178.1382870829175,3894.250509195293,103,4,1,0,data1512,lya,150
2188.157197270824,3902.64934316019,104,1,1,0,data1512,lya,150
2198.2100654034166,3926.8066369894614,105,1,1,0,data1512,lya,150
2248.2563738976373,3947.703837593068,106,5,1,0,data1512,lya,150
2258.935639820443,4285.685294099653,107,1,1,0,data1512,lya,150
2278.952884506903,4292.119621454199,108,2,1,0,data1512,lya,150
2288.998374431845,4313.888983325026,109,1,1,0,data1512,lya,150
2299.0275970425027,4328.3162840987625,110,1,1,0,data1512,lya,150
2329.071676642699,4349.50536565863,111,3,1,0,data1512,lya,150
2379.090018761062,4356.533227364658,112,5,1,0,data1512,lya,150
2389.116154874847,4368.536352249889,113,1,1,0,data1512,lya,150
2399.1468275009,4383.5625707484805,114,1,1,0,data1512,lya,150
2429.178245885153,4398.7974737173045,115,3,1,0,data1512,lya,150
2439.2040408578264,4411.547146359908,116,1,1,0,data1512,lya,150
2449.2441561090536,4429.6613960216455,117,1,1,0,data1512,lya,150
2459.265690440365,4439.323293874732,118,1,1,0,data1512,lya,150
2469.29667067638,4453.611396449626,119,1,1,0,data1512,lya,150
2479.3312550555706,4469.212874608185,120,1,1,0,data1512,lya,150
2489.3671382168836,4486.785068778479,121,1,1,0,data1512,lya,150
2499.4055298628246,4505.343143168924,122,1,1,0,data1512,lya,150
10.037655656501716,16.404959338675162,0,1,1,0,data1513,baseline,150
41.15518346613051,574.2818306668798,1,3,1,0,data1513,baseline,150
51.184500643896,588.2412194150935,2,1,1,0,data1513,baseline,150
101.92668708813942,957.9166077205078,3,5,1,0,data1513,baseline,150
121.95569724850361,969.9697839357868,4,2,1,0,data1513,baseline,150
131.9953185159146,989.217794420892,5,1,1,0,data1513,baseline,150
212.82654258586746,1403.7383526310769,6,8,1,0,data1513,baseline,150
222.8548416454082,1415.2738046547736,7,1,1,0,data1513,baseline,150
232.8959481502298,1434.7718040319398,8,1,1,0,data1513,baseline,150
342.9306514463901,1451.308301636323,9,11,1,0,data1513,baseline,150
452.97390574129906,1470.3726122305177,10,11,1,0,data1513,baseline,150
473.012882733617,1488.5207564401358,11,2,1,0,data1513,baseline,150
563.035539353834,1499.3757813855254,12,9,1,0,data1513,baseline,150
573.0619662435362,1511.5748761845407,13,1,1,0,data1513,baseline,150
603.1027699923025,1530.311344210157,14,3,1,0,data1513,baseline,150
633.1409928951485,1548.3631955373241,15,3,1,0,data1513,baseline,150
663.1738503496701,1563.2586875675033,16,3,1,0,data1513,baseline,150
833.2065403720206,1578.8453244840473,17,17,1,0,data1513,baseline,150
853.2499515144084,1600.2336489629895,18,2,1,0,data1513,baseline,150
883.2776792370328,1612.2757920188103,19,3,1,0,data1513,baseline,150
923.3191919196689,1630.0112789246605,20,4,1,0,data1513,baseline,150
933.3534363785,1644.000315662491,21,1,1,0,data1513,baseline,150
943.386290404069,1657.9119096463548,22,1,1,0,data1513,baseline,150
963.431613192686,1678.4057939062907,23,2,1,0,data1513,baseline,150
993.4734880622561,1697.5328756512308,24,3,1,0,data1513,baseline,150
1023.513428816427,1716.600423831234,25,3,1,0,data1513,baseline,150
1044.336163597119,2126.4008636983954,26,2,1,0,data1513,baseline,150
1104.370003891153,2141.5058829065592,27,6,1,0,data1513,baseline,150
1164.4084664354164,2159.915647763034,28,6,1,0,data1513,baseline,150
1184.4369153436826,2173.3643139800665,29,2,1,0,data1513,baseline,150
1355.2904252374328,2598.6151921145656,30,17,1,0,data1513,baseline,150
1365.3230714518604,2612.964476842727,31,1,1,0,data1513,baseline,150
1446.2076499105485,3053.9997769060465,32,8,1,0,data1513,baseline,150
1456.2445120456002,3071.975562033231,33,1,1,0,data1513,baseline,150
1496.8600581261212,3379.149560011687,34,4,1,0,data1513,baseline,150
1516.9136807100463,3404.611496390114,35,2,1,0,data1513,baseline,150
1536.9406211136334,3414.5814094826155,36,2,1,0,data1513,baseline,150
1676.9597422907234,3423.510466418677,37,14,1,0,data1513,baseline,150
1707.0065331301178,3444.301020786177,38,3,1,0,data1513,baseline,150
1717.049076912805,3463.2593342559917,39,1,1,0,data1513,baseline,150
1777.090215378165,3481.3799333412526,40,6,1,0,data1513,baseline,150
1787.1273036871607,3499.521660887574,41,1,1,0,data1513,baseline,150
1797.160624693158,3514.4604270233394,42,1,1,0,data1513,baseline,150
2017.1988100406052,3529.839449814308,44,2,1,0,data1513,baseline,150
2088.0100971621787,3933.9068553452003,45,7,1,0,data1513,baseline,150
2108.0532760589285,3953.7824540122892,46,2,1,0,data1513,baseline,150
2138.0829698227726,3968.0471671047785,47,3,1,0,data1513,baseline,150
2148.1099841927476,3978.9196811208158,48,1,1,0,data1513,baseline,150
2168.138446210229,3992.312751912551,49,2,1,0,data1513,baseline,150
2188.1763793350706,4009.377409183929,50,2,1,0,data1513,baseline,150
2278.2039702253705,4021.558786419909,51,9,1,0,data1513,baseline,150
2308.228774421435,4032.447684442077,52,3,1,0,data1513,baseline,150
2318.2628706960513,4048.6661204995366,53,1,1,0,data1513,baseline,150
2328.2963841871338,4064.8909533550805,54,1,1,0,data1513,baseline,150
2358.329298830797,4077.356237478225,55,3,1,0,data1513,baseline,150
2378.35620611802,4090.001045950133,56,2,1,0,data1513,baseline,150
2418.396806137134,4106.161295636922,57,4,1,0,data1513,baseline,150
2468.41259867821,4113.920873929435,58,5,1,0,data1513,baseline,150
2478.43283988821,4121.883555057552,59,1,1,0,data1513,baseline,150
2498.4603859458293,4133.29133395129,60,2,1,0,data1513,baseline,150
20.037655656501716,16.404959338675162,0,2,1,0,data1513,lya,150
31.15518346613051,574.2818306668798,1,1,1,0,data1513,lya,150
41.184500643895994,588.2412194150935,2,1,1,0,data1513,lya,150
101.21634647189276,600.2943956303725,4,1,1,0,data1513,lya,150
121.25596773930376,619.5424061154777,5,2,1,0,data1513,lya,150
142.0871918092566,1034.0629643256625,6,2,1,0,data1513,lya,150
152.11549086879734,1045.5984163493592,7,1,1,0,data1513,lya,150
162.15659737361895,1065.0964157265255,8,1,1,0,data1513,lya,150
202.19130066977922,1081.6329133309087,9,4,1,0,data1513,lya,150
262.23540333581775,1099.7810575405267,11,1,1,0,data1513,lya,150
282.25805995603474,1110.6360824859164,12,2,1,0,data1513,lya,150
292.28448684573686,1122.8351772849317,13,1,1,0,data1513,lya,150
302.32529059450314,1141.5716453105479,14,1,1,0,data1513,lya,150
312.3635134973492,1159.623496637715,15,1,1,0,data1513,lya,150
322.39637095187084,1174.5189886678943,16,1,1,0,data1513,lya,150
392.44129884277595,1195.9073131468365,18,2,1,0,data1513,lya,150
402.4690265654003,1207.9494562026573,19,1,1,0,data1513,lya,150
462.5093127330559,1221.9384929404878,21,1,1,0,data1513,lya,150
482.54216675862483,1235.8500869243517,22,2,1,0,data1513,lya,150
492.58748954724183,1256.3439711842875,23,1,1,0,data1513,lya,150
502.629364416812,1275.4710529292277,24,1,1,0,data1513,lya,150
522.6693051709829,1294.5386011092307,25,2,1,0,data1513,lya,150
582.7062793659745,1309.6436203173946,27,1,1,0,data1513,lya,150
632.7447419102377,1328.0533851738694,28,5,1,0,data1513,lya,150
652.7731908185037,1341.5020513909021,29,2,1,0,data1513,lya,150
712.8088451704125,1355.8513361190637,31,1,1,0,data1513,lya,150
782.8482151640256,1373.8271212462482,33,2,1,0,data1513,lya,150
813.4637612445465,1681.0011192247039,34,3,1,0,data1513,lya,150
833.5173838284717,1706.4630556031311,35,2,1,0,data1513,lya,150
863.5443242320588,1716.4329686956326,36,3,1,0,data1513,lya,150
883.5634454091488,1725.362025631694,37,2,1,0,data1513,lya,150
913.6102362485432,1746.1525799991944,38,3,1,0,data1513,lya,150
933.6527800312303,1765.110893469009,39,2,1,0,data1513,lya,150
993.6947656074153,1783.2526210153303,41,1,1,0,data1513,lya,150
1003.7280866134125,1798.1913871510958,42,1,1,0,data1513,lya,150
1063.7662719608597,1813.5704099420643,44,1,1,0,data1513,lya,150
1123.812603168121,1833.446008609153,46,1,1,0,data1513,lya,150
1133.8422969319654,1847.7107217016423,47,1,1,0,data1513,lya,150
1143.8693113019403,1858.5832357176798,48,1,1,0,data1513,lya,150
1153.8977733194217,1871.9763065094148,49,1,1,0,data1513,lya,150
1203.9357064442627,1889.040963780793,50,5,1,0,data1513,lya,150
1213.9632973345626,1901.222341016773,51,1,1,0,data1513,lya,150
1223.988101530627,1912.111239038941,52,1,1,0,data1513,lya,150
1254.0221978052436,1928.3296750964005,53,3,1,0,data1513,lya,150
1264.0557112963256,1944.554507951944,54,1,1,0,data1513,lya,150
1274.0886259399888,1957.0197920750884,55,1,1,0,data1513,lya,150
1294.115533227212,1969.6646005469968,56,2,1,0,data1513,lya,150
1324.1561332463255,1985.824850233785,57,3,1,0,data1513,lya,150
1334.1719257874015,1993.5844285262983,58,1,1,0,data1513,lya,150
1354.1921669974013,2001.5471096544156,59,2,1,0,data1513,lya,150
1364.219713055021,2012.9548885481533,60,1,1,0,data1513,lya,150
1414.2484858885518,2026.887652789594,61,5,1,0,data1513,lya,150
1434.2846664209196,2043.4421906175842,62,2,1,0,data1513,lya,150
1454.3321700192857,2065.818971702332,63,2,1,0,data1513,lya,150
1484.3739199303604,2085.107269818342,64,3,1,0,data1513,lya,150
1504.4074483696056,2099.307577168525,65,2,1,0,data1513,lya,150
1524.4383413921335,2114.2124961290115,66,2,1,0,data1513,lya,150
1544.4611981949033,2124.199849305822,67,2,1,0,data1513,lya,150
1575.2725449056331,2528.7245652729557,68,3,1,0,data1513,lya,150
1585.303933509978,2542.281272078355,69,1,1,0,data1513,lya,150
1595.3429992149913,2558.8948648800456,70,1,1,0,data1513,lya,150
1606.1755724823702,2974.2620953306578,71,1,1,0,data1513,lya,150
1676.1813563019002,2974.2620953306578,73,2,0,1,data1513,lya,150
1686.2104194698504,2988.7182945883733,74,1,1,0,data1513,lya,150
1696.2484134146337,3005.726853198868,75,1,1,0,data1513,lya,150
1716.2487530130177,3005.726853198868,76,2,0,1,data1513,lya,150
1736.275259815729,3018.7207508394386,77,2,1,0,data1513,lya,150
1756.2820784770317,3018.7207508394386,78,2,0,1,data1513,lya,150
1776.317222625362,3033.7837128433475,79,2,1,0,data1513,lya,150
1786.3548467094504,3049.2720933360915,80,1,1,0,data1513,lya,150
1797.4135926807842,3577.041111137756,81,1,1,0,data1513,lya,150
1817.448313845946,3592.1636620090508,82,2,1,0,data1513,lya,150
1827.4869283075261,3609.6536534652782,83,1,1,0,data1513,lya,150
1847.4912751457937,3609.6536534652782,84,2,0,1,data1513,lya,150
1857.5324994321006,3629.4500075957044,85,1,1,0,data1513,lya,150
1867.587358381367,3655.2159198832624,86,1,1,0,data1513,lya,150
1877.6109559347356,3666.379182068822,87,1,1,0,data1513,lya,150
1897.651841491868,3685.7407852524257,88,2,1,0,data1513,lya,150
1907.6874312821149,3701.6574952811175,89,1,1,0,data1513,lya,150
1917.7450135672739,3727.6065099472057,90,1,1,0,data1513,lya,150
1927.769039676242,3738.56501852043,91,1,1,0,data1513,lya,150
1937.7946891867007,3749.3664093095263,92,1,1,0,data1513,lya,150
1947.8250737761114,3761.3694460823062,93,1,1,0,data1513,lya,150
1997.8386884110507,3766.3694460823062,94,5,1,0,data1513,lya,150
2057.868855577057,3777.573782774538,96,1,1,0,data1513,lya,150
2077.904858619716,3793.325751706919,97,2,1,0,data1513,lya,150
2087.941108458503,3810.034531585805,98,1,1,0,data1513,lya,150
2097.9919189456855,3834.415385781884,99,1,1,0,data1513,lya,150
2118.035120247081,3854.1675049728146,100,2,1,0,data1513,lya,150
2128.062918860806,3866.2829866945026,101,1,1,0,data1513,lya,150
2138.0857498702626,3876.7909133377607,102,1,1,0,data1513,lya,150
2178.123215487909,3894.250509195293,103,4,1,0,data1513,lya,150
2188.1465118325023,3902.64934316019,104,1,1,0,data1513,lya,150
2198.1955139119154,3926.8066369894614,105,1,1,0,data1513,lya,150
2248.2450894458298,3947.703837593068,106,5,1,0,data1513,lya,150
2258.9218087787826,4285.685294099653,107,1,1,0,data1513,lya,150
2278.937322339563,4292.119621454199,108,2,1,0,data1513,lya,150
2288.9818278664206,4313.888983325026,109,1,1,0,data1513,lya,150
2299.01259215011,4328.3162840987625,110,1,1,0,data1513,lya,150
2329.057672773339,4349.50536565863,111,3,1,0,data1513,lya,150
2379.074917079613,4356.533227364658,112,5,1,0,data1513,lya,150
2389.10157381659,4368.536352249889,113,1,1,0,data1513,lya,150
2399.133202089601,4383.5625707484805,114,1,1,0,data1513,lya,150
2429.1648003088817,4398.7974737173045,115,3,1,0,data1513,lya,150
2439.1909450355583,4411.547146359908,116,1,1,0,data1513,lya,150
2449.2297476335375,4429.6613960216455,117,1,1,0,data1513,lya,150
2459.25285546126,4439.323293874732,118,1,1,0,data1513,lya,150
2469.286029055297,4453.611396449626,119,1,1,0,data1513,lya,150
2479.321411250973,4469.212874608185,120,1,1,0,data1513,lya,150
2489.3615145717886,4486.785068778479,121,1,1,0,data1513,lya,150
2499.401296137537,4505.343143168924,122,1,1,0,data1513,lya,150
10.036788366242984,16.404959338675162,0,1,1,0,data1514,baseline,150
41.155870802940605,574.2818306668798,1,3,1,0,data1514,baseline,150
51.18603458273101,588.2412194150935,2,1,1,0,data1514,baseline,150
101.92759394630244,957.9166077205078,3,5,1,0,data1514,baseline,150
121.95615280463699,969.9697839357868,4,2,1,0,data1514,baseline,150
131.99546308693655,989.217794420892,5,1,1,0,data1514,baseline,150
212.82644614877648,1403.7383526310769,6,8,1,0,data1514,baseline,150
222.85141268715637,1415.2738046547736,7,1,1,0,data1514,baseline,150
232.89330768500048,1434.7718040319398,8,1,1,0,data1514,baseline,150
342.937576933122,1451.308301636323,9,11,1,0,data1514,baseline,150
452.9799336697972,1470.3726122305177,10,11,1,0,data1514,baseline,150
473.01852813082314,1488.5207564401358,11,2,1,0,data1514,baseline,150
563.0467429193784,1499.3757813855254,12,9,1,0,data1514,baseline,150
573.0727457439194,1511.5748761845407,13,1,1,0,data1514,baseline,150
603.1124136667041,1530.311344210157,14,3,1,0,data1514,baseline,150
633.151653885517,1548.3631955373241,15,3,1,0,data1514,baseline,150
663.1842406142671,1563.2586875675033,16,3,1,0,data1514,baseline,150
833.2203584201575,1578.8453244840473,17,17,1,0,data1514,baseline,150
853.264076137398,1600.2336489629895,18,2,1,0,data1514,baseline,150
883.2900847493707,1612.2757920188103,19,3,1,0,data1514,baseline,150
923.3302776691067,1630.0112789246605,20,4,1,0,data1514,baseline,150
933.3628295464656,1644.000315662491,21,1,1,0,data1514,baseline,150
943.3921845780449,1657.9119096463548,22,1,1,0,data1514,baseline,150
963.4361451750698,1678.4057939062907,23,2,1,0,data1514,baseline,150
993.4753005929203,1697.5328756512308,24,3,1,0,data1514,baseline,150
1023.5145472069241,1716.600423831234,25,3,1,0,data1514,baseline,150
1044.3354929568948,2126.4008636983954,26,2,1,0,data1514,baseline,150
1104.3683959329696,2141.5058829065592,27,6,1,0,data1514,baseline,150
1164.4064311525383,2159.915647763034,28,6,1,0,data1514,baseline,150
1184.434321636386,2173.3643139800665,29,2,1,0,data1514,baseline,150
1355.2879081613733,2598.6151921145656,30,17,1,0,data1514,baseline,150
1365.3198642179889,2612.964476842727,31,1,1,0,data1514,baseline,150
1446.204737151963,3053.9997769060465,32,8,1,0,data1514,baseline,150
1456.2428389269949,3071.975562033231,33,1,1,0,data1514,baseline,150
1496.8603916040736,3379.149560011687,34,4,1,0,data1514,baseline,150
1516.9168130822193,3404.611496390114,35,2,1,0,data1514,baseline,150
1536.939342936321,3414.5814094826155,36,2,1,0,data1514,baseline,150
1676.9605725271276,3423.510466418677,37,14,1,0,data1514,baseline,150
1707.0047636486136,3444.301020786177,38,3,1,0,data1514,baseline,150
1717.0446757050834,3463.2593342559917,39,1,1,0,data1514,baseline,150
1777.083880335536,3481.3799333412526,40,6,1,0,data1514,baseline,150
1787.120843831438,3499.521660887574,41,1,1,0,data1514,baseline,150
1797.1517264377328,3514.4604270233394,42,1,1,0,data1514,baseline,150
2017.1874981607425,3529.839449814308,44,2,1,0,data1514,baseline,150
2088.000568785764,3933.9068553452003,45,7,1,0,data1514,baseline,150
2108.044165431759,3953.7824540122892,46,2,1,0,data1514,baseline,150
2138.072935185273,3968.0471671047785,47,3,1,0,data1514,baseline,150
2148.0978327959624,3978.9196811208158,48,1,1,0,data1514,baseline,150
2168.127997827785,3992.312751912551,49,2,1,0,data1514,baseline,150
2188.1660708398863,4009.377409183929,50,2,1,0,data1514,baseline,150
2278.1913701197623,4021.558786419909,51,9,1,0,data1514,baseline,150
2308.2158703273867,4032.447684442077,52,3,1,0,data1514,baseline,150
2318.250651318996,4048.6661204995366,53,1,1,0,data1514,baseline,150
2328.2858871564054,4064.8909533550805,54,1,1,0,data1514,baseline,150
2358.315584939145,4077.356237478225,55,3,1,0,data1514,baseline,150
2378.3440212537944,4090.001045950133,56,2,1,0,data1514,baseline,150
2418.377854345063,4106.161295636922,57,4,1,0,data1514,baseline,150
2468.3948004068734,4113.920873929435,58,5,1,0,data1514,baseline,150
2478.4117949703186,4121.883555057552,59,1,1,0,data1514,baseline,150
2498.4385584411766,4133.29133395129,60,2,1,0,data1514,baseline,150
20.036788366242984,16.404959338675162,0,2,1,0,data1514,lya,150
31.155870802940605,574.2818306668798,1,1,1,0,data1514,lya,150
41.18603458273102,588.2412194150935,2,1,1,0,data1514,lya,150
101.21680202802617,600.2943956303725,4,1,1,0,data1514,lya,150
121.25611231032575,619.5424061154777,5,2,1,0,data1514,lya,150
142.08709537216566,1034.0629643256625,6,2,1,0,data1514,lya,150
152.11206191054555,1045.5984163493592,7,1,1,0,data1514,lya,150
162.15395690838966,1065.0964157265255,8,1,1,0,data1514,lya,150
202.1982261565111,1081.6329133309087,9,4,1,0,data1514,lya,150
262.24104873302383,1099.7810575405267,11,1,1,0,data1514,lya,150
282.26926352157903,1110.6360824859164,12,2,1,0,data1514,lya,150
292.29526634612,1122.8351772849317,13,1,1,0,data1514,lya,150
302.3349342689047,1141.5716453105479,14,1,1,0,data1514,lya,150
312.37417448771754,1159.623496637715,15,1,1,0,data1514,lya,150
322.4067612164676,1174.5189886678943,16,1,1,0,data1514,lya,150
392.4554234657653,1195.9073131468365,18,2,1,0,data1514,lya,150
402.48143207773813,1207.9494562026573,19,1,1,0,data1514,lya,150
462.5187059010214,1221.9384929404878,21,1,1,0,data1514,lya,150
482.5480609326006,1235.8500869243517,22,2,1,0,data1514,lya,150
492.59202152962547,1256.3439711842875,23,1,1,0,data1514,lya,150
502.6311769474759,1275.4710529292277,24,1,1,0,data1514,lya,150
522.6704235614797,1294.5386011092307,25,2,1,0,data1514,lya,150
582.7046714077908,1309.6436203173946,27,1,1,0,data1514,lya,150
632.7427066273593,1328.0533851738694,28,5,1,0,data1514,lya,150
652.7705971112068,1341.5020513909021,29,2,1,0,data1514,lya,150
712.8056379365406,1355.8513361190637,31,1,1,0,data1514,lya,150
782.8465420454198,1373.8271212462482,33,2,1,0,data1514,lya,150
813.4640947224985,1681.0011192247039,34,3,1,0,data1514,lya,150
833.5205162006444,1706.4630556031311,35,2,1,0,data1514,lya,150
863.5430460547462,1716.4329686956326,36,3,1,0,data1514,lya,150
883.5642756455528,1725.362025631694,37,2,1,0,data1514,lya,150
913.6084667670387,1746.1525799991944,38,3,1,0,data1514,lya,150
933.6483788235086,1765.110893469009,39,2,1,0,data1514,lya,150
993.6883057516926,1783.2526210153303,41,1,1,0,data1514,lya,150
1003.7191883579875,1798.1913871510958,42,1,1,0,data1514,lya,150
1063.7549600809973,1813.5704099420643,44,1,1,0,data1514,lya,150
1123.8034925409522,1833.446008609153,46,1,1,0,data1514,lya,150
1133.832262294466,1847.7107217016423,47,1,1,0,data1514,lya,150
1143.8571599051556,1858.5832357176798,48,1,1,0,data1514,lya,150
1153.8873249369778,1871.9763065094148,49,1,1,0,data1514,lya,150
1203.925397949079,1889.040963780793,50,5,1,0,data1514,lya,150
1213.950697228955,1901.222341016773,51,1,1,0,data1514,lya,150
1223.9751974365795,1912.111239038941,52,1,1,0,data1514,lya,150
1254.009978428189,1928.3296750964005,53,3,1,0,data1514,lya,150
1264.045214265598,1944.554507951944,54,1,1,0,data1514,lya,150
1274.0749120483374,1957.0197920750884,55,1,1,0,data1514,lya,150
1294.1033483629867,1969.6646005469968,56,2,1,0,data1514,lya,150
1324.137181454255,1985.824850233785,57,3,1,0,data1514,lya,150
1334.1541275160655,1993.5844285262983,58,1,1,0,data1514,lya,150
1354.1711220795107,2001.5471096544156,59,2,1,0,data1514,lya,150
1364.1978855503687,2012.9548885481533,60,1,1,0,data1514,lya,150
1414.226079761818,2026.887652789594,61,5,1,0,data1514,lya,150
1434.2601589187414,2043.4421906175842,62,2,1,0,data1514,lya,150
1454.3105591799506,2065.818971702332,63,2,1,0,data1514,lya,150
1484.3520284689093,2085.107269818342,64,3,1,0,data1514,lya,150
1504.3839068392451,2099.307577168525,65,2,1,0,data1514,lya,150
1524.4154906344654,2114.2124961290115,66,2,1,0,data1514,lya,150
1544.441108859656,2124.199849305822,67,2,1,0,data1514,lya,150
1575.2516610281823,2528.7245652729557,68,3,1,0,data1514,lya,150
1585.2821951413227,2542.281272078355,69,1,1,0,data1514,lya,150
1595.3182677400443,2558.8948648800456,70,1,1,0,data1514,lya,150
1606.1560464242987,2974.2620953306578,71,1,1,0,data1514,lya,150
1676.1594726514752,2974.2620953306578,73,2,0,1,data1514,lya,150
1686.191969331125,2988.7182945883733,74,1,1,0,data1514,lya,150
1696.230373587683,3005.726853198868,75,1,1,0,data1514,lya,150
1716.232643647605,3005.726853198868,76,2,0,1,data1514,lya,150
1736.259411828658,3018.7207508394386,77,2,1,0,data1514,lya,150
1756.2622089042825,3018.7207508394386,78,2,0,1,data1514,lya,150
1776.2968241698616,3033.7837128433475,79,2,1,0,data1514,lya,150
1786.3313196953357,3049.2720933360915,80,1,1,0,data1514,lya,150
1797.3939776786285,3577.041111137756,81,1,1,0,data1514,lya,150
1817.425770646659,3592.1636620090508,82,2,1,0,data1514,lya,150
1827.4652204046613,3609.6536534652782,83,1,1,0,data1514,lya,150
1847.4684997172726,3609.6536534652782,84,2,0,1,data1514,lya,150
1857.5109951268034,3629.4500075957044,85,1,1,0,data1514,lya,150
1867.5695684140362,3655.2159198832624,86,1,1,0,data1514,lya,150
1877.5944589636265,3666.379182068822,87,1,1,0,data1514,lya,150
1897.6398392455762,3685.7407852524257,88,2,1,0,data1514,lya,150
1907.6752148628113,3701.6574952811175,89,1,1,0,data1514,lya,150
1917.730488383991,3727.6065099472057,90,1,1,0,data1514,lya,150
1927.7530404121474,3738.56501852043,91,1,1,0,data1514,lya,150
1937.777681546939,3749.3664093095263,92,1,1,0,data1514,lya,150
1947.805015280643,3761.3694460823062,93,1,1,0,data1514,lya,150
1997.8190545667408,3766.3694460823062,94,5,1,0,data1514,lya,150
2057.845715623637,3777.573782774538,96,1,1,0,data1514,lya,150
2077.8783012911317,3793.325751706919,97,2,1,0,data1514,lya,150
2087.914192804519,3810.034531585805,98,1,1,0,data1514,lya,150
2097.968955357346,3834.415385781884,99,1,1,0,data1514,lya,150
2118.012656068057,3854.1675049728146,100,2,1,0,data1514,lya,150
2128.039717153272,3866.2829866945026,101,1,1,0,data1514,lya,150
2138.0656673873523,3876.7909133377607,102,1,1,0,data1514,lya,150
2178.1055006686415,3894.250509195293,103,4,1,0,data1514,lya,150
2188.1249777958087,3902.64934316019,104,1,1,0,data1514,lya,150
2198.1764789329873,3926.8066369894614,105,1,1,0,data1514,lya,150
2248.2227178973703,3947.703837593068,106,5,1,0,data1514,lya,150
2258.904049086335,4285.685294099653,107,1,1,0,data1514,lya,150
2278.91926064946,4292.119621454199,108,2,1,0,data1514,lya,150
2288.9655455959314,4313.888983325026,109,1,1,0,data1514,lya,150
2298.9960461147803,4328.3162840987625,110,1,1,0,data1514,lya,150
2329.042608891966,4349.50536565863,111,3,1,0,data1514,lya,150
2379.059267353115,4356.533227364658,112,5,1,0,data1514,lya,150
2389.0859519941837,4368.536352249889,113,1,1,0,data1514,lya,150
2399.1181600640266,4383.5625707484805,114,1,1,0,data1514,lya,150
2429.1520624824016,4398.7974737173045,115,3,1,0,data1514,lya,150
2439.18091282695,4411.547146359908,116,1,1,0,data1514,lya,150
2449.220486070079,4429.6613960216455,117,1,1,0,data1514,lya,150
2459.2436224289263,4439.323293874732,118,1,1,0,data1514,lya,150
2469.273832532216,4453.611396449626,119,1,1,0,data1514,lya,150
2479.3104525572944,4469.212874608185,120,1,1,0,data1514,lya,150
2489.3479468046944,4486.785068778479,121,1,1,0,data1514,lya,150
2499.38631812458,4505.343143168924,122,1,1,0,data1514,lya,150
10.0359638668261,16.404959338675162,0,1,1,0,data1515,baseline,150
41.15440704267605,574.2818306668798,1,3,1,0,data1515,baseline,150
51.18650120991266,588.2412194150935,2,1,1,0,data1515,baseline,150
101.92981171719774,957.9166077205078,3,5,1,0,data1515,baseline,150
121.95847389789381,969.9697839357868,4,2,1,0,data1515,baseline,150
131.99935343490182,989.217794420892,5,1,1,0,data1515,baseline,150
212.83192550420563,1403.7383526310769,6,8,1,0,data1515,baseline,150
222.85979588257763,1415.2738046547736,7,1,1,0,data1515,baseline,150
232.90129873485031,1434.7718040319398,8,1,1,0,data1515,baseline,150
342.9375055347726,1451.308301636323,9,11,1,0,data1515,baseline,150
452.97908429627586,1470.3726122305177,10,11,1,0,data1515,baseline,150
473.01858128735427,1488.5207564401358,11,2,1,0,data1515,baseline,150
563.042191710417,1499.3757813855254,12,9,1,0,data1515,baseline,150
573.0673246857287,1511.5748761845407,13,1,1,0,data1515,baseline,150
603.1101520746746,1530.311344210157,14,3,1,0,data1515,baseline,150
633.1490712680078,1548.3631955373241,15,3,1,0,data1515,baseline,150
663.1853260157304,1563.2586875675033,16,3,1,0,data1515,baseline,150
833.2193909174304,1578.8453244840473,17,17,1,0,data1515,baseline,150
853.2633296519703,1600.2336489629895,18,2,1,0,data1515,baseline,150
883.2890230960371,1612.2757920188103,19,3,1,0,data1515,baseline,150
923.328233276297,1630.0112789246605,20,4,1,0,data1515,baseline,150
933.3570917353246,1644.000315662491,21,1,1,0,data1515,baseline,150
943.388348731996,1657.9119096463548,22,1,1,0,data1515,baseline,150
963.4298907703621,1678.4057939062907,23,2,1,0,data1515,baseline,150
993.4692911432853,1697.5328756512308,24,3,1,0,data1515,baseline,150
1023.508983207739,1716.600423831234,25,3,1,0,data1515,baseline,150
1044.3291006649722,2126.4008636983954,26,2,1,0,data1515,baseline,150
1104.3630650333719,2141.5058829065592,27,6,1,0,data1515,baseline,150
1164.4046531988,2159.915647763034,28,6,1,0,data1515,baseline,150
1184.4329085961074,2173.3643139800665,29,2,1,0,data1515,baseline,150
1355.2854667730685,2598.6151921145656,30,17,1,0,data1515,baseline,150
1365.3190433820882,2612.964476842727,31,1,1,0,data1515,baseline,150
1446.2066198534446,3053.9997769060465,32,8,1,0,data1515,baseline,150
1456.2440876057042,3071.975562033231,33,1,1,0,data1515,baseline,150
1496.8619301297408,3379.149560011687,34,4,1,0,data1515,baseline,150
1516.916008566588,3404.611496390114,35,2,1,0,data1515,baseline,150
1536.937332854627,3414.5814094826155,36,2,1,0,data1515,baseline,150
1676.956358079524,3423.510466418677,37,14,1,0,data1515,baseline,150
1706.9987187458323,3444.301020786177,38,3,1,0,data1515,baseline,150
1717.0393159317296,3463.2593342559917,39,1,1,0,data1515,baseline,150
1777.0768827978573,3481.3799333412526,40,6,1,0,data1515,baseline,150
1787.1156925207188,3499.521660887574,41,1,1,0,data1515,baseline,150
1797.1479359921257,3514.4604270233394,42,1,1,0,data1515,baseline,150
2017.181564687567,3529.839449814308,44,2,1,0,data1515,baseline,150
2087.9909422582887,3933.9068553452003,45,7,1,0,data1515,baseline,150
2108.0347114603546,3953.7824540122892,46,2,1,0,data1515,baseline,150
2138.065515263413,3968.0471671047785,47,3,1,0,data1515,baseline,150
2148.0929278278363,3978.9196811208158,48,1,1,0,data1515,baseline,150
2168.121281404403,3992.312751912551,49,2,1,0,data1515,baseline,150
2188.157447503007,4009.377409183929,50,2,1,0,data1515,baseline,150
2278.1851683794857,4021.558786419909,51,9,1,0,data1515,baseline,150
2308.20912372685,4032.447684442077,52,3,1,0,data1515,baseline,150
2318.244943452154,4048.6661204995366,53,1,1,0,data1515,baseline,150
2328.278278432736,4064.8909533550805,54,1,1,0,data1515,baseline,150
2358.3059786241065,4077.356237478225,55,3,1,0,data1515,baseline,150
2378.3348234364753,4090.001045950133,56,2,1,0,data1515,baseline,150
2418.3685311743693,4106.161295636922,57,4,1,0,data1515,baseline,150
2468.3886540742346,4113.920873929435,58,5,1,0,data1515,baseline,150
2478.4076461449063,4121.883555057552,59,1,1,0,data1515,baseline,150
2498.4322611683715,4133.29133395129,60,2,1,0,data1515,baseline,150
20.0359638668261,16.404959338675162,0,2,1,0,data1515,lya,150
31.15440704267605,574.2818306668798,1,1,1,0,data1515,lya,150
41.18650120991266,588.2412194150935,2,1,1,0,data1515,lya,150
101.21912312128299,600.2943956303725,4,1,1,0,data1515,lya,150
121.26000265829101,619.5424061154777,5,2,1,0,data1515,lya,150
142.0925747275948,1034.0629643256625,6,2,1,0,data1515,lya,150
152.1204451059668,1045.5984163493592,7,1,1,0,data1515,lya,150
162.1619479582395,1065.0964157265255,8,1,1,0,data1515,lya,150
202.19815475816176,1081.6329133309087,9,4,1,0,data1515,lya,150
262.24110188955507,1099.7810575405267,11,1,1,0,data1515,lya,150
282.26471231261775,1110.6360824859164,12,2,1,0,data1515,lya,150
292.28984528792944,1122.8351772849317,13,1,1,0,data1515,lya,150
302.33267267687523,1141.5716453105479,14,1,1,0,data1515,lya,150
312.37159187020836,1159.623496637715,15,1,1,0,data1515,lya,150
322.40784661793106,1174.5189886678943,16,1,1,0,data1515,lya,150
392.4546769803378,1195.9073131468365,18,2,1,0,data1515,lya,150
402.4803704244047,1207.9494562026573,19,1,1,0,data1515,lya,150
462.51296808988053,1221.9384929404878,21,1,1,0,data1515,lya,150
482.5442250865518,1235.8500869243517,22,2,1,0,data1515,lya,150
492.585767124918,1256.3439711842875,23,1,1,0,data1515,lya,150
502.6251674978412,1275.4710529292277,24,1,1,0,data1515,lya,150
522.664859562295,1294.5386011092307,25,2,1,0,data1515,lya,150
582.6993405081939,1309.6436203173946,27,1,1,0,data1515,lya,150
632.7409286736219,1328.0533851738694,28,5,1,0,data1515,lya,150
652.7691840709291,1341.5020513909021,29,2,1,0,data1515,lya,150
712.8048171006409,1355.8513361190637,31,1,1,0,data1515,lya,150
782.8477907241302,1373.8271212462482,33,2,1,0,data1515,lya,150
813.4656332481668,1681.0011192247039,34,3,1,0,data1515,lya,150
833.5197116850139,1706.4630556031311,35,2,1,0,data1515,lya,150
863.5410359730529,1716.4329686956326,36,3,1,0,data1515,lya,150
883.5600611979501,1725.362025631694,37,2,1,0,data1515,lya,150
913.6024218642583,1746.1525799991944,38,3,1,0,data1515,lya,150
933.6430190501554,1765.110893469009,39,2,1,0,data1515,lya,150
993.683154440974,1783.2526210153303,41,1,1,0,data1515,lya,150
1003.7153979123809,1798.1913871510958,42,1,1,0,data1515,lya,150
1063.7490266078223,1813.5704099420643,44,1,1,0,data1515,lya,150
1123.794038569548,1833.446008609153,46,1,1,0,data1515,lya,150
1133.8248423726066,1847.7107217016423,47,1,1,0,data1515,lya,150
1143.8522549370298,1858.5832357176798,48,1,1,0,data1515,lya,150
1153.880608513596,1871.9763065094148,49,1,1,0,data1515,lya,150
1203.9167746122,1889.040963780793,50,5,1,0,data1515,lya,150
1213.9444954886787,1901.222341016773,51,1,1,0,data1515,lya,150
1223.9684508360433,1912.111239038941,52,1,1,0,data1515,lya,150
1254.0042705613475,1928.3296750964005,53,3,1,0,data1515,lya,150
1264.0376055419292,1944.554507951944,54,1,1,0,data1515,lya,150
1274.0653057332995,1957.0197920750884,55,1,1,0,data1515,lya,150
1294.0941505456688,1969.6646005469968,56,2,1,0,data1515,lya,150
1324.1278582835628,1985.824850233785,57,3,1,0,data1515,lya,150
1334.1479811834283,1993.5844285262983,58,1,1,0,data1515,lya,150
1354.1669732541,2001.5471096544156,59,2,1,0,data1515,lya,150
1364.191588277565,2012.9548885481533,60,1,1,0,data1515,lya,150
1414.2206934695666,2026.887652789594,61,5,1,0,data1515,lya,150
1434.256126695205,2043.4421906175842,62,2,1,0,data1515,lya,150
1454.3055673611732,2065.818971702332,63,2,1,0,data1515,lya,150
1484.3446218109445,2085.107269818342,64,3,1,0,data1515,lya,150
1504.3759100436052,2099.307577168525,65,2,1,0,data1515,lya,150
1524.4102292376401,2114.2124961290115,66,2,1,0,data1515,lya,150
1544.4359987179928,2124.199849305822,67,2,1,0,data1515,lya,150
1575.2468298513588,2528.7245652729557,68,3,1,0,data1515,lya,150
1585.2762531681549,2542.281272078355,69,1,1,0,data1515,lya,150
1595.3128950461844,2558.8948648800456,70,1,1,0,data1515,lya,150
1606.1464177703483,2974.2620953306578,71,1,1,0,data1515,lya,150
1676.153522942518,2974.2620953306578,73,2,0,1,data1515,lya,150
1686.1851839539854,2988.7182945883733,74,1,1,0,data1515,lya,150
1696.2260262402822,3005.726853198868,75,1,1,0,data1515,lya,150
1716.2291219663375,3005.726853198868,76,2,0,1,data1515,lya,150
1736.259124354576,3018.7207508394386,77,2,1,0,data1515,lya,150
1756.2608728945183,3018.7207508394386,78,2,0,1,data1515,lya,150
1776.295343144396,3033.7837128433475,79,2,1,0,data1515,lya,150
1786.3299108229112,3049.2720933360915,80,1,1,0,data1515,lya,150
1797.3878690964023,3577.041111137756,81,1,1,0,data1515,lya,150
1817.4203946475573,3592.1636620090508,82,2,1,0,data1515,lya,150
1827.4616320444732,3609.6536534652782,83,1,1,0,data1515,lya,150
1847.4656281109671,3609.6536534652782,84,2,0,1,data1515,lya,150
1857.5075497999949,3629.4500075957044,85,1,1,0,data1515,lya,150
1867.5607932451653,3655.2159198832624,86,1,1,0,data1515,lya,150
1877.5893757991355,3666.379182068822,87,1,1,0,data1515,lya,150
1897.633154989159,3685.7407852524257,88,2,1,0,data1515,lya,150
1907.6658059597592,3701.6574952811175,89,1,1,0,data1515,lya,150
1917.72036863902,3727.6065099472057,90,1,1,0,data1515,lya,150
1927.7428659744176,3738.56501852043,91,1,1,0,data1515,lya,150
1937.7669104056072,3749.3664093095263,92,1,1,0,data1515,lya,150
1947.7948737993652,3761.3694460823062,93,1,1,0,data1515,lya,150
1997.8087355112427,3766.3694460823062,94,5,1,0,data1515,lya,150
2057.8400736175427,3777.573782774538,96,1,1,0,data1515,lya,150
2077.8751036994913,3793.325751706919,97,2,1,0,data1515,lya,150
2087.9147183749897,3810.034531585805,98,1,1,0,data1515,lya,150
2097.96570411999,3834.415385781884,99,1,1,0,data1515,lya,150
2118.00871841262,3854.1675049728146,100,2,1,0,data1515,lya,150
2128.0370379820793,3866.2829866945026,101,1,1,0,data1515,lya,150
2138.0604323619605,3876.7909133377607,102,1,1,0,data1515,lya,150
2178.0973187957925,3894.250509195293,103,4,1,0,data1515,lya,150
2188.1149826612173,3902.64934316019,104,1,1,0,data1515,lya,150
2198.1666514222175,3926.8066369894614,105,1,1,0,data1515,lya,150
2248.2121190033176,3947.703837593068,106,5,1,0,data1515,lya,150
2258.8908183039134,4285.685294099653,107,1,1,0,data1515,lya,150
2278.911884025623,4292.119621454199,108,2,1,0,data1515,lya,150
2288.962174051186,4313.888983325026,109,1,1,0,data1515,lya,150
2298.993674427337,4328.3162840987625,110,1,1,0,data1515,lya,150
2329.0395213829383,4349.50536565863,111,3,1,0,data1515,lya,150
2379.0560960500243,4356.533227364658,112,5,1,0,data1515,lya,150
2389.0822878546082,4368.536352249889,113,1,1,0,data1515,lya,150
2399.118972719003,4383.5625707484805,114,1,1,0,data1515,lya,150
2429.1550192055183,4398.7974737173045,115,3,1,0,data1515,lya,150
2439.1835373813974,4411.547146359908,116,1,1,0,data1515,lya,150
2449.2228770636393,4429.6613960216455,117,1,1,0,data1515,lya,150
2459.247027031329,4439.323293874732,118,1,1,0,data1515,lya,150
2469.278077072747,4453.611396449626,119,1,1,0,data1515,lya,150
2479.315036510763,4469.212874608185,120,1,1,0,data1515,lya,150
2489.35311346163,4486.785068778479,121,1,1,0,data1515,lya,150
2499.3917994899584,4505.343143168924,122,1,1,0,data1515,lya,150
10.034643971285647,16.404959338675162,0,1,1,0,data1516,baseline,150
41.1561840163419,574.2818306668798,1,3,1,0,data1516,baseline,150
51.185578807459535,588.2412194150935,2,1,1,0,data1516,baseline,150
101.9275697414994,957.9166077205078,3,5,1,0,data1516,baseline,150
121.95609145652548,969.9697839357868,4,2,1,0,data1516,baseline,150
131.99679451047064,989.217794420892,5,1,1,0,data1516,baseline,150
212.82638543090155,1403.7383526310769,6,8,1,0,data1516,baseline,150
222.85218626737392,1415.2738046547736,7,1,1,0,data1516,baseline,150
232.89430187561064,1434.7718040319398,8,1,1,0,data1516,baseline,150
342.93074671371687,1451.308301636323,9,11,1,0,data1516,baseline,150
452.97050975301653,1470.3726122305177,10,11,1,0,data1516,baseline,150
473.0109529190759,1488.5207564401358,11,2,1,0,data1516,baseline,150
563.0384037474853,1499.3757813855254,12,9,1,0,data1516,baseline,150
573.0650600237624,1511.5748761845407,13,1,1,0,data1516,baseline,150
603.1063940430661,1530.311344210157,14,3,1,0,data1516,baseline,150
633.144640831953,1548.3631955373241,15,3,1,0,data1516,baseline,150
663.1766789228872,1563.2586875675033,16,3,1,0,data1516,baseline,150
833.2094444655701,1578.8453244840473,17,17,1,0,data1516,baseline,150
853.2543110651028,1600.2336489629895,18,2,1,0,data1516,baseline,150
883.2835440299235,1612.2757920188103,19,3,1,0,data1516,baseline,150
923.3221067889546,1630.0112789246605,20,4,1,0,data1516,baseline,150
933.3536011711044,1644.000315662491,21,1,1,0,data1516,baseline,150
943.3845667507545,1657.9119096463548,22,1,1,0,data1516,baseline,150
963.4314136937492,1678.4057939062907,23,2,1,0,data1516,baseline,150
993.4752416829674,1697.5328756512308,24,3,1,0,data1516,baseline,150
1023.5135198111594,1716.600423831234,25,3,1,0,data1516,baseline,150
1044.3346966198023,2126.4008636983954,26,2,1,0,data1516,baseline,150
1104.3689058225746,2141.5058829065592,27,6,1,0,data1516,baseline,150
1164.4061413111617,2159.915647763034,28,6,1,0,data1516,baseline,150
1184.4391339577019,2173.3643139800665,29,2,1,0,data1516,baseline,150
1355.2932641839652,2598.6151921145656,30,17,1,0,data1516,baseline,150
1365.3256317996686,2612.964476842727,31,1,1,0,data1516,baseline,150
1446.2113219081327,3053.9997769060465,32,8,1,0,data1516,baseline,150
1456.251722797777,3071.975562033231,33,1,1,0,data1516,baseline,150
1496.8685740944175,3379.149560011687,34,4,1,0,data1516,baseline,150
1516.9235665645447,3404.611496390114,35,2,1,0,data1516,baseline,150
1536.9473888032715,3414.5814094826155,36,2,1,0,data1516,baseline,150
1676.9690306036666,3423.510466418677,37,14,1,0,data1516,baseline,150
1707.0114338179728,3444.301020786177,38,3,1,0,data1516,baseline,150
1717.0508484672705,3463.2593342559917,39,1,1,0,data1516,baseline,150
1777.0910064484149,3481.3799333412526,40,6,1,0,data1516,baseline,150
1787.130902165828,3499.521660887574,41,1,1,0,data1516,baseline,150
1797.1664254597526,3514.4604270233394,42,1,1,0,data1516,baseline,150
2017.204891395434,3529.839449814308,44,2,1,0,data1516,baseline,150
2088.0136021823373,3933.9068553452003,45,7,1,0,data1516,baseline,150
2108.0561704893757,3953.7824540122892,46,2,1,0,data1516,baseline,150
2138.088913388791,3968.0471671047785,47,3,1,0,data1516,baseline,150
2148.1116698974824,3978.9196811208158,48,1,1,0,data1516,baseline,150
2168.1415103415898,3992.312751912551,49,2,1,0,data1516,baseline,150
2188.1790184868955,4009.377409183929,50,2,1,0,data1516,baseline,150
2278.2059380194514,4021.558786419909,51,9,1,0,data1516,baseline,150
2308.232150856233,4032.447684442077,52,3,1,0,data1516,baseline,150
2318.2672406828237,4048.6661204995366,53,1,1,0,data1516,baseline,150
2328.304221116286,4064.8909533550805,54,1,1,0,data1516,baseline,150
2358.331183388379,4077.356237478225,55,3,1,0,data1516,baseline,150
2378.358717190139,4090.001045950133,56,2,1,0,data1516,baseline,150
2418.396020120571,4106.161295636922,57,4,1,0,data1516,baseline,150
2468.413848004986,4113.920873929435,58,5,1,0,data1516,baseline,150
2478.4315259637306,4121.883555057552,59,1,1,0,data1516,baseline,150
2498.4607691926426,4133.29133395129,60,2,1,0,data1516,baseline,150
20.034643971285647,16.404959338675162,0,2,1,0,data1516,lya,150
31.156184016341903,574.2818306668798,1,1,1,0,data1516,lya,150
41.18557880745954,588.2412194150935,2,1,1,0,data1516,lya,150
101.21674067991464,600.2943956303725,4,1,1,0,data1516,lya,150
121.2574437338598,619.5424061154777,5,2,1,0,data1516,lya,150
142.0870346542907,1034.0629643256625,6,2,1,0,data1516,lya,150
152.11283549076308,1045.5984163493592,7,1,1,0,data1516,lya,150
162.1549510989998,1065.0964157265255,8,1,1,0,data1516,lya,150
202.191395937106,1081.6329133309087,9,4,1,0,data1516,lya,150
262.23347352127666,1099.7810575405267,11,1,1,0,data1516,lya,150
282.2609243496861,1110.6360824859164,12,2,1,0,data1516,lya,150
292.2875806259632,1122.8351772849317,13,1,1,0,data1516,lya,150
302.3289146452669,1141.5716453105479,14,1,1,0,data1516,lya,150
312.36716143415373,1159.623496637715,15,1,1,0,data1516,lya,150
322.3991995250879,1174.5189886678943,16,1,1,0,data1516,lya,150
392.44565839347035,1195.9073131468365,18,2,1,0,data1516,lya,150
402.47489135829113,1207.9494562026573,19,1,1,0,data1516,lya,150
462.5094775256604,1221.9384929404878,21,1,1,0,data1516,lya,150
482.5404431053104,1235.8500869243517,22,2,1,0,data1516,lya,150
492.58729004830496,1256.3439711842875,23,1,1,0,data1516,lya,150
502.63111803752315,1275.4710529292277,24,1,1,0,data1516,lya,150
522.6693961657153,1294.5386011092307,25,2,1,0,data1516,lya,150
582.7051812973962,1309.6436203173946,27,1,1,0,data1516,lya,150
632.7424167859833,1328.0533851738694,28,5,1,0,data1516,lya,150
652.7754094325232,1341.5020513909021,29,2,1,0,data1516,lya,150
712.8114055182209,1355.8513361190637,31,1,1,0,data1516,lya,150
782.8554259162025,1373.8271212462482,33,2,1,0,data1516,lya,150
813.472277212843,1681.0011192247039,34,3,1,0,data1516,lya,150
833.5272696829702,1706.4630556031311,35,2,1,0,data1516,lya,150
863.5510919216971,1716.4329686956326,36,3,1,0,data1516,lya,150
883.5727337220923,1725.362025631694,37,2,1,0,data1516,lya,150
913.6151369363984,1746.1525799991944,38,3,1,0,data1516,lya,150
933.6545515856959,1765.110893469009,39,2,1,0,data1516,lya,150
993.6983640860831,1783.2526210153303,41,1,1,0,data1516,lya,150
1003.7338873800078,1798.1913871510958,42,1,1,0,data1516,lya,150
1063.7723533156893,1813.5704099420643,44,1,1,0,data1516,lya,150
1123.8154975985692,1833.446008609153,46,1,1,0,data1516,lya,150
1133.8482404979845,1847.7107217016423,47,1,1,0,data1516,lya,150
1143.8709970066764,1858.5832357176798,48,1,1,0,data1516,lya,150
1153.9008374507832,1871.9763065094148,49,1,1,0,data1516,lya,150
1203.938345596089,1889.040963780793,50,5,1,0,data1516,lya,150
1213.9652651286447,1901.222341016773,51,1,1,0,data1516,lya,150
1223.9914779654264,1912.111239038941,52,1,1,0,data1516,lya,150
1254.026567792017,1928.3296750964005,53,3,1,0,data1516,lya,150
1264.0635482254788,1944.554507951944,54,1,1,0,data1516,lya,150
1274.0905104975716,1957.0197920750884,55,1,1,0,data1516,lya,150
1294.1180442993318,1969.6646005469968,56,2,1,0,data1516,lya,150
1324.1553472297635,1985.824850233785,57,3,1,0,data1516,lya,150
1334.1731751141783,1993.5844285262983,58,1,1,0,data1516,lya,150
1354.1908530729227,2001.5471096544156,59,2,1,0,data1516,lya,150
1364.2200963018347,2012.9548885481533,60,1,1,0,data1516,lya,150
1414.2553350795451,2026.887652789594,61,5,1,0,data1516,lya,150
1434.296551056188,2043.4421906175842,62,2,1,0,data1516,lya,150
1454.3460115466307,2065.818971702332,63,2,1,0,data1516,lya,150
1484.3883351142415,2085.107269818342,64,3,1,0,data1516,lya,150
1504.420485460917,2099.307577168525,65,2,1,0,data1516,lya,150
1524.453155693568,2114.2124961290115,66,2,1,0,data1516,lya,150
1544.4735934600826,2124.199849305822,67,2,1,0,data1516,lya,150
1575.2844312863833,2528.7245652729557,68,3,1,0,data1516,lya,150
1585.312917320518,2542.281272078355,69,1,1,0,data1516,lya,150
1595.3478066417665,2558.8948648800456,70,1,1,0,data1516,lya,150
1606.1815218435856,2974.2620953306578,71,1,1,0,data1516,lya,150
1676.187381296903,2974.2620953306578,73,2,0,1,data1516,lya,150
1686.220933678135,2988.7182945883733,74,1,1,0,data1516,lya,150
1696.2590658331505,3005.726853198868,75,1,1,0,data1516,lya,150
1716.261940063434,3005.726853198868,76,2,0,1,data1516,lya,150
1736.2922858294542,3018.7207508394386,77,2,1,0,data1516,lya,150
1756.294783640182,3018.7207508394386,78,2,0,1,data1516,lya,150
1776.3268886017975,3033.7837128433475,79,2,1,0,data1516,lya,150
1786.3637074249575,3049.2720933360915,80,1,1,0,data1516,lya,150
1797.4213432607808,3577.041111137756,81,1,1,0,data1516,lya,150
1817.455546301409,3592.1636620090508,82,2,1,0,data1516,lya,150
1827.4953746702106,3609.6536534652782,83,1,1,0,data1516,lya,150
1847.4980615502066,3609.6536534652782,84,2,0,1,data1516,lya,150
1857.543928828746,3629.4500075957044,85,1,1,0,data1516,lya,150
1867.600174653967,3655.2159198832624,86,1,1,0,data1516,lya,150
1877.6254621537437,3666.379182068822,87,1,1,0,data1516,lya,150
1897.6707701833495,3685.7407852524257,88,2,1,0,data1516,lya,150
1907.7059516808167,3701.6574952811175,89,1,1,0,data1516,lya,150
1917.7612254524722,3727.6065099472057,90,1,1,0,data1516,lya,150
1927.784787851156,3738.56501852043,91,1,1,0,data1516,lya,150
1937.8091263574004,3749.3664093095263,92,1,1,0,data1516,lya,150
1947.8358998026615,3761.3694460823062,93,1,1,0,data1516,lya,150
1997.8488539700409,3766.3694460823062,94,5,1,0,data1516,lya,150
2057.87380194373,3777.573782774538,96,1,1,0,data1516,lya,150
2077.910484400574,3793.325751706919,97,2,1,0,data1516,lya,150
2087.9464912469907,3810.034531585805,98,1,1,0,data1516,lya,150
2097.996339635476,3834.415385781884,99,1,1,0,data1516,lya,150
2118.0377867038173,3854.1675049728146,100,2,1,0,data1516,lya,150
2128.0652214914307,3866.2829866945026,101,1,1,0,data1516,lya,150
2138.0874020934884,3876.7909133377607,102,1,1,0,data1516,lya,150
2178.1237608975143,3894.250509195293,103,4,1,0,data1516,lya,150
2188.14344136293,3902.64934316019,104,1,1,0,data1516,lya,150
2198.1938509203273,3926.8066369894614,105,1,1,0,data1516,lya,150
2248.2394997520623,3947.703837593068,106,5,1,0,data1516,lya,150
2258.918055152453,4285.685294099653,107,1,1,0,data1516,lya,150
2278.9366797230373,4292.119621454199,108,2,1,0,data1516,lya,150
2288.9840616771403,4313.888983325026,109,1,1,0,data1516,lya,150
2299.0161171023733,4328.3162840987625,110,1,1,0,data1516,lya,150
2329.061245235828,4349.50536565863,111,3,1,0,data1516,lya,150
2379.078762283512,4356.533227364658,112,5,1,0,data1516,lya,150
2389.106207576391,4368.536352249889,113,1,1,0,data1516,lya,150
2399.137426691384,4383.5625707484805,114,1,1,0,data1516,lya,150
2429.169007987549,4398.7974737173045,115,3,1,0,data1516,lya,150
2439.19522026821,4411.547146359908,116,1,1,0,data1516,lya,150
2449.2362242496015,4429.6613960216455,117,1,1,0,data1516,lya,150
2459.259619392765,4439.323293874732,118,1,1,0,data1516,lya,150
2469.2921764689268,4453.611396449626,119,1,1,0,data1516,lya,150
2479.3295753622237,4469.212874608185,120,1,1,0,data1516,lya,150
2489.3652104473163,4486.785068778479,121,1,1,0,data1516,lya,150
2499.40535809888,4505.343143168924,122,1,1,0,data1516,lya,150
10.03635177732642,16.404959338675162,0,1,1,0,data1517,baseline,150
41.15452108507717,574.2818306668798,1,3,1,0,data1517,baseline,150
51.18475930492092,588.2412194150935,2,1,1,0,data1517,baseline,150
101.92556682138927,957.9166077205078,3,5,1,0,data1517,baseline,150
121.952727328044,969.9697839357868,4,2,1,0,data1517,baseline,150
131.99769025350787,989.217794420892,5,1,1,0,data1517,baseline,150
212.83230031208205,1403.7383526310769,6,8,1,0,data1517,baseline,150
222.85802634870618,1415.2738046547736,7,1,1,0,data1517,baseline,150
232.89878566969,1434.7718040319398,8,1,1,0,data1517,baseline,150
342.93326872634606,1451.308301636323,9,11,1,0,data1517,baseline,150
452.97450841732353,1470.3726122305177,10,11,1,0,data1517,baseline,150
473.01318361268716,1488.5207564401358,11,2,1,0,data1517,baseline,150
563.0361853231651,1499.3757813855254,12,9,1,0,data1517,baseline,150
573.0629095689948,1511.5748761845407,13,1,1,0,data1517,baseline,150
603.1022024633862,1530.311344210157,14,3,1,0,data1517,baseline,150
633.1399188409001,1548.3631955373241,15,3,1,0,data1517,baseline,150
663.1751479235494,1563.2586875675033,16,3,1,0,data1517,baseline,150
833.210618358364,1578.8453244840473,17,17,1,0,data1517,baseline,150
853.2542657729992,1600.2336489629895,18,2,1,0,data1517,baseline,150
883.280582980566,1612.2757920188103,19,3,1,0,data1517,baseline,150
923.3219172260327,1630.0112789246605,20,4,1,0,data1517,baseline,150
933.3553279964558,1644.000315662491,21,1,1,0,data1517,baseline,150
943.387268866949,1657.9119096463548,22,1,1,0,data1517,baseline,150
963.4289645986264,1678.4057939062907,23,2,1,0,data1517,baseline,150
993.4709709103677,1697.5328756512308,24,3,1,0,data1517,baseline,150
1023.512693219076,1716.600423831234,25,3,1,0,data1517,baseline,150
1044.3382010164255,2126.4008636983954,26,2,1,0,data1517,baseline,150
1104.3722096014615,2141.5058829065592,27,6,1,0,data1517,baseline,150
1164.4107890119724,2159.915647763034,28,6,1,0,data1517,baseline,150
1184.441169784327,2173.3643139800665,29,2,1,0,data1517,baseline,150
1355.2929634708817,2598.6151921145656,30,17,1,0,data1517,baseline,150
1365.3266049151134,2612.964476842727,31,1,1,0,data1517,baseline,150
1446.2126513519097,3053.9997769060465,32,8,1,0,data1517,baseline,150
1456.2492233095027,3071.975562033231,33,1,1,0,data1517,baseline,150
1496.8674678064606,3379.149560011687,34,4,1,0,data1517,baseline,150
1516.9231418310435,3404.611496390114,35,2,1,0,data1517,baseline,150
1536.9451955424295,3414.5814094826155,36,2,1,0,data1517,baseline,150
1676.965824214175,3423.510466418677,37,14,1,0,data1517,baseline,150
1707.0107058122317,3444.301020786177,38,3,1,0,data1517,baseline,150
1717.0538424974557,3463.2593342559917,39,1,1,0,data1517,baseline,150
1777.0934516990778,3481.3799333412526,40,6,1,0,data1517,baseline,150
1787.1328511779898,3499.521660887574,41,1,1,0,data1517,baseline,150
1797.1656154707766,3514.4604270233394,42,1,1,0,data1517,baseline,150
2017.2086955763089,3529.839449814308,44,2,1,0,data1517,baseline,150
2088.019772549962,3933.9068553452003,45,7,1,0,data1517,baseline,150
2108.0609247929237,3953.7824540122892,46,2,1,0,data1517,baseline,150
2138.0905312350696,3968.0471671047785,47,3,1,0,data1517,baseline,150
2148.1152432508807,3978.9196811208158,48,1,1,0,data1517,baseline,150
2168.1429739578894,3992.312751912551,49,2,1,0,data1517,baseline,150
2188.17847413819,4009.377409183929,50,2,1,0,data1517,baseline,150
2278.2039488294404,4021.558786419909,51,9,1,0,data1517,baseline,150
2308.227610725374,4032.447684442077,52,3,1,0,data1517,baseline,150
2318.2614579012948,4048.6661204995366,53,1,1,0,data1517,baseline,150
2328.295907928869,4064.8909533550805,54,1,1,0,data1517,baseline,150
2358.322272974777,4077.356237478225,55,3,1,0,data1517,baseline,150
2378.3497242409812,4090.001045950133,56,2,1,0,data1517,baseline,150
2418.3865993615523,4106.161295636922,57,4,1,0,data1517,baseline,150
2468.4063695732125,4113.920873929435,58,5,1,0,data1517,baseline,150
2478.4248600773544,4121.883555057552,59,1,1,0,data1517,baseline,150
2498.449015798333,4133.29133395129,60,2,1,0,data1517,baseline,150
20.03635177732642,16.404959338675162,0,2,1,0,data1517,lya,150
31.15452108507717,574.2818306668798,1,1,1,0,data1517,lya,150
41.18475930492091,588.2412194150935,2,1,1,0,data1517,lya,150
101.21337655143316,600.2943956303725,4,1,1,0,data1517,lya,150
121.25833947689702,619.5424061154777,5,2,1,0,data1517,lya,150
142.0929495354712,1034.0629643256625,6,2,1,0,data1517,lya,150
152.11867557209533,1045.5984163493592,7,1,1,0,data1517,lya,150
162.15943489307915,1065.0964157265255,8,1,1,0,data1517,lya,150
202.19391794973515,1081.6329133309087,9,4,1,0,data1517,lya,150
262.23570421488785,1099.7810575405267,11,1,1,0,data1517,lya,150
282.2587059253658,1110.6360824859164,12,2,1,0,data1517,lya,150
292.28543017119546,1122.8351772849317,13,1,1,0,data1517,lya,150
302.3247230655869,1141.5716453105479,14,1,1,0,data1517,lya,150
312.36243944310075,1159.623496637715,15,1,1,0,data1517,lya,150
322.39766852575,1174.5189886678943,16,1,1,0,data1517,lya,150
392.44561310136675,1195.9073131468365,18,2,1,0,data1517,lya,150
402.47193030893357,1207.9494562026573,19,1,1,0,data1517,lya,150
462.5112043510116,1221.9384929404878,21,1,1,0,data1517,lya,150
482.54314522150474,1235.8500869243517,22,2,1,0,data1517,lya,150
492.5848409531822,1256.3439711842875,23,1,1,0,data1517,lya,150
502.6268472649234,1275.4710529292277,24,1,1,0,data1517,lya,150
522.6685695736318,1294.5386011092307,25,2,1,0,data1517,lya,150
582.7084850762831,1309.6436203173946,27,1,1,0,data1517,lya,150
632.7470644867939,1328.0533851738694,28,5,1,0,data1517,lya,150
652.7774452591484,1341.5020513909021,29,2,1,0,data1517,lya,150
712.8123786336655,1355.8513361190637,31,1,1,0,data1517,lya,150
782.8529264279284,1373.8271212462482,33,2,1,0,data1517,lya,150
813.4711709248862,1681.0011192247039,34,3,1,0,data1517,lya,150
833.526844949469,1706.4630556031311,35,2,1,0,data1517,lya,150
863.5488986608549,1716.4329686956326,36,3,1,0,data1517,lya,150
883.5695273326004,1725.362025631694,37,2,1,0,data1517,lya,150
913.6144089306571,1746.1525799991944,38,3,1,0,data1517,lya,150
933.6575456158811,1765.110893469009,39,2,1,0,data1517,lya,150
993.7003130982446,1783.2526210153303,41,1,1,0,data1517,lya,150
1003.7330773910313,1798.1913871510958,42,1,1,0,data1517,lya,150
1063.7761574965634,1813.5704099420643,44,1,1,0,data1517,lya,150
1123.820251902116,1833.446008609153,46,1,1,0,data1517,lya,150
1133.849858344262,1847.7107217016423,47,1,1,0,data1517,lya,150
1143.8745703600728,1858.5832357176798,48,1,1,0,data1517,lya,150
1153.9023010670815,1871.9763065094148,49,1,1,0,data1517,lya,150
1203.9378012473817,1889.040963780793,50,5,1,0,data1517,lya,150
1213.9632759386323,1901.222341016773,51,1,1,0,data1517,lya,150
1223.9869378345657,1912.111239038941,52,1,1,0,data1517,lya,150
1254.0207850104864,1928.3296750964005,53,3,1,0,data1517,lya,150
1264.0552350380603,1944.554507951944,54,1,1,0,data1517,lya,150
1274.0816000839684,1957.0197920750884,55,1,1,0,data1517,lya,150
1294.1090513501726,1969.6646005469968,56,2,1,0,data1517,lya,150
1324.1459264707435,1985.824850233785,57,3,1,0,data1517,lya,150
1334.1656966824037,1993.5844285262983,58,1,1,0,data1517,lya,150
1354.1841871865454,2001.5471096544156,59,2,1,0,data1517,lya,150
1364.2083429075244,2012.9548885481533,60,1,1,0,data1517,lya,150
1414.237167611519,2026.887652789594,61,5,1,0,data1517,lya,150
1434.2738434436628,2043.4421906175842,62,2,1,0,data1517,lya,150
1454.3231541743976,2065.818971702332,63,2,1,0,data1517,lya,150
1484.3644510346335,2085.107269818342,64,3,1,0,data1517,lya,150
1504.3932802438392,2099.307577168525,65,2,1,0,data1517,lya,150
1524.4271893376451,2114.2124961290115,66,2,1,0,data1517,lya,150
1544.4501054125685,2124.199849305822,67,2,1,0,data1517,lya,150
1575.2609190548765,2528.7245652729557,68,3,1,0,data1517,lya,150
1585.2919037813153,2542.281272078355,69,1,1,0,data1517,lya,150
1595.3288919613085,2558.8948648800456,70,1,1,0,data1517,lya,150
1606.1612698398026,2974.2620953306578,71,1,1,0,data1517,lya,150
1676.1665939900852,2974.2620953306578,73,2,0,1,data1517,lya,150
1686.2001236288033,2988.7182945883733,74,1,1,0,data1517,lya,150
1696.2391765360528,3005.726853198868,75,1,1,0,data1517,lya,150
1716.240806546019,3005.726853198868,76,2,0,1,data1517,lya,150
1736.2728991063698,3018.7207508394386,77,2,1,0,data1517,lya,150
1756.2755529595577,3018.7207508394386,78,2,0,1,data1517,lya,150
1776.3088090081587,3033.7837128433475,79,2,1,0,data1517,lya,150
1786.3416159917551,3049.2720933360915,80,1,1,0,data1517,lya,150
1797.3986279513092,3577.041111137756,81,1,1,0,data1517,lya,150
1817.4311345557844,3592.1636620090508,82,2,1,0,data1517,lya,150
1827.468299333201,3609.6536534652782,83,1,1,0,data1517,lya,150
1847.4702010505307,3609.6536534652782,84,2,0,1,data1517,lya,150
1857.5103554370803,3629.4500075957044,85,1,1,0,data1517,lya,150
1867.562812838612,3655.2159198832624,86,1,1,0,data1517,lya,150
1877.5861893940123,3666.379182068822,87,1,1,0,data1517,lya,150
1897.6256542135468,3685.7407852524257,88,2,1,0,data1517,lya,150
1907.661973391039,3701.6574952811175,89,1,1,0,data1517,lya,150
1917.715197239682,3727.6065099472057,90,1,1,0,data1517,lya,150
1927.7379689805048,3738.56501852043,91,1,1,0,data1517,lya,150
1937.760187970607,3749.3664093095263,92,1,1,0,data1517,lya,150
1947.7871529865586,3761.3694460823062,93,1,1,0,data1517,lya,150
1997.8004586226778,3766.3694460823062,94,5,1,0,data1517,lya,150
2057.8277946207027,3777.573782774538,96,1,1,0,data1517,lya,150
2077.8625016112123,3793.325751706919,97,2,1,0,data1517,lya,150
2087.8987257113645,3810.034531585805,98,1,1,0,data1517,lya,150
2097.9515277366963,3834.415385781884,99,1,1,0,data1517,lya,150
2117.9979482129265,3854.1675049728146,100,2,1,0,data1517,lya,150
2128.024777598106,3866.2829866945026,101,1,1,0,data1517,lya,150
2138.0495754872613,3876.7909133377607,102,1,1,0,data1517,lya,150
2178.0875130617014,3894.250509195293,103,4,1,0,data1517,lya,150
2188.111793812356,3902.64934316019,104,1,1,0,data1517,lya,150
2198.169641001935,3926.8066369894614,105,1,1,0,data1517,lya,150
2248.213331821179,3947.703837593068,106,5,1,0,data1517,lya,150
2258.892239340228,4285.685294099653,107,1,1,0,data1517,lya,150
2278.9066553221496,4292.119621454199,108,2,1,0,data1517,lya,150
2288.953927808501,4313.888983325026,109,1,1,0,data1517,lya,150
2298.986889767713,4328.3162840987625,110,1,1,0,data1517,lya,150
2329.030054511097,4349.50536565863,111,3,1,0,data1517,lya,150
2379.045014565092,4356.533227364658,112,5,1,0,data1517,lya,150
2389.0711679655333,4368.536352249889,113,1,1,0,data1517,lya,150
2399.1054883673737,4383.5625707484805,114,1,1,0,data1517,lya,150
2429.1367887149418,4398.7974737173045,115,3,1,0,data1517,lya,150
2439.165615755269,4411.547146359908,116,1,1,0,data1517,lya,150
2449.2068671538987,4429.6613960216455,117,1,1,0,data1517,lya,150
2459.231305895814,4439.323293874732,118,1,1,0,data1517,lya,150
2469.2622180031112,4453.611396449626,119,1,1,0,data1517,lya,150
2479.293938234911,4469.212874608185,120,1,1,0,data1517,lya,150
2489.3331226071505,4486.785068778479,121,1,1,0,data1517,lya,150
2499.3743759351564,4505.343143168924,122,1,1,0,data1517,lya,150
10.0362225183378,16.404959338675162,0,1,1,0,data1518,baseline,150
41.15349882760523,574.2818306668798,1,3,1,0,data1518,baseline,150
51.185327239504645,588.2412194150935,2,1,1,0,data1518,baseline,150
101.93158069765836,957.9166077205078,3,5,1,0,data1518,baseline,150
121.95906645266112,969.9697839357868,4,2,1,0,data1518,baseline,150
132.0027127328367,989.217794420892,5,1,1,0,data1518,baseline,150
212.8337969458872,1403.7383526310769,6,8,1,0,data1518,baseline,150
222.85852526380114,1415.2738046547736,7,1,1,0,data1518,baseline,150
232.8982364501742,1434.7718040319398,8,1,1,0,data1518,baseline,150
342.9348561914639,1451.308301636323,9,11,1,0,data1518,baseline,150
452.977274512923,1470.3726122305177,10,11,1,0,data1518,baseline,150
473.0186062085723,1488.5207564401358,11,2,1,0,data1518,baseline,150
563.042036369381,1499.3757813855254,12,9,1,0,data1518,baseline,150
573.0699726932462,1511.5748761845407,13,1,1,0,data1518,baseline,150
603.1081966459417,1530.311344210157,14,3,1,0,data1518,baseline,150
633.147165295439,1548.3631955373241,15,3,1,0,data1518,baseline,150
663.1809354501319,1563.2586875675033,16,3,1,0,data1518,baseline,150
833.2170980116562,1578.8453244840473,17,17,1,0,data1518,baseline,150
853.2647732203466,1600.2336489629895,18,2,1,0,data1518,baseline,150
883.2924582967742,1612.2757920188103,19,3,1,0,data1518,baseline,150
923.3300457086578,1630.0112789246605,20,4,1,0,data1518,baseline,150
933.3633811174406,1644.000315662491,21,1,1,0,data1518,baseline,150
943.3962252286932,1657.9119096463548,22,1,1,0,data1518,baseline,150
963.4388315826711,1678.4057939062907,23,2,1,0,data1518,baseline,150
993.4778433789629,1697.5328756512308,24,3,1,0,data1518,baseline,150
1023.516391102055,1716.600423831234,25,3,1,0,data1518,baseline,150
1044.3381079361088,2126.4008636983954,26,2,1,0,data1518,baseline,150
1104.3712538666796,2141.5058829065592,27,6,1,0,data1518,baseline,150
1164.4117699776084,2159.915647763034,28,6,1,0,data1518,baseline,150
1184.4406224283841,2173.3643139800665,29,2,1,0,data1518,baseline,150
1355.2917954163718,2598.6151921145656,30,17,1,0,data1518,baseline,150
1365.322603266011,2612.964476842727,31,1,1,0,data1518,baseline,150
1446.2078080900817,3053.9997769060465,32,8,1,0,data1518,baseline,150
1456.2464910382964,3071.975562033231,33,1,1,0,data1518,baseline,150
1496.8642705132006,3379.149560011687,34,4,1,0,data1518,baseline,150
1516.919401450678,3404.611496390114,35,2,1,0,data1518,baseline,150
1536.942530415001,3414.5814094826155,36,2,1,0,data1518,baseline,150
1676.9635947079776,3423.510466418677,37,14,1,0,data1518,baseline,150
1707.0089381320588,3444.301020786177,38,3,1,0,data1518,baseline,150
1717.0487235151122,3463.2593342559917,39,1,1,0,data1518,baseline,150
1777.089660870841,3481.3799333412526,40,6,1,0,data1518,baseline,150
1787.128477158286,3499.521660887574,41,1,1,0,data1518,baseline,150
1797.1589956338505,3514.4604270233394,42,1,1,0,data1518,baseline,150
2017.19661401396,3529.839449814308,44,2,1,0,data1518,baseline,150
2088.0061678617676,3933.9068553452003,45,7,1,0,data1518,baseline,150
2108.047332782987,3953.7824540122892,46,2,1,0,data1518,baseline,150
2138.080273926212,3968.0471671047785,47,3,1,0,data1518,baseline,150
2148.103822002472,3978.9196811208158,48,1,1,0,data1518,baseline,150
2168.133849087799,3992.312751912551,49,2,1,0,data1518,baseline,150
2188.171809121565,4009.377409183929,50,2,1,0,data1518,baseline,150
2278.198034354399,4021.558786419909,51,9,1,0,data1518,baseline,150
2308.223587920221,4032.447684442077,52,3,1,0,data1518,baseline,150
2318.256862279543,4048.6661204995366,53,1,1,0,data1518,baseline,150
2328.2929862270976,4064.8909533550805,54,1,1,0,data1518,baseline,150
2358.319717801955,4077.356237478225,55,3,1,0,data1518,baseline,150
2378.3460566667245,4090.001045950133,56,2,1,0,data1518,baseline,150
2418.3802054328357,4106.161295636922,57,4,1,0,data1518,baseline,150
2468.4015360338594,4113.920873929435,58,5,1,0,data1518,baseline,150
2478.423414863374,4121.883555057552,59,1,1,0,data1518,baseline,150
2498.44800463826,4133.29133395129,60,2,1,0,data1518,baseline,150
20.0362225183378,16.404959338675162,0,2,1,0,data1518,lya,150
31.153498827605233,574.2818306668798,1,1,1,0,data1518,lya,150
41.185327239504645,588.2412194150935,2,1,1,0,data1518,lya,150
101.2197156760503,600.2943956303725,4,1,1,0,data1518,lya,150
121.26336195622588,619.5424061154777,5,2,1,0,data1518,lya,150
142.09444616927638,1034.0629643256625,6,2,1,0,data1518,lya,150
152.11917448719032,1045.5984163493592,7,1,1,0,data1518,lya,150
162.1588856735634,1065.0964157265255,8,1,1,0,data1518,lya,150
202.19550541485307,1081.6329133309087,9,4,1,0,data1518,lya,150
262.24112681077304,1099.7810575405267,11,1,1,0,data1518,lya,150
282.2645569715817,1110.6360824859164,12,2,1,0,data1518,lya,150
292.2924932954469,1122.8351772849317,13,1,1,0,data1518,lya,150
302.33071724814243,1141.5716453105479,14,1,1,0,data1518,lya,150
312.3696858976396,1159.623496637715,15,1,1,0,data1518,lya,150
322.40345605233244,1174.5189886678943,16,1,1,0,data1518,lya,150
392.45612054871395,1195.9073131468365,18,2,1,0,data1518,lya,150
402.4838056251416,1207.9494562026573,19,1,1,0,data1518,lya,150
462.5192574719963,1221.9384929404878,21,1,1,0,data1518,lya,150
482.5521015832489,1235.8500869243517,22,2,1,0,data1518,lya,150
492.5947079372268,1256.3439711842875,23,1,1,0,data1518,lya,150
502.63371973351855,1275.4710529292277,24,1,1,0,data1518,lya,150
522.6722674566105,1294.5386011092307,25,2,1,0,data1518,lya,150
582.707529341501,1309.6436203173946,27,1,1,0,data1518,lya,150
632.7480454524297,1328.0533851738694,28,5,1,0,data1518,lya,150
652.7768979032054,1341.5020513909021,29,2,1,0,data1518,lya,150
712.8083769845632,1355.8513361190637,31,1,1,0,data1518,lya,150
782.8501941567222,1373.8271212462482,33,2,1,0,data1518,lya,150
813.4679736316263,1681.0011192247039,34,3,1,0,data1518,lya,150
833.5231045691036,1706.4630556031311,35,2,1,0,data1518,lya,150
863.5462335334269,1716.4329686956326,36,3,1,0,data1518,lya,150
883.5672978264034,1725.362025631694,37,2,1,0,data1518,lya,150
913.6126412504848,1746.1525799991944,38,3,1,0,data1518,lya,150
933.6524266335381,1765.110893469009,39,2,1,0,data1518,lya,150
993.6959390785414,1783.2526210153303,41,1,1,0,data1518,lya,150
1003.726457554106,1798.1913871510958,42,1,1,0,data1518,lya,150
1063.7640759342155,1813.5704099420643,44,1,1,0,data1518,lya,150
1123.80665989218,1833.446008609153,46,1,1,0,data1518,lya,150
1133.8396010354056,1847.7107217016423,47,1,1,0,data1518,lya,150
1143.8631491116657,1858.5832357176798,48,1,1,0,data1518,lya,150
1153.893176196992,1871.9763065094148,49,1,1,0,data1518,lya,150
1203.9311362307576,1889.040963780793,50,5,1,0,data1518,lya,150
1213.9573614635917,1901.222341016773,51,1,1,0,data1518,lya,150
1223.982915029413,1912.111239038941,52,1,1,0,data1518,lya,150
1254.0161893887353,1928.3296750964005,53,3,1,0,data1518,lya,150
1264.0523133362897,1944.554507951944,54,1,1,0,data1518,lya,150
1274.0790449111469,1957.0197920750884,55,1,1,0,data1518,lya,150
1294.1053837759166,1969.6646005469968,56,2,1,0,data1518,lya,150
1324.1395325420274,1985.824850233785,57,3,1,0,data1518,lya,150
1334.160863143051,1993.5844285262983,58,1,1,0,data1518,lya,150
1354.1827419725653,2001.5471096544156,59,2,1,0,data1518,lya,150
1364.2073317474512,2012.9548885481533,60,1,1,0,data1518,lya,150
1414.2367099066028,2026.887652789594,61,5,1,0,data1518,lya,150
1434.2758314692255,2043.4421906175842,62,2,1,0,data1518,lya,150
1454.3219293475875,2065.818971702332,63,2,1,0,data1518,lya,150
1484.3636006587096,2085.107269818342,64,3,1,0,data1518,lya,150
1504.394550845928,2099.307577168525,65,2,1,0,data1518,lya,150
1524.4273146562498,2114.2124961290115,66,2,1,0,data1518,lya,150
1544.4482837196733,2124.199849305822,67,2,1,0,data1518,lya,150
1575.2593012678801,2528.7245652729557,68,3,1,0,data1518,lya,150
1585.2904979552586,2542.281272078355,69,1,1,0,data1518,lya,150
1595.326108723158,2558.8948648800456,70,1,1,0,data1518,lya,150
1606.1583163533128,2974.2620953306578,71,1,1,0,data1518,lya,150
1676.164225342232,2974.2620953306578,73,2,0,1,data1518,lya,150
1686.1950342890784,2988.7182945883733,74,1,1,0,data1518,lya,150
1696.2320956466726,3005.726853198868,75,1,1,0,data1518,lya,150
1716.241418195394,3005.726853198868,76,2,0,1,data1518,lya,150
1736.2746521729973,3018.7207508394386,77,2,1,0,data1518,lya,150
1756.2792220751085,3018.7207508394386,78,2,0,1,data1518,lya,150
1776.31285541319,3033.7837128433475,79,2,1,0,data1518,lya,150
1786.3488612623546,3049.2720933360915,80,1,1,0,data1518,lya,150
1797.4060422427897,3577.041111137756,81,1,1,0,data1518,lya,150
1817.4408958603112,3592.1636620090508,82,2,1,0,data1518,lya,150
1827.4799268638174,3609.6536534652782,83,1,1,0,data1518,lya,150
1847.482206417415,3609.6536534652782,84,2,0,1,data1518,lya,150
1857.5236938417297,3629.4500075957044,85,1,1,0,data1518,lya,150
1867.5789870585497,3655.2159198832624,86,1,1,0,data1518,lya,150
1877.6083462695776,3666.379182068822,87,1,1,0,data1518,lya,150
1897.647908217204,3685.7407852524257,88,2,1,0,data1518,lya,150
1907.6857535299257,3701.6574952811175,89,1,1,0,data1518,lya,150
1917.7422288857556,3727.6065099472057,90,1,1,0,data1518,lya,150
1927.7652523667198,3738.56501852043,91,1,1,0,data1518,lya,150
1937.7879466734075,3749.3664093095263,92,1,1,0,data1518,lya,150
1947.813446641311,3761.3694460823062,93,1,1,0,data1518,lya,150
1997.8245152073418,3766.3694460823062,94,5,1,0,data1518,lya,150
2057.848236445258,3777.573782774538,96,1,1,0,data1518,lya,150
2077.881360399929,3793.325751706919,97,2,1,0,data1518,lya,150
2087.9166043033706,3810.034531585805,98,1,1,0,data1518,lya,150
2097.9701135373098,3834.415385781884,99,1,1,0,data1518,lya,150
2118.0112946031395,3854.1675049728146,100,2,1,0,data1518,lya,150
2128.0360439685332,3866.2829866945026,101,1,1,0,data1518,lya,150
2138.0653712035323,3876.7909133377607,102,1,1,0,data1518,lya,150
2178.1022018055814,3894.250509195293,103,4,1,0,data1518,lya,150
2188.120686566446,3902.64934316019,104,1,1,0,data1518,lya,150
2198.1708103320684,3926.8066369894614,105,1,1,0,data1518,lya,150
2248.218465160501,3947.703837593068,106,5,1,0,data1518,lya,150
2258.896918618684,4285.685294099653,107,1,1,0,data1518,lya,150
2278.9115810421026,4292.119621454199,108,2,1,0,data1518,lya,150
2288.956927110029,4313.888983325026,109,1,1,0,data1518,lya,150
2298.9906007171858,4328.3162840987625,110,1,1,0,data1518,lya,150
2329.0353241217904,4349.50536565863,111,3,1,0,data1518,lya,150
2379.0503876953712,4356.533227364658,112,5,1,0,data1518,lya,150
2389.077126903554,4368.536352249889,113,1,1,0,data1518,lya,150
2399.109934855708,4383.5625707484805,114,1,1,0,data1518,lya,150
2429.1444401052213,4398.7974737173045,115,3,1,0,data1518,lya,150
2439.173547216891,4411.547146359908,116,1,1,0,data1518,lya,150
2449.211807622808,4429.6613960216455,117,1,1,0,data1518,lya,150
2459.238220952214,4439.323293874732,118,1,1,0,data1518,lya,150
2469.26880621034,4453.611396449626,119,1,1,0,data1518,lya,150
2479.304683517697,4469.212874608185,120,1,1,0,data1518,lya,150
2489.3456908318626,4486.785068778479,121,1,1,0,data1518,lya,150
2499.38344161491,4505.343143168924,122,1,1,0,data1518,lya,150
10.037624990111139,16.404959338675162,0,1,1,0,data1519,baseline,150
41.155795909183325,574.2818306668798,1,3,1,0,data1519,baseline,150
51.19004436653441,588.2412194150935,2,1,1,0,data1519,baseline,150
101.93706322469036,957.9166077205078,3,5,1,0,data1519,baseline,150
121.96872973287344,969.9697839357868,4,2,1,0,data1519,baseline,150
132.0128042123319,989.217794420892,5,1,1,0,data1519,baseline,150
212.84608923290324,1403.7383526310769,6,8,1,0,data1519,baseline,150
222.87139022634906,1415.2738046547736,7,1,1,0,data1519,baseline,150
232.91374038374641,1434.7718040319398,8,1,1,0,data1519,baseline,150
342.951830697929,1451.308301636323,9,11,1,0,data1519,baseline,150
452.99320279567576,1470.3726122305177,10,11,1,0,data1519,baseline,150
473.03454332600285,1488.5207564401358,11,2,1,0,data1519,baseline,150
563.0578564731863,1499.3757813855254,12,9,1,0,data1519,baseline,150
573.0846444936163,1511.5748761845407,13,1,1,0,data1519,baseline,150
603.1252554377592,1530.311344210157,14,3,1,0,data1519,baseline,150
633.1635980659103,1548.3631955373241,15,3,1,0,data1519,baseline,150
663.1963981540773,1563.2586875675033,16,3,1,0,data1519,baseline,150
833.2303407233466,1578.8453244840473,17,17,1,0,data1519,baseline,150
853.2741544883647,1600.2336489629895,18,2,1,0,data1519,baseline,150
883.3010047166305,1612.2757920188103,19,3,1,0,data1519,baseline,150
923.3380367097566,1630.0112789246605,20,4,1,0,data1519,baseline,150
933.3684044242973,1644.000315662491,21,1,1,0,data1519,baseline,150
943.3967886685011,1657.9119096463548,22,1,1,0,data1519,baseline,150
963.4393008392678,1678.4057939062907,23,2,1,0,data1519,baseline,150
993.4794978089872,1697.5328756512308,24,3,1,0,data1519,baseline,150
1023.521417377021,1716.600423831234,25,3,1,0,data1519,baseline,150
1044.344363574559,2126.4008636983954,26,2,1,0,data1519,baseline,150
1104.3766125738935,2141.5058829065592,27,6,1,0,data1519,baseline,150
1164.4168856488461,2159.915647763034,28,6,1,0,data1519,baseline,150
1184.4448303782108,2173.3643139800665,29,2,1,0,data1519,baseline,150
1355.30164162648,2598.6151921145656,30,17,1,0,data1519,baseline,150
1365.3350196603408,2612.964476842727,31,1,1,0,data1519,baseline,150
1446.2185486764101,3053.9997769060465,32,8,1,0,data1519,baseline,150
1456.258001319772,3071.975562033231,33,1,1,0,data1519,baseline,150
1496.8762791744773,3379.149560011687,34,4,1,0,data1519,baseline,150
1516.9323163749423,3404.611496390114,35,2,1,0,data1519,baseline,150
1536.954602903504,3414.5814094826155,36,2,1,0,data1519,baseline,150
1676.9737570772177,3423.510466418677,37,14,1,0,data1519,baseline,150
1707.0171688171724,3444.301020786177,38,3,1,0,data1519,baseline,150
1717.0601104077332,3463.2593342559917,39,1,1,0,data1519,baseline,150
1777.1016188085684,3481.3799333412526,40,6,1,0,data1519,baseline,150
1787.1424343313618,3499.521660887574,41,1,1,0,data1519,baseline,150
1797.1746550593639,3514.4604270233394,42,1,1,0,data1519,baseline,150
2017.2105114916121,3529.839449814308,44,2,1,0,data1519,baseline,150
2088.0201661390674,3933.9068553452003,45,7,1,0,data1519,baseline,150
2108.063401269267,3953.7824540122892,46,2,1,0,data1519,baseline,150
2138.094084876023,3968.0471671047785,47,3,1,0,data1519,baseline,150
2148.1188563910864,3978.9196811208158,48,1,1,0,data1519,baseline,150
2168.151484607195,3992.312751912551,49,2,1,0,data1519,baseline,150
2188.190490332952,4009.377409183929,50,2,1,0,data1519,baseline,150
2278.215671791134,4021.558786419909,51,9,1,0,data1519,baseline,150
2308.240534701165,4032.447684442077,52,3,1,0,data1519,baseline,150
2318.2762540278795,4048.6661204995366,53,1,1,0,data1519,baseline,150
2328.3115397086917,4064.8909533550805,54,1,1,0,data1519,baseline,150
2358.338885203298,4077.356237478225,55,3,1,0,data1519,baseline,150
2378.3663184919296,4090.001045950133,56,2,1,0,data1519,baseline,150
2418.400426352285,4106.161295636922,57,4,1,0,data1519,baseline,150
2468.4199528916497,4113.920873929435,58,5,1,0,data1519,baseline,150
2478.439709403919,4121.883555057552,59,1,1,0,data1519,baseline,150
2498.4676152401803,4133.29133395129,60,2,1,0,data1519,baseline,150
20.03762499011114,16.404959338675162,0,2,1,0,data1519,lya,150
31.15579590918333,574.2818306668798,1,1,1,0,data1519,lya,150
41.19004436653442,588.2412194150935,2,1,1,0,data1519,lya,150
101.22937895626262,600.2943956303725,4,1,1,0,data1519,lya,150
121.27345343572108,619.5424061154777,5,2,1,0,data1519,lya,150
142.1067384562924,1034.0629643256625,6,2,1,0,data1519,lya,150
152.13203944973822,1045.5984163493592,7,1,1,0,data1519,lya,150
162.17438960713557,1065.0964157265255,8,1,1,0,data1519,lya,150
202.21247992131813,1081.6329133309087,9,4,1,0,data1519,lya,150
262.25706392820365,1099.7810575405267,11,1,1,0,data1519,lya,150
282.28037707538715,1110.6360824859164,12,2,1,0,data1519,lya,150
292.307165095817,1122.8351772849317,13,1,1,0,data1519,lya,150
302.3477760399598,1141.5716453105479,14,1,1,0,data1519,lya,150
312.38611866811084,1159.623496637715,15,1,1,0,data1519,lya,150
322.4189187562779,1174.5189886678943,16,1,1,0,data1519,lya,150
392.46550181673217,1195.9073131468365,18,2,1,0,data1519,lya,150
402.492352044998,1207.9494562026573,19,1,1,0,data1519,lya,150
462.52428077885315,1221.9384929404878,21,1,1,0,data1519,lya,150
482.55266502305693,1235.8500869243517,22,2,1,0,data1519,lya,150
492.5951771938236,1256.3439711842875,23,1,1,0,data1519,lya,150
502.63537416354285,1275.4710529292277,24,1,1,0,data1519,lya,150
522.6772937315767,1294.5386011092307,25,2,1,0,data1519,lya,150
582.7128880487151,1309.6436203173946,27,1,1,0,data1519,lya,150
632.7531611236677,1328.0533851738694,28,5,1,0,data1519,lya,150
652.7811058530323,1341.5020513909021,29,2,1,0,data1519,lya,150
712.8207933788932,1355.8513361190637,31,1,1,0,data1519,lya,150
782.8617044381978,1373.8271212462482,33,2,1,0,data1519,lya,150
813.4799822929031,1681.0011192247039,34,3,1,0,data1519,lya,150
833.5360194933679,1706.4630556031311,35,2,1,0,data1519,lya,150
863.5583060219296,1716.4329686956326,36,3,1,0,data1519,lya,150
883.5774601956431,1725.362025631694,37,2,1,0,data1519,lya,150
913.6208719355978,1746.1525799991944,38,3,1,0,data1519,lya,150
933.6638135261585,1765.110893469009,39,2,1,0,data1519,lya,150
993.7098962516166,1783.2526210153303,41,1,1,0,data1519,lya,150
1003.7421169796188,1798.1913871510958,42,1,1,0,data1519,lya,150
1063.7779734118672,1813.5704099420643,44,1,1,0,data1519,lya,150
1123.82272837846,1833.446008609153,46,1,1,0,data1519,lya,150
1133.853411985216,1847.7107217016423,47,1,1,0,data1519,lya,150
1143.8781835002796,1858.5832357176798,48,1,1,0,data1519,lya,150
1153.9108117163878,1871.9763065094148,49,1,1,0,data1519,lya,150
1203.9498174421442,1889.040963780793,50,5,1,0,data1519,lya,150
1213.9749989003262,1901.222341016773,51,1,1,0,data1519,lya,150
1223.9998618103575,1912.111239038941,52,1,1,0,data1519,lya,150
1254.0355811370723,1928.3296750964005,53,3,1,0,data1519,lya,150
1264.0708668178843,1944.554507951944,54,1,1,0,data1519,lya,150
1274.0982123124907,1957.0197920750884,55,1,1,0,data1519,lya,150
1294.1256456011222,1969.6646005469968,56,2,1,0,data1519,lya,150
1324.1597534614777,1985.824850233785,57,3,1,0,data1519,lya,150
1334.1792800008425,1993.5844285262983,58,1,1,0,data1519,lya,150
1354.1990365131117,2001.5471096544156,59,2,1,0,data1519,lya,150
1364.226942349373,2012.9548885481533,60,1,1,0,data1519,lya,150
1414.2593926931927,2026.887652789594,61,5,1,0,data1519,lya,150
1434.2968918510715,2043.4421906175842,62,2,1,0,data1519,lya,150
1454.343915352325,2065.818971702332,63,2,1,0,data1519,lya,150
1484.3840023556256,2085.107269818342,64,3,1,0,data1519,lya,150
1504.414762944097,2099.307577168525,65,2,1,0,data1519,lya,150
1524.4453844917443,2114.2124961290115,66,2,1,0,data1519,lya,150
1544.4705602919755,2124.199849305822,67,2,1,0,data1519,lya,150
1575.2833694888177,2528.7245652729557,68,3,1,0,data1519,lya,150
1585.3130954975798,2542.281272078355,69,1,1,0,data1519,lya,150
1595.3499101736165,2558.8948648800456,70,1,1,0,data1519,lya,150
1606.1826923636024,2974.2620953306578,71,1,1,0,data1519,lya,150
1676.1972756892467,2974.2620953306578,73,2,0,1,data1519,lya,150
1686.2268120924775,2988.7182945883733,74,1,1,0,data1519,lya,150
1696.2624762086937,3005.726853198868,75,1,1,0,data1519,lya,150
1716.264160314896,3005.726853198868,76,2,0,1,data1519,lya,150
1736.2922757709941,3018.7207508394386,77,2,1,0,data1519,lya,150
1756.2939125982948,3018.7207508394386,78,2,0,1,data1519,lya,150
1776.328141905869,3033.7837128433475,79,2,1,0,data1519,lya,150
1786.3605659552475,3049.2720933360915,80,1,1,0,data1519,lya,150
1797.4172352125279,3577.041111137756,81,1,1,0,data1519,lya,150
1817.4490688789008,3592.1636620090508,82,2,1,0,data1519,lya,150
1827.4882920700197,3609.6536534652782,83,1,1,0,data1519,lya,150
1847.4904957620547,3609.6536534652782,84,2,0,1,data1519,lya,150
1857.5318808575792,3629.4500075957044,85,1,1,0,data1519,lya,150
1867.588650795581,3655.2159198832624,86,1,1,0,data1519,lya,150
1877.612175173788,3666.379182068822,87,1,1,0,data1519,lya,150
1897.6568741384463,3685.7407852524257,88,2,1,0,data1519,lya,150
1907.692757476029,3701.6574952811175,89,1,1,0,data1519,lya,150
1917.747333406721,3727.6065099472057,90,1,1,0,data1519,lya,150
1927.7718583541412,3738.56501852043,91,1,1,0,data1519,lya,150
1937.7963370073307,3749.3664093095263,92,1,1,0,data1519,lya,150
1947.821861131907,3761.3694460823062,93,1,1,0,data1519,lya,150
1997.8353014745062,3766.3694460823062,94,5,1,0,data1519,lya,150
2057.8650004365104,3777.573782774538,96,1,1,0,data1519,lya,150
2077.9003602612233,3793.325751706919,97,2,1,0,data1519,lya,150
2087.937147573382,3810.034531585805,98,1,1,0,data1519,lya,150
2097.989395980066,3834.415385781884,99,1,1,0,data1519,lya,150
2118.0300060313166,3854.1675049728146,100,2,1,0,data1519,lya,150
2128.060637045536,3866.2829866945026,101,1,1,0,data1519,lya,150
2138.0833084218593,3876.7909133377607,102,1,1,0,data1519,lya,150
2178.1189949336854,3894.250509195293,103,4,1,0,data1519,lya,150
2188.1424949819293,3902.64934316019,104,1,1,0,data1519,lya,150
2198.1938107028973,3926.8066369894614,105,1,1,0,data1519,lya,150
2248.237254172463,3947.703837593068,106,5,1,0,data1519,lya,150
2258.91627707812,4285.685294099653,107,1,1,0,data1519,lya,150
2278.9324222756113,4292.119621454199,108,2,1,0,data1519,lya,150
2288.9772747973216,4313.888983325026,109,1,1,0,data1519,lya,150
2299.00689188061,4328.3162840987625,110,1,1,0,data1519,lya,150
2329.0521763543156,4349.50536565863,111,3,1,0,data1519,lya,150
2379.0691564478725,4356.533227364658,112,5,1,0,data1519,lya,150
2389.0978314716062,4368.536352249889,113,1,1,0,data1519,lya,150
2399.131867119708,4383.5625707484805,114,1,1,0,data1519,lya,150
2429.1635332447054,4398.7974737173045,115,3,1,0,data1519,lya,150
2439.1931962666895,4411.547146359908,116,1,1,0,data1519,lya,150
2449.231759169477,4429.6613960216455,117,1,1,0,data1519,lya,150
2459.256398010065,4439.323293874732,118,1,1,0,data1519,lya,150
2469.29125962961,4453.611396449626,119,1,1,0,data1519,lya,150
2479.326344368116,4469.212874608185,120,1,1,0,data1519,lya,150
2489.365344561551,4486.785068778479,121,1,1,0,data1519,lya,150
2499.4069427867885,4505.343143168924,122,1,1,0,data1519,lya,150
10.034182795656543,16.404959338675162,0,1,1,0,data1520,baseline,150
41.1540102564822,574.2818306668798,1,3,1,0,data1520,baseline,150
51.184152199553324,588.2412194150935,2,1,1,0,data1520,baseline,150
101.92868522883867,957.9166077205078,3,5,1,0,data1520,baseline,150
121.95471978074866,969.9697839357868,4,2,1,0,data1520,baseline,150
131.9948029877516,989.217794420892,5,1,1,0,data1520,baseline,150
212.82707010664097,1403.7383526310769,6,8,1,0,data1520,baseline,150
222.85207132467448,1415.2738046547736,7,1,1,0,data1520,baseline,150
232.89228685314657,1434.7718040319398,8,1,1,0,data1520,baseline,150
342.93027040333135,1451.308301636323,9,11,1,0,data1520,baseline,150
452.9733247055904,1470.3726122305177,10,11,1,0,data1520,baseline,150
473.01400733644954,1488.5207564401358,11,2,1,0,data1520,baseline,150
563.0386629029852,1499.3757813855254,12,9,1,0,data1520,baseline,150
573.0657967011891,1511.5748761845407,13,1,1,0,data1520,baseline,150
603.1052527214904,1530.311344210157,14,3,1,0,data1520,baseline,150
633.1431634055504,1548.3631955373241,15,3,1,0,data1520,baseline,150
663.1751195747627,1563.2586875675033,16,3,1,0,data1520,baseline,150
833.2069701141456,1578.8453244840473,17,17,1,0,data1520,baseline,150
853.2502378312047,1600.2336489629895,18,2,1,0,data1520,baseline,150
883.2765760069016,1612.2757920188103,19,3,1,0,data1520,baseline,150
923.3150042260264,1630.0112789246605,20,4,1,0,data1520,baseline,150
933.3484256998998,1644.000315662491,21,1,1,0,data1520,baseline,150
943.3792942828687,1657.9119096463548,22,1,1,0,data1520,baseline,150
963.4241376119681,1678.4057939062907,23,2,1,0,data1520,baseline,150
993.4639044946033,1697.5328756512308,24,3,1,0,data1520,baseline,150
1023.5053332627824,1716.600423831234,25,3,1,0,data1520,baseline,150
1044.328058166928,2126.4008636983954,26,2,1,0,data1520,baseline,150
1104.3640954862647,2141.5058829065592,27,6,1,0,data1520,baseline,150
1164.402455023602,2159.915647763034,28,6,1,0,data1520,baseline,150
1184.433284561963,2173.3643139800665,29,2,1,0,data1520,baseline,150
1355.2859967927088,2598.6151921145656,30,17,1,0,data1520,baseline,150
1365.3154724326703,2612.964476842727,31,1,1,0,data1520,baseline,150
1446.2009703254823,3053.9997769060465,32,8,1,0,data1520,baseline,150
1456.2379475770967,3071.975562033231,33,1,1,0,data1520,baseline,150
1496.854542548089,3379.149560011687,34,4,1,0,data1520,baseline,150
1516.906226591353,3404.611496390114,35,2,1,0,data1520,baseline,150
1536.9295069838618,3414.5814094826155,36,2,1,0,data1520,baseline,150
1676.9519259644687,3423.510466418677,37,14,1,0,data1520,baseline,150
1706.997475281427,3444.301020786177,38,3,1,0,data1520,baseline,150
1717.0367113948698,3463.2593342559917,39,1,1,0,data1520,baseline,150
1777.0789830047702,3481.3799333412526,40,6,1,0,data1520,baseline,150
1787.1162558922708,3499.521660887574,41,1,1,0,data1520,baseline,150
1797.1511687791785,3514.4604270233394,42,1,1,0,data1520,baseline,150
2017.1897465553066,3529.839449814308,44,2,1,0,data1520,baseline,150
2087.998511300303,3933.9068553452003,45,7,1,0,data1520,baseline,150
2108.0389525876403,3953.7824540122892,46,2,1,0,data1520,baseline,150
2138.072403810904,3968.0471671047785,47,3,1,0,data1520,baseline,150
2148.096261702777,3978.9196811208158,48,1,1,0,data1520,baseline,150
2168.12602315944,3992.312751912551,49,2,1,0,data1520,baseline,150
2188.1638748665514,4009.377409183929,50,2,1,0,data1520,baseline,150
2278.1886685756904,4021.558786419909,51,9,1,0,data1520,baseline,150
2308.21345821704,4032.447684442077,52,3,1,0,data1520,baseline,150
2318.2487934103287,4048.6661204995366,53,1,1,0,data1520,baseline,150
2328.2827530330633,4064.8909533550805,54,1,1,0,data1520,baseline,150
2358.310106015697,4077.356237478225,55,3,1,0,data1520,baseline,150
2378.3407917221516,4090.001045950133,56,2,1,0,data1520,baseline,150
2418.3750342687076,4106.161295636922,57,4,1,0,data1520,baseline,150
2468.3926407948125,4113.920873929435,58,5,1,0,data1520,baseline,150
2478.40929865869,4121.883555057552,59,1,1,0,data1520,baseline,150
2498.4349476568955,4133.29133395129,60,2,1,0,data1520,baseline,150
20.03418279565654,16.404959338675162,0,2,1,0,data1520,lya,150
31.154010256482202,574.2818306668798,1,1,1,0,data1520,lya,150
41.184152199553324,588.2412194150935,2,1,1,0,data1520,lya,150
101.21536900413784,600.2943956303725,4,1,1,0,data1520,lya,150
121.25545221114079,619.5424061154777,5,2,1,0,data1520,lya,150
142.08771933003018,1034.0629643256625,6,2,1,0,data1520,lya,150
152.1127205480637,1045.5984163493592,7,1,1,0,data1520,lya,150
162.15293607653578,1065.0964157265255,8,1,1,0,data1520,lya,150
202.19091962672056,1081.6329133309087,9,4,1,0,data1520,lya,150
262.23652793865034,1099.7810575405267,11,1,1,0,data1520,lya,150
282.26118350518595,1110.6360824859164,12,2,1,0,data1520,lya,150
292.28831730338993,1122.8351772849317,13,1,1,0,data1520,lya,150
302.32777332369113,1141.5716453105479,14,1,1,0,data1520,lya,150
312.365684007751,1159.623496637715,15,1,1,0,data1520,lya,150
322.39764017696336,1174.5189886678943,16,1,1,0,data1520,lya,150
392.44158515957224,1195.9073131468365,18,2,1,0,data1520,lya,150
402.4679233352691,1207.9494562026573,19,1,1,0,data1520,lya,150
462.5043020544557,1221.9384929404878,21,1,1,0,data1520,lya,150
482.53517063742447,1235.8500869243517,22,2,1,0,data1520,lya,150
492.5800139665239,1256.3439711842875,23,1,1,0,data1520,lya,150
502.61978084915904,1275.4710529292277,24,1,1,0,data1520,lya,150
522.6612096173382,1294.5386011092307,25,2,1,0,data1520,lya,150
582.7003709610863,1309.6436203173946,27,1,1,0,data1520,lya,150
632.7387304984234,1328.0533851738694,28,5,1,0,data1520,lya,150
652.7695600367845,1341.5020513909021,29,2,1,0,data1520,lya,150
712.8012461512227,1355.8513361190637,31,1,1,0,data1520,lya,150
782.8416506955228,1373.8271212462482,33,2,1,0,data1520,lya,150
813.4582456665153,1681.0011192247039,34,3,1,0,data1520,lya,150
833.5099297097793,1706.4630556031311,35,2,1,0,data1520,lya,150
863.5332101022879,1716.4329686956326,36,3,1,0,data1520,lya,150
883.5556290828947,1725.362025631694,37,2,1,0,data1520,lya,150
913.601178399853,1746.1525799991944,38,3,1,0,data1520,lya,150
933.6404145132959,1765.110893469009,39,2,1,0,data1520,lya,150
993.6837178125265,1783.2526210153303,41,1,1,0,data1520,lya,150
1003.7186306994342,1798.1913871510958,42,1,1,0,data1520,lya,150
1063.7572084755623,1813.5704099420643,44,1,1,0,data1520,lya,150
1123.7982796968347,1833.446008609153,46,1,1,0,data1520,lya,150
1133.8317309200986,1847.7107217016423,47,1,1,0,data1520,lya,150
1143.855588811972,1858.5832357176798,48,1,1,0,data1520,lya,150
1153.885350268635,1871.9763065094148,49,1,1,0,data1520,lya,150
1203.923201975746,1889.040963780793,50,5,1,0,data1520,lya,150
1213.947995684885,1901.222341016773,51,1,1,0,data1520,lya,150
1223.9727853262348,1912.111239038941,52,1,1,0,data1520,lya,150
1254.0081205195231,1928.3296750964005,53,3,1,0,data1520,lya,150
1264.0420801422576,1944.554507951944,54,1,1,0,data1520,lya,150
1274.0694331248908,1957.0197920750884,55,1,1,0,data1520,lya,150
1294.1001188313458,1969.6646005469968,56,2,1,0,data1520,lya,150
1324.1343613779013,1985.824850233785,57,3,1,0,data1520,lya,150
1334.1519679040061,1993.5844285262983,58,1,1,0,data1520,lya,150
1354.1686257678834,2001.5471096544156,59,2,1,0,data1520,lya,150
1364.194274766089,2012.9548885481533,60,1,1,0,data1520,lya,150
1414.2255892464232,2026.887652789594,61,5,1,0,data1520,lya,150
1434.2652920199243,2043.4421906175842,62,2,1,0,data1520,lya,150
1454.313542817783,2065.818971702332,63,2,1,0,data1520,lya,150
1484.3571510607196,2085.107269818342,64,3,1,0,data1520,lya,150
1504.3893954808862,2099.307577168525,65,2,1,0,data1520,lya,150
1524.4224221601353,2114.2124961290115,66,2,1,0,data1520,lya,150
1544.4444472556288,2124.199849305822,67,2,1,0,data1520,lya,150
1575.258620159728,2528.7245652729557,68,3,1,0,data1520,lya,150
1585.2899445407065,2542.281272078355,69,1,1,0,data1520,lya,150
1595.325277829848,2558.8948648800456,70,1,1,0,data1520,lya,150
1606.1596672485052,2974.2620953306578,71,1,1,0,data1520,lya,150
1676.1647202824802,2974.2620953306578,73,2,0,1,data1520,lya,150
1686.1991171392208,2988.7182945883733,74,1,1,0,data1520,lya,150
1696.2408081570088,3005.726853198868,75,1,1,0,data1520,lya,150
1716.2479678707036,3005.726853198868,76,2,0,1,data1520,lya,150
1736.276006953218,3018.7207508394386,77,2,1,0,data1520,lya,150
1756.2773470032218,3018.7207508394386,78,2,0,1,data1520,lya,150
1776.3078820816015,3033.7837128433475,79,2,1,0,data1520,lya,150
1786.33932623232,3049.2720933360915,80,1,1,0,data1520,lya,150
1797.3952471312475,3577.041111137756,81,1,1,0,data1520,lya,150
1817.4281395084881,3592.1636620090508,82,2,1,0,data1520,lya,150
1827.4673157535046,3609.6536534652782,83,1,1,0,data1520,lya,150
1847.469622190491,3609.6536534652782,84,2,0,1,data1520,lya,150
1857.5130858193143,3629.4500075957044,85,1,1,0,data1520,lya,150
1867.5675248658954,3655.2159198832624,86,1,1,0,data1520,lya,150
1877.5926998274858,3666.379182068822,87,1,1,0,data1520,lya,150
1897.6358432040774,3685.7407852524257,88,2,1,0,data1520,lya,150
1907.6682638241625,3701.6574952811175,89,1,1,0,data1520,lya,150
1917.7232611163365,3727.6065099472057,90,1,1,0,data1520,lya,150
1927.7462706449246,3738.56501852043,91,1,1,0,data1520,lya,150
1937.7725959144784,3749.3664093095263,92,1,1,0,data1520,lya,150
1947.7985489363443,3761.3694460823062,93,1,1,0,data1520,lya,150
1997.814398340328,3766.3694460823062,94,5,1,0,data1520,lya,150
2057.844068077682,3777.573782774538,96,1,1,0,data1520,lya,150
2077.8800561987077,3793.325751706919,97,2,1,0,data1520,lya,150
2087.9161769767375,3810.034531585805,98,1,1,0,data1520,lya,150
2097.967506951662,3834.415385781884,99,1,1,0,data1520,lya,150
2118.0117206201694,3854.1675049728146,100,2,1,0,data1520,lya,150
2128.037496696205,3866.2829866945026,101,1,1,0,data1520,lya,150
2138.06081630014,3876.7909133377607,102,1,1,0,data1520,lya,150
2178.1044183424983,3894.250509195293,103,4,1,0,data1520,lya,150
2188.1221704182763,3902.64934316019,104,1,1,0,data1520,lya,150
2198.177609315715,3926.8066369894614,105,1,1,0,data1520,lya,150
2248.2211142568563,3947.703837593068,106,5,1,0,data1520,lya,150
2258.899614601461,4285.685294099653,107,1,1,0,data1520,lya,150
2278.9164041874387,4292.119621454199,108,2,1,0,data1520,lya,150
2288.9611310612236,4313.888983325026,109,1,1,0,data1520,lya,150
2298.997869060549,4328.3162840987625,110,1,1,0,data1520,lya,150
2329.0428383624308,4349.50536565863,111,3,1,0,data1520,lya,150
2379.05825051812,4356.533227364658,112,5,1,0,data1520,lya,150
2389.0832825038715,4368.536352249889,113,1,1,0,data1520,lya,150
2399.114094359569,4383.5625707484805,114,1,1,0,data1520,lya,150
2429.1485190790136,4398.7974737173045,115,3,1,0,data1520,lya,150
2439.175244393745,4411.547146359908,116,1,1,0,data1520,lya,150
2449.213020768888,4429.6613960216455,117,1,1,0,data1520,lya,150
2459.2342240589123,4439.323293874732,118,1,1,0,data1520,lya,150
2469.263317332474,4453.611396449626,119,1,1,0,data1520,lya,150
2479.297343715809,4469.212874608185,120,1,1,0,data1520,lya,150
2489.336276295251,4486.785068778479,121,1,1,0,data1520,lya,150
2499.378125317107,4505.343143168924,122,1,1,0,data1520,lya,150
10.031672095268352,13.383136004983992,0,1,1,0,data1751,baseline,200
20.04682652304288,20.082548902202326,1,1,1,0,data1751,baseline,200
40.101806644574694,43.72128703937362,2,2,1,0,data1751,baseline,200
50.11832341492338,51.25828021729516,3,1,1,0,data1751,baseline,200
70.14626796442845,63.02678272079142,4,2,1,0,data1751,baseline,200
100.17555869671364,76.00900793655686,5,3,1,0,data1751,baseline,200
120.22757591667187,99.43243275958497,6,2,1,0,data1751,baseline,200
130.24180877760483,105.78085620746408,7,1,1,0,data1751,baseline,200
140.27377060924087,121.49110666705192,8,1,1,0,data1751,baseline,200
210.3172854944908,141.67689899177503,9,7,1,0,data1751,baseline,200
340.3472849758946,155.128183474362,10,13,1,0,data1751,baseline,200
350.37208350041334,164.27909831350695,11,1,1,0,data1751,baseline,200
370.402771882602,178.73917349174167,12,2,1,0,data1751,baseline,200
380.4492490637546,201.37467979120404,13,1,1,0,data1751,baseline,200
450.4759515627715,213.29575056736547,14,7,1,0,data1751,baseline,200
470.5224548256819,235.4766679077543,15,2,1,0,data1751,baseline,200
560.5603436195838,251.77000246780537,16,9,1,0,data1751,baseline,200
570.6060078729377,272.93257352648664,17,1,1,0,data1751,baseline,200
600.641349952355,289.0259889878673,18,3,1,0,data1751,baseline,200
661.4804647720609,706.3748719465024,19,6,1,0,data1751,baseline,200
701.5308036009271,729.5691718783721,20,4,1,0,data1751,baseline,200
832.6362303044655,1280.5154208483111,21,13,1,0,data1751,baseline,200
852.6722440602501,1296.347568527327,22,2,1,0,data1751,baseline,200
882.7143084660058,1315.385346685354,23,3,1,0,data1751,baseline,200
922.7574633329215,1335.0061086007818,24,4,1,0,data1751,baseline,200
932.7991648533028,1354.0703909219724,25,1,1,0,data1751,baseline,200
942.8183260174574,1362.3167811572648,26,1,1,0,data1751,baseline,200
952.843230114197,1374.1306034968854,27,1,1,0,data1751,baseline,200
962.8699911027171,1385.8479587395414,28,1,1,0,data1751,baseline,200
992.8925752229,1396.952557593302,29,3,1,0,data1751,baseline,200
1022.9153111685471,1407.592038766284,30,3,1,0,data1751,baseline,200
1044.1405867640874,2019.0777654381682,31,2,1,0,data1751,baseline,200
1074.175296123445,2035.757509152439,32,3,1,0,data1751,baseline,200
1294.2103989387283,2050.7493293192188,34,2,1,0,data1751,baseline,200
1324.2396218713318,2063.6191676263966,35,3,1,0,data1751,baseline,200
1354.283952971414,2084.9964838696646,36,3,1,0,data1751,baseline,200
1364.3139335963897,2099.5386535664156,37,1,1,0,data1751,baseline,200
1384.355683926973,2119.2240161679915,38,2,1,0,data1751,baseline,200
1414.385377401324,2131.3773855152476,39,3,1,0,data1751,baseline,200
1444.4222650186584,2148.445949515008,40,3,1,0,data1751,baseline,200
1454.471402199797,2170.156392036538,41,1,1,0,data1751,baseline,200
1474.485351988766,2175.156392036538,42,2,1,0,data1751,baseline,200
1494.5093421089632,2186.8809656174176,43,2,1,0,data1751,baseline,200
1534.5477796297523,2204.8496764966235,44,4,1,0,data1751,baseline,200
1564.5922132972582,2225.913751865037,45,3,1,0,data1751,baseline,200
1674.6258570873147,2241.9293196047693,46,11,1,0,data1751,baseline,200
1775.4589472107932,2656.639987757182,47,10,1,0,data1751,baseline,200
1886.3438958770264,3098.5562011258057,48,11,1,0,data1751,baseline,200
1896.389236216507,3119.92616807875,49,1,1,0,data1751,baseline,200
2086.4107595275086,3130.5832583935116,50,19,1,0,data1751,baseline,200
2106.445800627583,3146.1653132941155,51,2,1,0,data1751,baseline,200
2136.482786239587,3162.966158304793,52,3,1,0,data1751,baseline,200
2146.5322806928616,3186.5591551748616,53,1,1,0,data1751,baseline,200
2187.4671759400317,3653.404387042854,54,4,1,0,data1751,baseline,200
2358.6745594866625,4256.499675181853,55,17,1,0,data1751,baseline,200
2378.70840182614,4272.600046825871,56,2,1,0,data1751,baseline,200
2418.7232241245347,4278.180629379702,57,4,1,0,data1751,baseline,200
2478.765651811625,4298.023771802838,58,6,1,0,data1751,baseline,200
10.031672095268352,13.383136004983992,0,1,1,0,data1751,lya,200
20.04682652304288,20.082548902202326,1,1,1,0,data1751,lya,200
40.101806644574694,43.72128703937362,2,2,1,0,data1751,lya,200
50.11832341492338,51.25828021729516,3,1,1,0,data1751,lya,200
60.146267964428446,63.02678272079142,4,1,1,0,data1751,lya,200
130.20161146624034,86.45020754381952,6,2,1,0,data1751,lya,200
140.2158443271733,92.79863099169863,7,1,1,0,data1751,lya,200
150.24780615880934,108.50888145128647,8,1,1,0,data1751,lya,200
160.29132104405926,128.6946737760096,9,1,1,0,data1751,lya,200
190.32132052546305,142.14595825859658,10,3,1,0,data1751,lya,200
200.34611904998178,151.29687309774152,11,1,1,0,data1751,lya,200
210.37680743217047,165.75694827597624,12,1,1,0,data1751,lya,200
230.42328461332312,188.39245457543862,13,2,1,0,data1751,lya,200
290.47264823369807,210.57337191582747,15,1,1,0,data1751,lya,200
340.51053702760004,226.86670647587854,16,5,1,0,data1751,lya,200
360.5562012809539,248.0292775345598,17,2,1,0,data1751,lya,200
370.59154336037125,264.1226929959405,18,1,1,0,data1751,lya,200
440.64629924302625,287.31699292781025,20,2,1,0,data1751,lya,200
471.75172594656465,838.2632418977493,21,3,1,0,data1751,lya,200
481.78773970234926,854.0953895767651,22,1,1,0,data1751,lya,200
501.829804108105,873.1331677347922,23,2,1,0,data1751,lya,200
511.87295897502077,892.7539296502199,24,1,1,0,data1751,lya,200
531.9146604954021,911.8182119714104,25,2,1,0,data1751,lya,200
541.9338216595567,920.0646022067028,26,1,1,0,data1751,lya,200
551.9587257562963,931.8784245463235,27,1,1,0,data1751,lya,200
561.9854867448164,943.5957797889794,28,1,1,0,data1751,lya,200
582.0080708649992,954.70037864274,29,2,1,0,data1751,lya,200
592.0308068106464,965.3398598157222,30,1,1,0,data1751,lya,200
652.0678203122008,982.019603529993,32,1,1,0,data1751,lya,200
722.0729394871505,982.019603529993,34,2,0,1,data1751,lya,200
732.1021624197539,994.8894418371709,35,1,1,0,data1751,lya,200
742.146493519836,1016.266758080439,36,1,1,0,data1751,lya,200
752.1764741448118,1030.8089277771899,37,1,1,0,data1751,lya,200
772.2182244753951,1050.4942903787658,38,2,1,0,data1751,lya,200
802.247917949746,1062.6476597260219,39,3,1,0,data1751,lya,200
832.2848055670806,1079.7162237257821,40,3,1,0,data1751,lya,200
842.333942748219,1101.4266662473117,41,1,1,0,data1751,lya,200
852.347892537188,1106.4266662473117,42,1,1,0,data1751,lya,200
892.3718826573852,1118.1512398281914,43,4,1,0,data1751,lya,200
902.4103201781741,1136.1199507073975,44,1,1,0,data1751,lya,200
912.45475384568,1157.1840260758108,45,1,1,0,data1751,lya,200
962.4883976357365,1173.1995938155433,46,5,1,0,data1751,lya,200
1032.493182662406,1173.1995938155433,48,2,0,1,data1751,lya,200
1042.5385230018867,1194.5695607684875,49,1,1,0,data1751,lya,200
1052.5600463128883,1205.226651083249,50,1,1,0,data1751,lya,200
1062.5950874129633,1220.8087059838526,51,1,1,0,data1751,lya,200
1072.632073024967,1237.6095509945303,52,1,1,0,data1751,lya,200
1082.6815674782417,1261.2025478645987,53,1,1,0,data1751,lya,200
1152.6839652320284,1261.2025478645987,55,2,0,1,data1751,lya,200
1162.7178075715062,1277.302919508617,56,1,1,0,data1751,lya,200
1172.7326298699008,1282.8835020624474,57,1,1,0,data1751,lya,200
1242.7367464039505,1282.8835020624474,59,2,0,1,data1751,lya,200
1252.7823006722335,1303.944284228573,60,1,1,0,data1751,lya,200
1262.8146794030724,1318.2240377372004,61,1,1,0,data1751,lya,200
1273.7124512636376,1765.4460072621434,62,1,1,0,data1751,lya,200
1303.7395953697871,1778.0393155157449,63,3,1,0,data1751,lya,200
1313.7603471912705,1787.2990409849663,64,1,1,0,data1751,lya,200
1323.7859984077515,1799.2877599705555,65,1,1,0,data1751,lya,200
1333.80032999499,1805.191257722906,66,1,1,0,data1751,lya,200
1343.8436256843063,1824.7642853008763,67,1,1,0,data1751,lya,200
1353.8578544590757,1829.7642853008763,68,1,1,0,data1751,lya,200
1383.9130707211386,1854.9249979306724,69,3,1,0,data1751,lya,200
1393.9299561633593,1861.104363434172,70,1,1,0,data1751,lya,200
1413.9789451057459,1883.603806812548,71,2,1,0,data1751,lya,200
1474.0203723763943,1901.4089721499033,73,1,1,0,data1751,lya,200
1504.0512936227542,1912.6467386482689,74,3,1,0,data1751,lya,200
1514.1011507375974,1936.0154794452258,75,1,1,0,data1751,lya,200
1534.1344151750345,1951.2339927856472,76,2,1,0,data1751,lya,200
1544.178000308111,1971.6024028461409,77,1,1,0,data1751,lya,200
1564.211424411292,1986.9826430456228,78,2,1,0,data1751,lya,200
1574.24834770242,2003.7474429233173,79,1,1,0,data1751,lya,200
1594.2877680370937,2021.8279761934161,80,2,1,0,data1751,lya,200
1604.3149704984903,2034.1843562659176,81,1,1,0,data1751,lya,200
1614.3343148046783,2042.7829006247414,82,1,1,0,data1751,lya,200
1654.3526583603157,2051.2748839960313,83,4,1,0,data1751,lya,200
1664.3862029889601,2066.529096841712,84,1,1,0,data1751,lya,200
1674.412364446075,2079.0858964147715,85,1,1,0,data1751,lya,200
1724.426029972788,2084.0858964147715,86,5,1,0,data1751,lya,200
1734.4626368629863,2101.650602668729,87,1,1,0,data1751,lya,200
1774.4808404776413,2110.558154462296,88,4,1,0,data1751,lya,200
1784.5000689305102,2119.7565293359494,89,1,1,0,data1751,lya,200
1795.2664041749363,2501.3661636202387,90,1,1,0,data1751,lya,200
1805.7679418733178,2751.3661636202387,91,1,1,0,data1751,lya,200
1815.8034375662594,2766.9786911119363,92,1,1,0,data1751,lya,200
1875.835785723325,2780.0834028810245,94,1,1,0,data1751,lya,200
1885.8587255868522,2789.785507149941,95,1,1,0,data1751,lya,200
1895.8974294468403,2805.6930420380777,96,1,1,0,data1751,lya,200
1905.9217042804287,2816.816883069739,97,1,1,0,data1751,lya,200
1915.9544384630208,2831.9356404797277,98,1,1,0,data1751,lya,200
1925.99022372809,2848.513820363134,99,1,1,0,data1751,lya,200
1936.022119173116,2863.3378356708217,100,1,1,0,data1751,lya,200
1996.0610091030073,2879.298287573985,102,1,1,0,data1751,lya,200
2006.1077779675734,2902.283851186589,103,1,1,0,data1751,lya,200
2016.1373015827517,2916.0192546660537,104,1,1,0,data1751,lya,200
2036.1733682454653,2931.656426699394,105,2,1,0,data1751,lya,200
2046.2142591425163,2950.990672016105,106,1,1,0,data1751,lya,200
2076.2508638061727,2968.345856173195,107,3,1,0,data1751,lya,200
2106.2799270632772,2981.554810170741,108,3,1,0,data1751,lya,200
2166.308766182421,2992.1985757651664,110,1,1,0,data1751,lya,200
2176.339671319366,3006.0648286286755,111,1,1,0,data1751,lya,200
2196.365396530011,3017.2093959261533,112,2,1,0,data1751,lya,200
2206.405049334991,3035.090268923509,113,1,1,0,data1751,lya,200
2216.448075625851,3056.038267829933,114,1,1,0,data1751,lya,200
2227.107855125461,3384.7708004338465,115,1,1,0,data1751,lya,200
2237.1435197919727,3400.1471301634924,116,1,1,0,data1751,lya,200
2288.119556278892,3885.8268475399127,117,5,1,0,data1751,lya,200
2358.142738694147,3894.8605469617205,119,2,1,0,data1751,lya,200
2368.1564364351398,3899.8605469617205,120,1,1,0,data1751,lya,200
2378.1885894843053,3912.905376955568,121,1,1,0,data1751,lya,200
2418.2175715397707,3926.414850608803,122,4,1,0,data1751,lya,200
2448.2716308597887,3952.2790620856695,123,3,1,0,data1751,lya,200
2458.320110766544,3975.09312991671,124,1,1,0,data1751,lya,200
10.02917983839708,13.383136004983992,0,1,1,0,data1752,baseline,200
20.044576157136433,20.082548902202326,1,1,1,0,data1752,baseline,200
40.09431891869903,43.72128703937362,2,2,1,0,data1752,baseline,200
50.11418836925816,51.25828021729516,3,1,1,0,data1752,baseline,200
70.14083346143292,63.02678272079142,4,2,1,0,data1752,baseline,200
100.16800733225868,76.00900793655686,5,3,1,0,data1752,baseline,200
120.21605748213847,99.43243275958497,6,2,1,0,data1752,baseline,200
130.22978166571832,105.78085620746408,7,1,1,0,data1752,baseline,200
140.26357406730205,121.49110666705192,8,1,1,0,data1752,baseline,200
210.30520031727838,141.67689899177503,9,7,1,0,data1752,baseline,200
340.33383761804555,155.128183474362,10,13,1,0,data1752,baseline,200
350.35391357795936,164.27909831350695,11,1,1,0,data1752,baseline,200
370.3873663651301,178.73917349174167,12,2,1,0,data1752,baseline,200
380.43511146967404,201.37467979120404,13,1,1,0,data1752,baseline,200
450.4601860850689,213.29575056736547,14,7,1,0,data1752,baseline,200
470.50692434872667,235.4766679077543,15,2,1,0,data1752,baseline,200
560.5410074392613,251.77000246780537,16,9,1,0,data1752,baseline,200
570.5879789148084,272.93257352648664,17,1,1,0,data1752,baseline,200
600.6248534258931,289.0259889878673,18,3,1,0,data1752,baseline,200
661.4607663559248,706.3748719465024,19,6,1,0,data1752,baseline,200
701.5110257484101,729.5691718783721,20,4,1,0,data1752,baseline,200
832.6137867521718,1280.5154208483111,21,13,1,0,data1752,baseline,200
852.6464941370191,1296.347568527327,22,2,1,0,data1752,baseline,200
882.686450952266,1315.385346685354,23,3,1,0,data1752,baseline,200
922.7278903305518,1335.0061086007818,24,4,1,0,data1752,baseline,200
932.7683715033213,1354.0703909219724,25,1,1,0,data1752,baseline,200
942.7863696832953,1362.3167811572648,26,1,1,0,data1752,baseline,200
952.8101699680988,1374.1306034968854,27,1,1,0,data1752,baseline,200
962.8359755959181,1385.8479587395414,28,1,1,0,data1752,baseline,200
992.8624268731893,1396.952557593302,29,3,1,0,data1752,baseline,200
1022.8863161265425,1407.592038766284,30,3,1,0,data1752,baseline,200
1044.1123469204954,2019.0777654381682,31,2,1,0,data1752,baseline,200
1074.1467924758142,2035.757509152439,32,3,1,0,data1752,baseline,200
1294.180895400793,2050.7493293192188,34,2,1,0,data1752,baseline,200
1324.209630127886,2063.6191676263966,35,3,1,0,data1752,baseline,200
1354.2574339388664,2084.9964838696646,36,3,1,0,data1752,baseline,200
1364.290963572274,2099.5386535664156,37,1,1,0,data1752,baseline,200
1384.3328087334314,2119.2240161679915,38,2,1,0,data1752,baseline,200
1414.3610232650485,2131.3773855152476,39,3,1,0,data1752,baseline,200
1444.398784361608,2148.445949515008,40,3,1,0,data1752,baseline,200
1454.4431690614842,2170.156392036538,41,1,1,0,data1752,baseline,200
1474.4555526226566,2175.156392036538,42,2,1,0,data1752,baseline,200
1494.479442570252,2186.8809656174176,43,2,1,0,data1752,baseline,200
1534.5199136120534,2204.8496764966235,44,4,1,0,data1752,baseline,200
1564.5661554573096,2225.913751865037,45,3,1,0,data1752,baseline,200
1674.6006112039997,2241.9293196047693,46,11,1,0,data1752,baseline,200
1775.4312409987078,2656.639987757182,47,10,1,0,data1752,baseline,200
1886.3161476178639,3098.5562011258057,48,11,1,0,data1752,baseline,200
1896.362867934195,3119.92616807875,49,1,1,0,data1752,baseline,200
2086.3859459029877,3130.5832583935116,50,19,1,0,data1752,baseline,200
2106.417977302605,3146.1653132941155,51,2,1,0,data1752,baseline,200
2136.4534699401797,3162.966158304793,52,3,1,0,data1752,baseline,200
2146.5048689831915,3186.5591551748616,53,1,1,0,data1752,baseline,200
2187.440660584294,3653.404387042854,54,4,1,0,data1752,baseline,200
2358.6478371393714,4256.499675181853,55,17,1,0,data1752,baseline,200
2378.6843761729792,4272.600046825871,56,2,1,0,data1752,baseline,200
2418.6984874444956,4278.180629379702,57,4,1,0,data1752,baseline,200
2478.740853081059,4298.023771802838,58,6,1,0,data1752,baseline,200
10.02917983839708,13.383136004983992,0,1,1,0,data1752,lya,200
20.044576157136433,20.082548902202326,1,1,1,0,data1752,lya,200
40.09431891869903,43.72128703937362,2,2,1,0,data1752,lya,200
50.11418836925816,51.25828021729516,3,1,1,0,data1752,lya,200
60.140833461432926,63.02678272079142,4,1,1,0,data1752,lya,200
130.19009303170694,86.45020754381952,6,2,1,0,data1752,lya,200
140.2038172152868,92.79863099169863,7,1,1,0,data1752,lya,200
150.23760961687051,108.50888145128647,8,1,1,0,data1752,lya,200
160.27923586684685,128.6946737760096,9,1,1,0,data1752,lya,200
190.30787316761405,142.14595825859658,10,3,1,0,data1752,lya,200
200.32794912752783,151.29687309774152,11,1,1,0,data1752,lya,200
210.36140191469858,165.75694827597624,12,1,1,0,data1752,lya,200
230.40914701924254,188.39245457543862,13,2,1,0,data1752,lya,200
290.45711775674283,210.57337191582747,15,1,1,0,data1752,lya,200
340.4912008472775,226.86670647587854,16,5,1,0,data1752,lya,200
360.5381723228246,248.0292775345598,17,2,1,0,data1752,lya,200
370.5750468339092,264.1226929959405,18,1,1,0,data1752,lya,200
440.6265213905091,287.31699292781025,20,2,1,0,data1752,lya,200
471.7292823942708,838.2632418977493,21,3,1,0,data1752,lya,200
481.76198977911804,854.0953895767651,22,1,1,0,data1752,lya,200
501.801946594365,873.1331677347922,23,2,1,0,data1752,lya,200
511.84338597265076,892.7539296502199,24,1,1,0,data1752,lya,200
531.8838671454204,911.8182119714104,25,2,1,0,data1752,lya,200
541.9018653253944,920.0646022067028,26,1,1,0,data1752,lya,200
551.9256656101978,931.8784245463235,27,1,1,0,data1752,lya,200
561.9514712380171,943.5957797889794,28,1,1,0,data1752,lya,200
581.9779225152884,954.70037864274,29,2,1,0,data1752,lya,200
592.0018117686416,965.3398598157222,30,1,1,0,data1752,lya,200
652.0393166645696,982.019603529993,32,1,1,0,data1752,lya,200
722.0434359492149,982.019603529993,34,2,0,1,data1752,lya,200
732.0721706763079,994.8894418371709,35,1,1,0,data1752,lya,200
742.1199744872882,1016.266758080439,36,1,1,0,data1752,lya,200
752.153504120696,1030.8089277771899,37,1,1,0,data1752,lya,200
772.1953492818536,1050.4942903787658,38,2,1,0,data1752,lya,200
802.2235638134706,1062.6476597260219,39,3,1,0,data1752,lya,200
832.2613249100303,1079.7162237257821,40,3,1,0,data1752,lya,200
842.3057096099064,1101.4266662473117,41,1,1,0,data1752,lya,200
852.3180931710788,1106.4266662473117,42,1,1,0,data1752,lya,200
892.3419831186744,1118.1512398281914,43,4,1,0,data1752,lya,200
902.3824541604756,1136.1199507073975,44,1,1,0,data1752,lya,200
912.428696005732,1157.1840260758108,45,1,1,0,data1752,lya,200
962.463151752422,1173.1995938155433,46,5,1,0,data1752,lya,200
1032.4654344032442,1173.1995938155433,48,2,0,1,data1752,lya,200
1042.5121547195754,1194.5695607684875,49,1,1,0,data1752,lya,200
1052.5352326883683,1205.226651083249,50,1,1,0,data1752,lya,200
1062.5672640879857,1220.8087059838526,51,1,1,0,data1752,lya,200
1072.6027567255605,1237.6095509945303,52,1,1,0,data1752,lya,200
1082.6541557685723,1261.2025478645987,53,1,1,0,data1752,lya,200
1152.657242884738,1261.2025478645987,55,2,0,1,data1752,lya,200
1162.693781918346,1277.302919508617,56,1,1,0,data1752,lya,200
1172.7078931898625,1282.8835020624474,57,1,1,0,data1752,lya,200
1242.7149281991603,1282.8835020624474,59,2,0,1,data1752,lya,200
1252.7597656972073,1303.944284228573,60,1,1,0,data1752,lya,200
1262.788869833284,1318.2240377372004,61,1,1,0,data1752,lya,200
1273.6864303532122,1765.4460072621434,62,1,1,0,data1752,lya,200
1303.7121167884916,1778.0393155157449,63,3,1,0,data1752,lya,200
1313.732478603631,1787.2990409849663,64,1,1,0,data1752,lya,200
1323.7585163723286,1799.2877599705555,65,1,1,0,data1752,lya,200
1333.7744948552497,1805.191257722906,66,1,1,0,data1752,lya,200
1343.8192363519547,1824.7642853008763,67,1,1,0,data1752,lya,200
1353.8299201794641,1829.7642853008763,68,1,1,0,data1752,lya,200
1383.8812772720112,1854.9249979306724,69,3,1,0,data1752,lya,200
1393.8951839673434,1861.104363434172,70,1,1,0,data1752,lya,200
1413.9437887064034,1883.603806812548,71,2,1,0,data1752,lya,200
1473.9810526226727,1901.4089721499033,73,1,1,0,data1752,lya,200
1504.0060862236483,1912.6467386482689,74,3,1,0,data1752,lya,200
1514.0547197374894,1936.0154794452258,75,1,1,0,data1752,lya,200
1534.0863033676555,1951.2339927856472,76,2,1,0,data1752,lya,200
1544.128427980517,1971.6024028461409,77,1,1,0,data1752,lya,200
1564.1623944481826,1986.9826430456228,78,2,1,0,data1752,lya,200
1574.1986691991256,2003.7474429233173,79,1,1,0,data1752,lya,200
1594.235661301411,2021.8279761934161,80,2,1,0,data1752,lya,200
1604.2635132404566,2034.1843562659176,81,1,1,0,data1752,lya,200
1614.28454689734,2042.7829006247414,82,1,1,0,data1752,lya,200
1654.3032003940316,2051.2748839960313,83,4,1,0,data1752,lya,200
1664.337844749477,2066.529096841712,84,1,1,0,data1752,lya,200
1674.365856661636,2079.0858964147715,85,1,1,0,data1752,lya,200
1724.3777067847304,2084.0858964147715,86,5,1,0,data1752,lya,200
1734.4164888637563,2101.650602668729,87,1,1,0,data1752,lya,200
1774.43723182935,2110.558154462296,88,4,1,0,data1752,lya,200
1784.4562655070229,2119.7565293359494,89,1,1,0,data1752,lya,200
1795.225128968359,2501.3661636202387,90,1,1,0,data1752,lya,200
1805.7311037359163,2751.3661636202387,91,1,1,0,data1752,lya,200
1815.7664036122167,2766.9786911119363,92,1,1,0,data1752,lya,200
1875.798178187569,2780.0834028810245,94,1,1,0,data1752,lya,200
1885.8198867388835,2789.785507149941,95,1,1,0,data1752,lya,200
1895.853201755812,2805.6930420380777,96,1,1,0,data1752,lya,200
1905.8793026865092,2816.816883069739,97,1,1,0,data1752,lya,200
1915.9133836722413,2831.9356404797277,98,1,1,0,data1752,lya,200
1925.9500119075774,2848.513820363134,99,1,1,0,data1752,lya,200
1935.9833571693882,2863.3378356708217,100,1,1,0,data1752,lya,200
1996.0187511672368,2879.298287573985,102,1,1,0,data1752,lya,200
2006.0676488936047,2902.283851186589,103,1,1,0,data1752,lya,200
2016.0977736189657,2916.0192546660537,104,1,1,0,data1752,lya,200
2036.1327436558054,2931.656426699394,105,2,1,0,data1752,lya,200
2046.1756396847913,2950.990672016105,106,1,1,0,data1752,lya,200
2076.211212930503,2968.345856173195,107,3,1,0,data1752,lya,200
2106.2404351637488,2981.554810170741,108,3,1,0,data1752,lya,200
2166.2641034088924,2992.1985757651664,110,1,1,0,data1752,lya,200
2176.2921066304525,3006.0648286286755,111,1,1,0,data1752,lya,200
2196.3170169109285,3017.2093959261533,112,2,1,0,data1752,lya,200
2206.3540448015606,3035.090268923509,113,1,1,0,data1752,lya,200
2216.39613042453,3056.038267829933,114,1,1,0,data1752,lya,200
2227.0561678130766,3384.7708004338465,115,1,1,0,data1752,lya,200
2237.092026026798,3400.1471301634924,116,1,1,0,data1752,lya,200
2288.066222591386,3885.8268475399127,117,5,1,0,data1752,lya,200
2358.0921671989468,3894.8605469617205,119,2,1,0,data1752,lya,200
2368.1047533967826,3899.8605469617205,120,1,1,0,data1752,lya,200
2378.1365085679054,3912.905376955568,121,1,1,0,data1752,lya,200
2418.1692156027348,3926.414850608803,122,4,1,0,data1752,lya,200
2448.2233452550404,3952.2790620856695,123,3,1,0,data1752,lya,200
2458.273292167664,3975.09312991671,124,1,1,0,data1752,lya,200
10.027893324040711,13.383136004983992,0,1,1,0,data1753,baseline,200
20.043246545915782,20.082548902202326,1,1,1,0,data1753,baseline,200
40.09173942592963,43.72128703937362,2,2,1,0,data1753,baseline,200
50.110217814577,51.25828021729516,3,1,1,0,data1753,baseline,200
70.13618588575031,63.02678272079142,4,2,1,0,data1753,baseline,200
100.16637374793302,76.00900793655686,5,3,1,0,data1753,baseline,200
120.21667838903679,99.43243275958497,6,2,1,0,data1753,baseline,200
130.2323983046921,105.78085620746408,7,1,1,0,data1753,baseline,200
140.26615657676402,121.49110666705192,8,1,1,0,data1753,baseline,200
210.30884727693507,141.67689899177503,9,7,1,0,data1753,baseline,200
340.3370715944769,155.128183474362,10,13,1,0,data1753,baseline,200
350.35918709016875,164.27909831350695,11,1,1,0,data1753,baseline,200
370.39211382836436,178.73917349174167,12,2,1,0,data1753,baseline,200
380.4391800357194,201.37467979120404,13,1,1,0,data1753,baseline,200
450.4653437939116,213.29575056736547,14,7,1,0,data1753,baseline,200
470.5113241397979,235.4766679077543,15,2,1,0,data1753,baseline,200
560.5468656790509,251.77000246780537,16,9,1,0,data1753,baseline,200
570.5953890132939,272.93257352648664,17,1,1,0,data1753,baseline,200
600.6280927656928,289.0259889878673,18,3,1,0,data1753,baseline,200
661.464035428429,706.3748719465024,19,6,1,0,data1753,baseline,200
701.5157737565833,729.5691718783721,20,4,1,0,data1753,baseline,200
832.6184943398523,1280.5154208483111,21,13,1,0,data1753,baseline,200
852.6518032061886,1296.347568527327,22,2,1,0,data1753,baseline,200
882.6903210533421,1315.385346685354,23,3,1,0,data1753,baseline,200
922.7334243491059,1335.0061086007818,24,4,1,0,data1753,baseline,200
932.7754681810349,1354.0703909219724,25,1,1,0,data1753,baseline,200
942.794541488283,1362.3167811572648,26,1,1,0,data1753,baseline,200
952.8256185256237,1374.1306034968854,27,1,1,0,data1753,baseline,200
962.8509684571954,1385.8479587395414,28,1,1,0,data1753,baseline,200
992.8737312649124,1396.952557593302,29,3,1,0,data1753,baseline,200
1022.8986532617946,1407.592038766284,30,3,1,0,data1753,baseline,200
1044.122399054413,2019.0777654381682,31,2,1,0,data1753,baseline,200
1074.157272960447,2035.757509152439,32,3,1,0,data1753,baseline,200
1294.190008864215,2050.7493293192188,34,2,1,0,data1753,baseline,200
1324.217501045087,2063.6191676263966,35,3,1,0,data1753,baseline,200
1354.260864972186,2084.9964838696646,36,3,1,0,data1753,baseline,200
1364.2918751730451,2099.5386535664156,37,1,1,0,data1753,baseline,200
1384.3336174514823,2119.2240161679915,38,2,1,0,data1753,baseline,200
1414.3596029254657,2131.3773855152476,39,3,1,0,data1753,baseline,200
1444.3952718395442,2148.445949515008,40,3,1,0,data1753,baseline,200
1454.4403700006685,2170.156392036538,41,1,1,0,data1753,baseline,200
1474.4506662525378,2175.156392036538,42,2,1,0,data1753,baseline,200
1494.475783971012,2186.8809656174176,43,2,1,0,data1753,baseline,200
1534.513132657598,2204.8496764966235,44,4,1,0,data1753,baseline,200
1564.5574205668981,2225.913751865037,45,3,1,0,data1753,baseline,200
1674.591685821628,2241.9293196047693,46,11,1,0,data1753,baseline,200
1775.4224506004382,2656.639987757182,47,10,1,0,data1753,baseline,200
1886.3097254521128,3098.5562011258057,48,11,1,0,data1753,baseline,200
1896.3545576522954,3119.92616807875,49,1,1,0,data1753,baseline,200
2086.3806238399234,3130.5832583935116,50,19,1,0,data1753,baseline,200
2106.41490562486,3146.1653132941155,51,2,1,0,data1753,baseline,200
2136.455264528452,3162.966158304793,52,3,1,0,data1753,baseline,200
2146.505332688995,3186.5591551748616,53,1,1,0,data1753,baseline,200
2187.441368485339,3653.404387042854,54,4,1,0,data1753,baseline,200
2358.6494057954365,4256.499675181853,55,17,1,0,data1753,baseline,200
2378.6841181013383,4272.600046825871,56,2,1,0,data1753,baseline,200
2418.698175488096,4278.180629379702,57,4,1,0,data1753,baseline,200
2478.741583178881,4298.023771802838,58,6,1,0,data1753,baseline,200
10.027893324040711,13.383136004983992,0,1,1,0,data1753,lya,200
20.043246545915782,20.082548902202326,1,1,1,0,data1753,lya,200
40.09173942592963,43.72128703937362,2,2,1,0,data1753,lya,200
50.110217814577,51.25828021729516,3,1,1,0,data1753,lya,200
60.13618588575031,63.02678272079142,4,1,1,0,data1753,lya,200
130.19071393860526,86.45020754381952,6,2,1,0,data1753,lya,200
140.20643385426055,92.79863099169863,7,1,1,0,data1753,lya,200
150.24019212633246,108.50888145128647,8,1,1,0,data1753,lya,200
160.2828828265035,128.6946737760096,9,1,1,0,data1753,lya,200
190.31110714404537,142.14595825859658,10,3,1,0,data1753,lya,200
200.33322263973713,151.29687309774152,11,1,1,0,data1753,lya,200
210.36614937793271,165.75694827597624,12,1,1,0,data1753,lya,200
230.4132155852878,188.39245457543862,13,2,1,0,data1753,lya,200
290.461517547814,210.57337191582747,15,1,1,0,data1753,lya,200
340.4970590870671,226.86670647587854,16,5,1,0,data1753,lya,200
360.54558242131,248.0292775345598,17,2,1,0,data1753,lya,200
370.5782861737089,264.1226929959405,18,1,1,0,data1753,lya,200
440.63126939868215,287.31699292781025,20,2,1,0,data1753,lya,200
471.7339899819513,838.2632418977493,21,3,1,0,data1753,lya,200
481.7672988482876,854.0953895767651,22,1,1,0,data1753,lya,200
501.80581669544125,873.1331677347922,23,2,1,0,data1753,lya,200
511.8489199912051,892.7539296502199,24,1,1,0,data1753,lya,200
531.890963823134,911.8182119714104,25,2,1,0,data1753,lya,200
541.9100371303822,920.0646022067028,26,1,1,0,data1753,lya,200
551.9411141677228,931.8784245463235,27,1,1,0,data1753,lya,200
561.9664640992946,943.5957797889794,28,1,1,0,data1753,lya,200
581.9892269070116,954.70037864274,29,2,1,0,data1753,lya,200
592.0141489038938,965.3398598157222,30,1,1,0,data1753,lya,200
652.0497971492026,982.019603529993,32,1,1,0,data1753,lya,200
722.052549412637,982.019603529993,34,2,0,1,data1753,lya,200
732.0800415935088,994.8894418371709,35,1,1,0,data1753,lya,200
742.123405520608,1016.266758080439,36,1,1,0,data1753,lya,200
752.1544157214672,1030.8089277771899,37,1,1,0,data1753,lya,200
772.1961579999046,1050.4942903787658,38,2,1,0,data1753,lya,200
802.2221434738879,1062.6476597260219,39,3,1,0,data1753,lya,200
832.2578123879666,1079.7162237257821,40,3,1,0,data1753,lya,200
842.3029105490908,1101.4266662473117,41,1,1,0,data1753,lya,200
852.31320680096,1106.4266662473117,42,1,1,0,data1753,lya,200
892.3383245194342,1118.1512398281914,43,4,1,0,data1753,lya,200
902.3756732060198,1136.1199507073975,44,1,1,0,data1753,lya,200
912.4199611153201,1157.1840260758108,45,1,1,0,data1753,lya,200
962.4542263700499,1173.1995938155433,46,5,1,0,data1753,lya,200
1032.4590122374925,1173.1995938155433,48,2,0,1,data1753,lya,200
1042.503844437675,1194.5695607684875,49,1,1,0,data1753,lya,200
1052.529910625303,1205.226651083249,50,1,1,0,data1753,lya,200
1062.5641924102397,1220.8087059838526,51,1,1,0,data1753,lya,200
1072.6045513138317,1237.6095509945303,52,1,1,0,data1753,lya,200
1082.6546194743748,1261.2025478645987,53,1,1,0,data1753,lya,200
1152.658811540802,1261.2025478645987,55,2,0,1,data1753,lya,200
1162.6935238467042,1277.302919508617,56,1,1,0,data1753,lya,200
1172.7075812334617,1282.8835020624474,57,1,1,0,data1753,lya,200
1242.7145811847965,1282.8835020624474,59,2,0,1,data1753,lya,200
1252.761966514422,1303.944284228573,60,1,1,0,data1753,lya,200
1262.791339874376,1318.2240377372004,61,1,1,0,data1753,lya,200
1273.6911413707485,1765.4460072621434,62,1,1,0,data1753,lya,200
1303.7248194950055,1778.0393155157449,63,3,1,0,data1753,lya,200
1313.7468145171292,1787.2990409849663,64,1,1,0,data1753,lya,200
1323.7732378133956,1799.2877599705555,65,1,1,0,data1753,lya,200
1333.7856603235791,1805.191257722906,66,1,1,0,data1753,lya,200
1343.827291619772,1824.7642853008763,67,1,1,0,data1753,lya,200
1353.841044618588,1829.7642853008763,68,1,1,0,data1753,lya,200
1383.8949188287588,1854.9249979306724,69,3,1,0,data1753,lya,200
1393.9086093477706,1861.104363434172,70,1,1,0,data1753,lya,200
1413.958775730395,1883.603806812548,71,2,1,0,data1753,lya,200
1473.9991182189387,1901.4089721499033,73,1,1,0,data1753,lya,200
1504.0227140664804,1912.6467386482689,74,3,1,0,data1753,lya,200
1514.0698592944232,1936.0154794452258,75,1,1,0,data1753,lya,200
1534.1029885129035,1951.2339927856472,76,2,1,0,data1753,lya,200
1544.1489082365144,1971.6024028461409,77,1,1,0,data1753,lya,200
1564.186607904047,1986.9826430456228,78,2,1,0,data1753,lya,200
1574.2243580764293,2003.7474429233173,79,1,1,0,data1753,lya,200
1594.2635240733798,2021.8279761934161,80,2,1,0,data1753,lya,200
1604.2888938742844,2034.1843562659176,81,1,1,0,data1753,lya,200
1614.309980545011,2042.7829006247414,82,1,1,0,data1753,lya,200
1654.3294030780537,2051.2748839960313,83,4,1,0,data1753,lya,200
1664.3631983685204,2066.529096841712,84,1,1,0,data1753,lya,200
1674.3901338060018,2079.0858964147715,85,1,1,0,data1753,lya,200
1724.4029288011238,2084.0858964147715,86,5,1,0,data1753,lya,200
1734.443460892192,2101.650602668729,87,1,1,0,data1753,lya,200
1774.4625378754374,2110.558154462296,88,4,1,0,data1753,lya,200
1784.483274888248,2119.7565293359494,89,1,1,0,data1753,lya,200
1795.247904111288,2501.3661636202387,90,1,1,0,data1753,lya,200
1805.749496592059,2751.3661636202387,91,1,1,0,data1753,lya,200
1815.781920910487,2766.9786911119363,92,1,1,0,data1753,lya,200
1875.8108960060335,2780.0834028810245,94,1,1,0,data1753,lya,200
1885.831164572576,2789.785507149941,95,1,1,0,data1753,lya,200
1895.8653688290099,2805.6930420380777,96,1,1,0,data1753,lya,200
1905.890078750562,2816.816883069739,97,1,1,0,data1753,lya,200
1915.9247328895526,2831.9356404797277,98,1,1,0,data1753,lya,200
1925.9610521203576,2848.513820363134,99,1,1,0,data1753,lya,200
1935.99292021118,2863.3378356708217,100,1,1,0,data1753,lya,200
1996.0303392783705,2879.298287573985,102,1,1,0,data1753,lya,200
2006.0799905874153,2902.283851186589,103,1,1,0,data1753,lya,200
2016.1121836434795,2916.0192546660537,104,1,1,0,data1753,lya,200
2036.14624918208,2931.656426699394,105,2,1,0,data1753,lya,200
2046.1868535176711,2950.990672016105,106,1,1,0,data1753,lya,200
2076.2254781588654,2968.345856173195,107,3,1,0,data1753,lya,200
2106.2534633067503,2981.554810170741,108,3,1,0,data1753,lya,200
2166.277340015606,2992.1985757651664,110,1,1,0,data1753,lya,200
2176.30706379832,3006.0648286286755,111,1,1,0,data1753,lya,200
2196.3327819715923,3017.2093959261533,112,2,1,0,data1753,lya,200
2206.3717709859807,3035.090268923509,113,1,1,0,data1753,lya,200
2216.4179920241763,3056.038267829933,114,1,1,0,data1753,lya,200
2227.076935229746,3384.7708004338465,115,1,1,0,data1753,lya,200
2237.1095974317823,3400.1471301634924,116,1,1,0,data1753,lya,200
2288.0820874255082,3885.8268475399127,117,5,1,0,data1753,lya,200
2358.104797495494,3894.8605469617205,119,2,1,0,data1753,lya,200
2368.1179573190493,3899.8605469617205,120,1,1,0,data1753,lya,200
2378.145546164624,3912.905376955568,121,1,1,0,data1753,lya,200
2418.1738632505067,3926.414850608803,122,4,1,0,data1753,lya,200
2448.2287483415234,3952.2790620856695,123,3,1,0,data1753,lya,200
2458.2765863493955,3975.09312991671,124,1,1,0,data1753,lya,200
10.029020465527061,13.383136004983992,0,1,1,0,data1754,baseline,200
20.0463677354521,20.082548902202326,1,1,1,0,data1754,baseline,200
40.09767083913872,43.72128703937362,2,2,1,0,data1754,baseline,200
50.11681038599529,51.25828021729516,3,1,1,0,data1754,baseline,200
70.14571208334249,63.02678272079142,4,2,1,0,data1754,baseline,200
100.17288183789435,76.00900793655686,5,3,1,0,data1754,baseline,200
120.22073808253248,99.43243275958497,6,2,1,0,data1754,baseline,200
130.23519668304607,105.78085620746408,7,1,1,0,data1754,baseline,200
140.26967055863477,121.49110666705192,8,1,1,0,data1754,baseline,200
210.31243547892146,141.67689899177503,9,7,1,0,data1754,baseline,200
340.34324364321253,155.128183474362,10,13,1,0,data1754,baseline,200
350.36406239136835,164.27909831350695,11,1,1,0,data1754,baseline,200
370.3939293646571,178.73917349174167,12,2,1,0,data1754,baseline,200
380.44021279087326,201.37467979120404,13,1,1,0,data1754,baseline,200
450.4690878531693,213.29575056736547,14,7,1,0,data1754,baseline,200
470.51564836708144,235.4766679077543,15,2,1,0,data1754,baseline,200
560.5491666239886,251.77000246780537,16,9,1,0,data1754,baseline,200
570.5949661478071,272.93257352648664,17,1,1,0,data1754,baseline,200
600.6298161423434,289.0259889878673,18,3,1,0,data1754,baseline,200
661.4653696955152,706.3748719465024,19,6,1,0,data1754,baseline,200
701.5127183174944,729.5691718783721,20,4,1,0,data1754,baseline,200
832.6153103917632,1280.5154208483111,21,13,1,0,data1754,baseline,200
852.6476326279867,1296.347568527327,22,2,1,0,data1754,baseline,200
882.6863000550171,1315.385346685354,23,3,1,0,data1754,baseline,200
922.7289701706288,1335.0061086007818,24,4,1,0,data1754,baseline,200
932.7691068737257,1354.0703909219724,25,1,1,0,data1754,baseline,200
942.786959868536,1362.3167811572648,26,1,1,0,data1754,baseline,200
952.815634547953,1374.1306034968854,27,1,1,0,data1754,baseline,200
962.8414564936812,1385.8479587395414,28,1,1,0,data1754,baseline,200
992.8661619979605,1396.952557593302,29,3,1,0,data1754,baseline,200
1022.8905635336687,1407.592038766284,30,3,1,0,data1754,baseline,200
1044.1141209678333,2019.0777654381682,31,2,1,0,data1754,baseline,200
1074.1517286018768,2035.757509152439,32,3,1,0,data1754,baseline,200
1294.1854887835132,2050.7493293192188,34,2,1,0,data1754,baseline,200
1324.212767633533,2063.6191676263966,35,3,1,0,data1754,baseline,200
1354.2576057410333,2084.9964838696646,36,3,1,0,data1754,baseline,200
1364.2881753862152,2099.5386535664156,37,1,1,0,data1754,baseline,200
1384.3319389445899,2119.2240161679915,38,2,1,0,data1754,baseline,200
1414.3594205224465,2131.3773855152476,39,3,1,0,data1754,baseline,200
1444.3969461766337,2148.445949515008,40,3,1,0,data1754,baseline,200
1454.4428217479644,2170.156392036538,41,1,1,0,data1754,baseline,200
1474.4540565179127,2175.156392036538,42,2,1,0,data1754,baseline,200
1494.4814797096747,2186.8809656174176,43,2,1,0,data1754,baseline,200
1534.5183540320215,2204.8496764966235,44,4,1,0,data1754,baseline,200
1564.5623772416095,2225.913751865037,45,3,1,0,data1754,baseline,200
1674.597269578459,2241.9293196047693,46,11,1,0,data1754,baseline,200
1775.4293230240512,2656.639987757182,47,10,1,0,data1754,baseline,200
1886.3177842415316,3098.5562011258057,48,11,1,0,data1754,baseline,200
1896.362861130176,3119.92616807875,49,1,1,0,data1754,baseline,200
2086.388434920714,3130.5832583935116,50,19,1,0,data1754,baseline,200
2106.4239384997686,3146.1653132941155,51,2,1,0,data1754,baseline,200
2136.460767119812,3162.966158304793,52,3,1,0,data1754,baseline,200
2146.5109744262986,3186.5591551748616,53,1,1,0,data1754,baseline,200
2187.4483713049067,3653.404387042854,54,4,1,0,data1754,baseline,200
2358.657787496224,4256.499675181853,55,17,1,0,data1754,baseline,200
2378.692779324972,4272.600046825871,56,2,1,0,data1754,baseline,200
2418.704427004427,4278.180629379702,57,4,1,0,data1754,baseline,200
2478.748242951773,4298.023771802838,58,6,1,0,data1754,baseline,200
10.029020465527061,13.383136004983992,0,1,1,0,data1754,lya,200
20.0463677354521,20.082548902202326,1,1,1,0,data1754,lya,200
40.09767083913872,43.72128703937362,2,2,1,0,data1754,lya,200
50.11681038599529,51.25828021729516,3,1,1,0,data1754,lya,200
60.14571208334248,63.02678272079142,4,1,1,0,data1754,lya,200
130.19477363210095,86.45020754381952,6,2,1,0,data1754,lya,200
140.20923223261454,92.79863099169863,7,1,1,0,data1754,lya,200
150.24370610820324,108.50888145128647,8,1,1,0,data1754,lya,200
160.28647102848993,128.6946737760096,9,1,1,0,data1754,lya,200
190.31727919278103,142.14595825859658,10,3,1,0,data1754,lya,200
200.33809794093682,151.29687309774152,11,1,1,0,data1754,lya,200
210.36796491422552,165.75694827597624,12,1,1,0,data1754,lya,200
230.41424834044176,188.39245457543862,13,2,1,0,data1754,lya,200
290.4658417750976,210.57337191582747,15,1,1,0,data1754,lya,200
340.4993600320048,226.86670647587854,16,5,1,0,data1754,lya,200
360.54515955582326,248.0292775345598,17,2,1,0,data1754,lya,200
370.58000955035953,264.1226929959405,18,1,1,0,data1754,lya,200
440.62821395959344,287.31699292781025,20,2,1,0,data1754,lya,200
471.7308060338623,838.2632418977493,21,3,1,0,data1754,lya,200
481.7631282700858,854.0953895767651,22,1,1,0,data1754,lya,200
501.80179569711623,873.1331677347922,23,2,1,0,data1754,lya,200
511.844465812728,892.7539296502199,24,1,1,0,data1754,lya,200
531.884602515825,911.8182119714104,25,2,1,0,data1754,lya,200
541.9024555106353,920.0646022067028,26,1,1,0,data1754,lya,200
551.9311301900523,931.8784245463235,27,1,1,0,data1754,lya,200
561.9569521357805,943.5957797889794,28,1,1,0,data1754,lya,200
581.9816576400598,954.70037864274,29,2,1,0,data1754,lya,200
592.006059175768,965.3398598157222,30,1,1,0,data1754,lya,200
652.0442527906324,982.019603529993,32,1,1,0,data1754,lya,200
722.0480293319354,982.019603529993,34,2,0,1,data1754,lya,200
732.0753081819553,994.8894418371709,35,1,1,0,data1754,lya,200
742.1201462894555,1016.266758080439,36,1,1,0,data1754,lya,200
752.1507159346374,1030.8089277771899,37,1,1,0,data1754,lya,200
772.1944794930121,1050.4942903787658,38,2,1,0,data1754,lya,200
802.2219610708686,1062.6476597260219,39,3,1,0,data1754,lya,200
832.2594867250559,1079.7162237257821,40,3,1,0,data1754,lya,200
842.3053622963864,1101.4266662473117,41,1,1,0,data1754,lya,200
852.3165970663346,1106.4266662473117,42,1,1,0,data1754,lya,200
892.3440202580965,1118.1512398281914,43,4,1,0,data1754,lya,200
902.3808945804433,1136.1199507073975,44,1,1,0,data1754,lya,200
912.4249177900315,1157.1840260758108,45,1,1,0,data1754,lya,200
962.4598101268809,1173.1995938155433,46,5,1,0,data1754,lya,200
1032.4670710269115,1173.1995938155433,48,2,0,1,data1754,lya,200
1042.512147915556,1194.5695607684875,49,1,1,0,data1754,lya,200
1052.537721706094,1205.226651083249,50,1,1,0,data1754,lya,200
1062.573225285149,1220.8087059838526,51,1,1,0,data1754,lya,200
1072.6100539051922,1237.6095509945303,52,1,1,0,data1754,lya,200
1082.660261211679,1261.2025478645987,53,1,1,0,data1754,lya,200
1152.6671932415902,1261.2025478645987,55,2,0,1,data1754,lya,200
1162.7021850703384,1277.302919508617,56,1,1,0,data1754,lya,200
1172.7138327497933,1282.8835020624474,57,1,1,0,data1754,lya,200
1242.719988732155,1282.8835020624474,59,2,0,1,data1754,lya,200
1252.7633249619143,1303.944284228573,60,1,1,0,data1754,lya,200
1262.793688044991,1318.2240377372004,61,1,1,0,data1754,lya,200
1273.6903855828234,1765.4460072621434,62,1,1,0,data1754,lya,200
1303.7182456548633,1778.0393155157449,63,3,1,0,data1754,lya,200
1313.7384948210274,1787.2990409849663,64,1,1,0,data1754,lya,200
1323.7667370286288,1799.2877599705555,65,1,1,0,data1754,lya,200
1333.7805642358087,1805.191257722906,66,1,1,0,data1754,lya,200
1343.822963286981,1824.7642853008763,67,1,1,0,data1754,lya,200
1353.835681025457,1829.7642853008763,68,1,1,0,data1754,lya,200
1383.8973969963943,1854.9249979306724,69,3,1,0,data1754,lya,200
1393.9112883195714,1861.104363434172,70,1,1,0,data1754,lya,200
1413.958140378625,1883.603806812548,71,2,1,0,data1754,lya,200
1473.9983043938346,1901.4089721499033,73,1,1,0,data1754,lya,200
1504.0235451995854,1912.6467386482689,74,3,1,0,data1754,lya,200
1514.0711883908805,1936.0154794452258,75,1,1,0,data1754,lya,200
1534.1039435045743,1951.2339927856472,76,2,1,0,data1754,lya,200
1544.146914410617,1971.6024028461409,77,1,1,0,data1754,lya,200
1564.1807555470375,1986.9826430456228,78,2,1,0,data1754,lya,200
1574.2184081773207,2003.7474429233173,79,1,1,0,data1754,lya,200
1594.2556815923506,2021.8279761934161,80,2,1,0,data1754,lya,200
1604.2824315036835,2034.1843562659176,81,1,1,0,data1754,lya,200
1614.3030833451976,2042.7829006247414,82,1,1,0,data1754,lya,200
1654.326511910381,2051.2748839960313,83,4,1,0,data1754,lya,200
1664.3584123260525,2066.529096841712,84,1,1,0,data1754,lya,200
1674.3847370557708,2079.0858964147715,85,1,1,0,data1754,lya,200
1724.3979186791241,2084.0858964147715,86,5,1,0,data1754,lya,200
1734.4349719484057,2101.650602668729,87,1,1,0,data1754,lya,200
1774.4538216749506,2110.558154462296,88,4,1,0,data1754,lya,200
1784.4723851436381,2119.7565293359494,89,1,1,0,data1754,lya,200
1795.2362168507118,2501.3661636202387,90,1,1,0,data1754,lya,200
1805.7386136847122,2751.3661636202387,91,1,1,0,data1754,lya,200
1815.7712099401851,2766.9786911119363,92,1,1,0,data1754,lya,200
1875.8028226404776,2780.0834028810245,94,1,1,0,data1754,lya,200
1885.8234578813679,2789.785507149941,95,1,1,0,data1754,lya,200
1895.8597844565481,2805.6930420380777,96,1,1,0,data1754,lya,200
1905.8833136712271,2816.816883069739,97,1,1,0,data1754,lya,200
1915.9161529544551,2831.9356404797277,98,1,1,0,data1754,lya,200
1925.9542471263114,2848.513820363134,99,1,1,0,data1754,lya,200
1935.9870413625133,2863.3378356708217,100,1,1,0,data1754,lya,200
1996.0225587115867,2879.298287573985,102,1,1,0,data1754,lya,200
2006.0695044985114,2902.283851186589,103,1,1,0,data1754,lya,200
2016.0983378964306,2916.0192546660537,104,1,1,0,data1754,lya,200
2036.1317676526419,2931.656426699394,105,2,1,0,data1754,lya,200
2046.1735263000885,2950.990672016105,106,1,1,0,data1754,lya,200
2076.2096314641335,2968.345856173195,107,3,1,0,data1754,lya,200
2106.238463229979,2981.554810170741,108,3,1,0,data1754,lya,200
2166.268100822669,2992.1985757651664,110,1,1,0,data1754,lya,200
2176.297819683651,3006.0648286286755,111,1,1,0,data1754,lya,200
2196.324787947193,3017.2093959261533,112,2,1,0,data1754,lya,200
2206.3628570599867,3035.090268923509,113,1,1,0,data1754,lya,200
2216.4066881470444,3056.038267829933,114,1,1,0,data1754,lya,200
2227.06494728237,3384.7708004338465,115,1,1,0,data1754,lya,200
2237.096419934692,3400.1471301634924,116,1,1,0,data1754,lya,200
2288.070387187683,3885.8268475399127,117,5,1,0,data1754,lya,200
2358.09358329428,3894.8605469617205,119,2,1,0,data1754,lya,200
2368.107103556272,3899.8605469617205,120,1,1,0,data1754,lya,200
2378.1363145051523,3912.905376955568,121,1,1,0,data1754,lya,200
2418.1679212581425,3926.414850608803,122,4,1,0,data1754,lya,200
2448.221756741101,3952.2790620856695,123,3,1,0,data1754,lya,200
2458.270582009942,3975.09312991671,124,1,1,0,data1754,lya,200
10.028461547823074,13.383136004983992,0,1,1,0,data1755,baseline,200
20.04608798228081,20.082548902202326,1,1,1,0,data1755,baseline,200
40.09429046978887,43.72128703937362,2,2,1,0,data1755,baseline,200
50.112971531994,51.25828021729516,3,1,1,0,data1755,baseline,200
70.13837120484108,63.02678272079142,4,2,1,0,data1755,baseline,200
100.165166573283,76.00900793655686,5,3,1,0,data1755,baseline,200
120.21761350203052,99.43243275958497,6,2,1,0,data1755,baseline,200
130.23090139208037,105.78085620746408,7,1,1,0,data1755,baseline,200
140.2636967720424,121.49110666705192,8,1,1,0,data1755,baseline,200
210.30545058329594,141.67689899177503,9,7,1,0,data1755,baseline,200
340.3326711613844,155.128183474362,10,13,1,0,data1755,baseline,200
350.3538240845867,164.27909831350695,11,1,1,0,data1755,baseline,200
370.3866259122793,178.73917349174167,12,2,1,0,data1755,baseline,200
380.43440875529694,201.37467979120404,13,1,1,0,data1755,baseline,200
450.459893476202,213.29575056736547,14,7,1,0,data1755,baseline,200
470.5055912992548,235.4766679077543,15,2,1,0,data1755,baseline,200
560.5386817519097,251.77000246780537,16,9,1,0,data1755,baseline,200
570.5825786409891,272.93257352648664,17,1,1,0,data1755,baseline,200
600.6157329581612,289.0259889878673,18,3,1,0,data1755,baseline,200
661.4518270098729,706.3748719465024,19,6,1,0,data1755,baseline,200
701.502350221825,729.5691718783721,20,4,1,0,data1755,baseline,200
832.6053498092148,1280.5154208483111,21,13,1,0,data1755,baseline,200
852.6414320942383,1296.347568527327,22,2,1,0,data1755,baseline,200
882.6809773666026,1315.385346685354,23,3,1,0,data1755,baseline,200
922.7246947239436,1335.0061086007818,24,4,1,0,data1755,baseline,200
932.7635188256393,1354.0703909219724,25,1,1,0,data1755,baseline,200
942.7835984075948,1362.3167811572648,26,1,1,0,data1755,baseline,200
952.8081639631666,1374.1306034968854,27,1,1,0,data1755,baseline,200
962.8348555377786,1385.8479587395414,28,1,1,0,data1755,baseline,200
992.8586518909865,1396.952557593302,29,3,1,0,data1755,baseline,200
1022.885040585118,1407.592038766284,30,3,1,0,data1755,baseline,200
1044.1105096485817,2019.0777654381682,31,2,1,0,data1755,baseline,200
1074.147649686328,2035.757509152439,32,3,1,0,data1755,baseline,200
1294.1818904339534,2050.7493293192188,34,2,1,0,data1755,baseline,200
1324.2106500932507,2063.6191676263966,35,3,1,0,data1755,baseline,200
1354.2578988816995,2084.9964838696646,36,3,1,0,data1755,baseline,200
1364.2898413164748,2099.5386535664156,37,1,1,0,data1755,baseline,200
1384.3325988563424,2119.2240161679915,38,2,1,0,data1755,baseline,200
1414.3607299903424,2131.3773855152476,39,3,1,0,data1755,baseline,200
1444.3971419216048,2148.445949515008,40,3,1,0,data1755,baseline,200
1454.4442368374184,2170.156392036538,41,1,1,0,data1755,baseline,200
1474.455260572737,2175.156392036538,42,2,1,0,data1755,baseline,200
1494.482287466789,2186.8809656174176,43,2,1,0,data1755,baseline,200
1534.5209527906925,2204.8496764966235,44,4,1,0,data1755,baseline,200
1564.565499721124,2225.913751865037,45,3,1,0,data1755,baseline,200
1674.5992432685262,2241.9293196047693,46,11,1,0,data1755,baseline,200
1775.4314855027897,2656.639987757182,47,10,1,0,data1755,baseline,200
1886.3215167580422,3098.5562011258057,48,11,1,0,data1755,baseline,200
1896.3676478025586,3119.92616807875,49,1,1,0,data1755,baseline,200
2086.3911749562362,3130.5832583935116,50,19,1,0,data1755,baseline,200
2106.4259240656766,3146.1653132941155,51,2,1,0,data1755,baseline,200
2136.4629526034114,3162.966158304793,52,3,1,0,data1755,baseline,200
2146.515533129278,3186.5591551748616,53,1,1,0,data1755,baseline,200
2187.4511476248813,3653.404387042854,54,4,1,0,data1755,baseline,200
2358.6597297385524,4256.499675181853,55,17,1,0,data1755,baseline,200
2378.693801988861,4272.600046825871,56,2,1,0,data1755,baseline,200
2418.7082326948835,4278.180629379702,57,4,1,0,data1755,baseline,200
2478.74982397289,4298.023771802838,58,6,1,0,data1755,baseline,200
10.028461547823074,13.383136004983992,0,1,1,0,data1755,lya,200
20.04608798228081,20.082548902202326,1,1,1,0,data1755,lya,200
40.09429046978887,43.72128703937362,2,2,1,0,data1755,lya,200
50.112971531994,51.25828021729516,3,1,1,0,data1755,lya,200
60.13837120484108,63.02678272079142,4,1,1,0,data1755,lya,200
130.19164905159897,86.45020754381952,6,2,1,0,data1755,lya,200
140.2049369416488,92.79863099169863,7,1,1,0,data1755,lya,200
150.23773232161085,108.50888145128647,8,1,1,0,data1755,lya,200
160.27948613286438,128.6946737760096,9,1,1,0,data1755,lya,200
190.30670671095285,142.14595825859658,10,3,1,0,data1755,lya,200
200.32785963415512,151.29687309774152,11,1,1,0,data1755,lya,200
210.3606614618478,165.75694827597624,12,1,1,0,data1755,lya,200
230.40844430486547,188.39245457543862,13,2,1,0,data1755,lya,200
290.455784707271,210.57337191582747,15,1,1,0,data1755,lya,200
340.48887515992595,226.86670647587854,16,5,1,0,data1755,lya,200
360.5327720490053,248.0292775345598,17,2,1,0,data1755,lya,200
370.5659263661773,264.1226929959405,18,1,1,0,data1755,lya,200
440.6178458639241,287.31699292781025,20,2,1,0,data1755,lya,200
471.7208454513139,838.2632418977493,21,3,1,0,data1755,lya,200
481.7569277363375,854.0953895767651,22,1,1,0,data1755,lya,200
501.7964730087018,873.1331677347922,23,2,1,0,data1755,lya,200
511.84019036604275,892.7539296502199,24,1,1,0,data1755,lya,200
531.8790144677384,911.8182119714104,25,2,1,0,data1755,lya,200
541.899094049694,920.0646022067028,26,1,1,0,data1755,lya,200
551.9236596052658,931.8784245463235,27,1,1,0,data1755,lya,200
561.9503511798778,943.5957797889794,28,1,1,0,data1755,lya,200
581.9741475330857,954.70037864274,29,2,1,0,data1755,lya,200
592.0005362272171,965.3398598157222,30,1,1,0,data1755,lya,200
652.0401738750836,982.019603529993,32,1,1,0,data1755,lya,200
722.0444309823756,982.019603529993,34,2,0,1,data1755,lya,200
732.0731906416728,994.8894418371709,35,1,1,0,data1755,lya,200
742.1204394301216,1016.266758080439,36,1,1,0,data1755,lya,200
752.152381864897,1030.8089277771899,37,1,1,0,data1755,lya,200
772.1951394047649,1050.4942903787658,38,2,1,0,data1755,lya,200
802.2232705387648,1062.6476597260219,39,3,1,0,data1755,lya,200
832.2596824700273,1079.7162237257821,40,3,1,0,data1755,lya,200
842.3067773858409,1101.4266662473117,41,1,1,0,data1755,lya,200
852.3178011211594,1106.4266662473117,42,1,1,0,data1755,lya,200
892.3448280152116,1118.1512398281914,43,4,1,0,data1755,lya,200
902.383493339115,1136.1199507073975,44,1,1,0,data1755,lya,200
912.4280402695468,1157.1840260758108,45,1,1,0,data1755,lya,200
962.4617838169488,1173.1995938155433,46,5,1,0,data1755,lya,200
1032.4708035434228,1173.1995938155433,48,2,0,1,data1755,lya,200
1042.5169345879392,1194.5695607684875,49,1,1,0,data1755,lya,200
1052.540461741617,1205.226651083249,50,1,1,0,data1755,lya,200
1062.5752108510574,1220.8087059838526,51,1,1,0,data1755,lya,200
1072.612239388792,1237.6095509945303,52,1,1,0,data1755,lya,200
1082.6648199146584,1261.2025478645987,53,1,1,0,data1755,lya,200
1152.6691354839186,1261.2025478645987,55,2,0,1,data1755,lya,200
1162.7032077342278,1277.302919508617,56,1,1,0,data1755,lya,200
1172.7176384402503,1282.8835020624474,57,1,1,0,data1755,lya,200
1242.723545481422,1282.8835020624474,59,2,0,1,data1755,lya,200
1252.770088237667,1303.944284228573,60,1,1,0,data1755,lya,200
1262.8035083611526,1318.2240377372004,61,1,1,0,data1755,lya,200
1273.6983300008014,1765.4460072621434,62,1,1,0,data1755,lya,200
1303.7243090749494,1778.0393155157449,63,3,1,0,data1755,lya,200
1313.7443751315857,1787.2990409849663,64,1,1,0,data1755,lya,200
1323.770392299885,1799.2877599705555,65,1,1,0,data1755,lya,200
1333.7858194100427,1805.191257722906,66,1,1,0,data1755,lya,200
1343.8288476828177,1824.7642853008763,67,1,1,0,data1755,lya,200
1353.8404348773622,1829.7642853008763,68,1,1,0,data1755,lya,200
1383.8947253540782,1854.9249979306724,69,3,1,0,data1755,lya,200
1393.9083858754918,1861.104363434172,70,1,1,0,data1755,lya,200
1413.955319742505,1883.603806812548,71,2,1,0,data1755,lya,200
1473.9960563526242,1901.4089721499033,73,1,1,0,data1755,lya,200
1504.022357403943,1912.6467386482689,74,3,1,0,data1755,lya,200
1514.0713824656743,1936.0154794452258,75,1,1,0,data1755,lya,200
1534.1038460728796,1951.2339927856472,76,2,1,0,data1755,lya,200
1544.1451337294668,1971.6024028461409,77,1,1,0,data1755,lya,200
1564.179895182998,1986.9826430456228,78,2,1,0,data1755,lya,200
1574.215371819502,2003.7474429233173,79,1,1,0,data1755,lya,200
1594.2524650183786,2021.8279761934161,80,2,1,0,data1755,lya,200
1604.2783148200454,2034.1843562659176,81,1,1,0,data1755,lya,200
1614.2977058668507,2042.7829006247414,82,1,1,0,data1755,lya,200
1654.3166182884981,2051.2748839960313,83,4,1,0,data1755,lya,200
1664.3502340406294,2066.529096841712,84,1,1,0,data1755,lya,200
1674.3765486541738,2079.0858964147715,85,1,1,0,data1755,lya,200
1724.3900558891078,2084.0858964147715,86,5,1,0,data1755,lya,200
1734.4265332290322,2101.650602668729,87,1,1,0,data1755,lya,200
1774.446999214805,2110.558154462296,88,4,1,0,data1755,lya,200
1784.4667263592542,2119.7565293359494,89,1,1,0,data1755,lya,200
1795.2308576973553,2501.3661636202387,90,1,1,0,data1755,lya,200
1805.7336256850297,2751.3661636202387,91,1,1,0,data1755,lya,200
1815.7656810604226,2766.9786911119363,92,1,1,0,data1755,lya,200
1875.7978447742116,2780.0834028810245,94,1,1,0,data1755,lya,200
1885.821969724433,2789.785507149941,95,1,1,0,data1755,lya,200
1895.8551769519734,2805.6930420380777,96,1,1,0,data1755,lya,200
1905.8794276089804,2816.816883069739,97,1,1,0,data1755,lya,200
1915.9109245616928,2831.9356404797277,98,1,1,0,data1755,lya,200
1925.946644740802,2848.513820363134,99,1,1,0,data1755,lya,200
1935.9790684602904,2863.3378356708217,100,1,1,0,data1755,lya,200
1996.0155698441624,2879.298287573985,102,1,1,0,data1755,lya,200
2006.0642079477739,2902.283851186589,103,1,1,0,data1755,lya,200
2016.0967361671078,2916.0192546660537,104,1,1,0,data1755,lya,200
2036.129895365015,2931.656426699394,105,2,1,0,data1755,lya,200
2046.1702754435794,2950.990672016105,106,1,1,0,data1755,lya,200
2076.2053482818237,2968.345856173195,107,3,1,0,data1755,lya,200
2106.2340332651906,2981.554810170741,108,3,1,0,data1755,lya,200
2166.2616918947188,2992.1985757651664,110,1,1,0,data1755,lya,200
2176.2923470965593,3006.0648286286755,111,1,1,0,data1755,lya,200
2196.3162158401447,3017.2093959261533,112,2,1,0,data1755,lya,200
2206.3534149018756,3035.090268923509,113,1,1,0,data1755,lya,200
2216.3973196643615,3056.038267829933,114,1,1,0,data1755,lya,200
2227.0557644456508,3384.7708004338465,115,1,1,0,data1755,lya,200
2237.0889795603125,3400.1471301634924,116,1,1,0,data1755,lya,200
2288.0625781490594,3885.8268475399127,117,5,1,0,data1755,lya,200
2358.0843006967643,3894.8605469617205,119,2,1,0,data1755,lya,200
2368.099907270871,3899.8605469617205,120,1,1,0,data1755,lya,200
2378.1282360437476,3912.905376955568,121,1,1,0,data1755,lya,200
2418.163988540712,3926.414850608803,122,4,1,0,data1755,lya,200
2448.22343726177,3952.2790620856695,123,3,1,0,data1755,lya,200
2458.27048398978,3975.09312991671,124,1,1,0,data1755,lya,200
10.029847661278627,13.383136004983992,0,1,1,0,data1756,baseline,200
20.044753280930895,20.082548902202326,1,1,1,0,data1756,baseline,200
40.093236013329474,43.72128703937362,2,2,1,0,data1756,baseline,200
50.11029234100116,51.25828021729516,3,1,1,0,data1756,baseline,200
70.13703531336023,63.02678272079142,4,2,1,0,data1756,baseline,200
100.16561136904572,76.00900793655686,5,3,1,0,data1756,baseline,200
120.21639671421164,99.43243275958497,6,2,1,0,data1756,baseline,200
130.23097558525708,105.78085620746408,7,1,1,0,data1756,baseline,200
140.26603303995827,121.49110666705192,8,1,1,0,data1756,baseline,200
210.3081202575536,141.67689899177503,9,7,1,0,data1756,baseline,200
340.3372867353178,155.128183474362,10,13,1,0,data1756,baseline,200
350.3572425968466,164.27909831350695,11,1,1,0,data1756,baseline,200
370.38748885430664,178.73917349174167,12,2,1,0,data1756,baseline,200
380.438732400283,201.37467979120404,13,1,1,0,data1756,baseline,200
450.4639956253674,213.29575056736547,14,7,1,0,data1756,baseline,200
470.5116509144903,235.4766679077543,15,2,1,0,data1756,baseline,200
560.5472456704317,251.77000246780537,16,9,1,0,data1756,baseline,200
570.5926875035868,272.93257352648664,17,1,1,0,data1756,baseline,200
600.6274132811751,289.0259889878673,18,3,1,0,data1756,baseline,200
661.4655014870436,706.3748719465024,19,6,1,0,data1756,baseline,200
701.5137767194503,729.5691718783721,20,4,1,0,data1756,baseline,200
832.6168454678822,1280.5154208483111,21,13,1,0,data1756,baseline,200
852.6526525431167,1296.347568527327,22,2,1,0,data1756,baseline,200
882.6926003315364,1315.385346685354,23,3,1,0,data1756,baseline,200
922.7367221763167,1335.0061086007818,24,4,1,0,data1756,baseline,200
932.7790829421963,1354.0703909219724,25,1,1,0,data1756,baseline,200
942.7967321197202,1362.3167811572648,26,1,1,0,data1756,baseline,200
952.8210315819044,1374.1306034968854,27,1,1,0,data1756,baseline,200
962.8490263979974,1385.8479587395414,28,1,1,0,data1756,baseline,200
992.8755672327213,1396.952557593302,29,3,1,0,data1756,baseline,200
1022.8975191498391,1407.592038766284,30,3,1,0,data1756,baseline,200
1044.1224123199843,2019.0777654381682,31,2,1,0,data1756,baseline,200
1074.1567269519044,2035.757509152439,32,3,1,0,data1756,baseline,200
1294.1928464981365,2050.7493293192188,34,2,1,0,data1756,baseline,200
1324.2196380541702,2063.6191676263966,35,3,1,0,data1756,baseline,200
1354.2642550893536,2084.9964838696646,36,3,1,0,data1756,baseline,200
1364.2947173766725,2099.5386535664156,37,1,1,0,data1756,baseline,200
1384.337563885589,2119.2240161679915,38,2,1,0,data1756,baseline,200
1414.3647176330514,2131.3773855152476,39,3,1,0,data1756,baseline,200
1444.4012269368395,2148.445949515008,40,3,1,0,data1756,baseline,200
1454.447275234736,2170.156392036538,41,1,1,0,data1756,baseline,200
1474.462815180909,2175.156392036538,42,2,1,0,data1756,baseline,200
1494.4912117231036,2186.8809656174176,43,2,1,0,data1756,baseline,200
1534.5312215054025,2204.8496764966235,44,4,1,0,data1756,baseline,200
1564.5760751153016,2225.913751865037,45,3,1,0,data1756,baseline,200
1674.6113636384096,2241.9293196047693,46,11,1,0,data1756,baseline,200
1775.4454038869578,2656.639987757182,47,10,1,0,data1756,baseline,200
1886.3324886523185,3098.5562011258057,48,11,1,0,data1756,baseline,200
1896.3794311626382,3119.92616807875,49,1,1,0,data1756,baseline,200
2086.4017251790724,3130.5832583935116,50,19,1,0,data1756,baseline,200
2106.4354806663373,3146.1653132941155,51,2,1,0,data1756,baseline,200
2136.4706050287677,3162.966158304793,52,3,1,0,data1756,baseline,200
2146.5197641862146,3186.5591551748616,53,1,1,0,data1756,baseline,200
2187.45588090433,3653.404387042854,54,4,1,0,data1756,baseline,200
2358.6669664489955,4256.499675181853,55,17,1,0,data1756,baseline,200
2378.7044933467614,4272.600046825871,56,2,1,0,data1756,baseline,200
2418.717483328812,4278.180629379702,57,4,1,0,data1756,baseline,200
2478.761743318593,4298.023771802838,58,6,1,0,data1756,baseline,200
10.029847661278627,13.383136004983992,0,1,1,0,data1756,lya,200
20.044753280930895,20.082548902202326,1,1,1,0,data1756,lya,200
40.093236013329474,43.72128703937362,2,2,1,0,data1756,lya,200
50.11029234100116,51.25828021729516,3,1,1,0,data1756,lya,200
60.13703531336022,63.02678272079142,4,1,1,0,data1756,lya,200
130.19043226378008,86.45020754381952,6,2,1,0,data1756,lya,200
140.20501113482553,92.79863099169863,7,1,1,0,data1756,lya,200
150.24006858952671,108.50888145128647,8,1,1,0,data1756,lya,200
160.28215580712205,128.6946737760096,9,1,1,0,data1756,lya,200
190.3113222848862,142.14595825859658,10,3,1,0,data1756,lya,200
200.33127814641497,151.29687309774152,11,1,1,0,data1756,lya,200
210.36152440387497,165.75694827597624,12,1,1,0,data1756,lya,200
230.41276794985137,188.39245457543862,13,2,1,0,data1756,lya,200
290.46184432250635,210.57337191582747,15,1,1,0,data1756,lya,200
340.4974390784479,226.86670647587854,16,5,1,0,data1756,lya,200
360.54288091160305,248.0292775345598,17,2,1,0,data1756,lya,200
370.5776066891912,264.1226929959405,18,1,1,0,data1756,lya,200
440.62927236154917,287.31699292781025,20,2,1,0,data1756,lya,200
471.7323411099811,838.2632418977493,21,3,1,0,data1756,lya,200
481.76814818521564,854.0953895767651,22,1,1,0,data1756,lya,200
501.8080959736354,873.1331677347922,23,2,1,0,data1756,lya,200
511.85221781841574,892.7539296502199,24,1,1,0,data1756,lya,200
531.8945785842955,911.8182119714104,25,2,1,0,data1756,lya,200
541.9122277618194,920.0646022067028,26,1,1,0,data1756,lya,200
551.9365272240036,931.8784245463235,27,1,1,0,data1756,lya,200
561.9645220400965,943.5957797889794,28,1,1,0,data1756,lya,200
581.9910628748205,954.70037864274,29,2,1,0,data1756,lya,200
592.0130147919383,965.3398598157222,30,1,1,0,data1756,lya,200
652.0492511406601,982.019603529993,32,1,1,0,data1756,lya,200
722.0553870465586,982.019603529993,34,2,0,1,data1756,lya,200
732.0821786025921,994.8894418371709,35,1,1,0,data1756,lya,200
742.1267956377754,1016.266758080439,36,1,1,0,data1756,lya,200
752.1572579250943,1030.8089277771899,37,1,1,0,data1756,lya,200
772.2001044340109,1050.4942903787658,38,2,1,0,data1756,lya,200
802.2272581814733,1062.6476597260219,39,3,1,0,data1756,lya,200
832.2637674852615,1079.7162237257821,40,3,1,0,data1756,lya,200
842.309815783158,1101.4266662473117,41,1,1,0,data1756,lya,200
852.325355729331,1106.4266662473117,42,1,1,0,data1756,lya,200
892.3537522715255,1118.1512398281914,43,4,1,0,data1756,lya,200
902.3937620538245,1136.1199507073975,44,1,1,0,data1756,lya,200
912.4386156637236,1157.1840260758108,45,1,1,0,data1756,lya,200
962.4739041868315,1173.1995938155433,46,5,1,0,data1756,lya,200
1032.4817754376986,1173.1995938155433,48,2,0,1,data1756,lya,200
1042.5287179480183,1194.5695607684875,49,1,1,0,data1756,lya,200
1052.551011964453,1205.226651083249,50,1,1,0,data1756,lya,200
1062.584767451718,1220.8087059838526,51,1,1,0,data1756,lya,200
1072.6198918141486,1237.6095509945303,52,1,1,0,data1756,lya,200
1082.6690509715952,1261.2025478645987,53,1,1,0,data1756,lya,200
1152.6763721943616,1261.2025478645987,55,2,0,1,data1756,lya,200
1162.7138990921278,1277.302919508617,56,1,1,0,data1756,lya,200
1172.7268890741782,1282.8835020624474,57,1,1,0,data1756,lya,200
1242.73557942197,1282.8835020624474,59,2,0,1,data1756,lya,200
1252.777900348918,1303.944284228573,60,1,1,0,data1756,lya,200
1262.8078237053,1318.2240377372004,61,1,1,0,data1756,lya,200
1273.7054333465035,1765.4460072621434,62,1,1,0,data1756,lya,200
1303.7345265688264,1778.0393155157449,63,3,1,0,data1756,lya,200
1313.7571322494855,1787.2990409849663,64,1,1,0,data1756,lya,200
1323.7825093187116,1799.2877599705555,65,1,1,0,data1756,lya,200
1333.7952926486428,1805.191257722906,66,1,1,0,data1756,lya,200
1343.8386975881767,1824.7642853008763,67,1,1,0,data1756,lya,200
1353.8511535347789,1829.7642853008763,68,1,1,0,data1756,lya,200
1383.9032118749797,1854.9249979306724,69,3,1,0,data1756,lya,200
1393.9178865574897,1861.104363434172,70,1,1,0,data1756,lya,200
1413.9670408653228,1883.603806812548,71,2,1,0,data1756,lya,200
1474.0099701013494,1901.4089721499033,73,1,1,0,data1756,lya,200
1504.03367664093,1912.6467386482689,74,3,1,0,data1756,lya,200
1514.0833652411,1936.0154794452258,75,1,1,0,data1756,lya,200
1534.1195156879794,1951.2339927856472,76,2,1,0,data1756,lya,200
1544.1660636551117,1971.6024028461409,77,1,1,0,data1756,lya,200
1564.199370851392,1986.9826430456228,78,2,1,0,data1756,lya,200
1574.2345259474416,2003.7474429233173,79,1,1,0,data1756,lya,200
1594.273583721404,2021.8279761934161,80,2,1,0,data1756,lya,200
1604.301699590102,2034.1843562659176,81,1,1,0,data1756,lya,200
1614.3204551026454,2042.7829006247414,82,1,1,0,data1756,lya,200
1654.3404797472274,2051.2748839960313,83,4,1,0,data1756,lya,200
1664.372517700278,2066.529096841712,84,1,1,0,data1756,lya,200
1674.3981332635888,2079.0858964147715,85,1,1,0,data1756,lya,200
1724.4092663533845,2084.0858964147715,86,5,1,0,data1756,lya,200
1734.4477676466406,2101.650602668729,87,1,1,0,data1756,lya,200
1774.4670648724157,2110.558154462296,88,4,1,0,data1756,lya,200
1784.4883817709785,2119.7565293359494,89,1,1,0,data1756,lya,200
1795.2543099169463,2501.3661636202387,90,1,1,0,data1756,lya,200
1805.7573456385248,2751.3661636202387,91,1,1,0,data1756,lya,200
1815.7906574221083,2766.9786911119363,92,1,1,0,data1756,lya,200
1875.8211989270794,2780.0834028810245,94,1,1,0,data1756,lya,200
1885.841436846594,2789.785507149941,95,1,1,0,data1756,lya,200
1895.873999661743,2805.6930420380777,96,1,1,0,data1756,lya,200
1905.8994119442618,2816.816883069739,97,1,1,0,data1756,lya,200
1915.9328550109738,2831.9356404797277,98,1,1,0,data1756,lya,200
1925.9662602161643,2848.513820363134,99,1,1,0,data1756,lya,200
1935.9976298704696,2863.3378356708217,100,1,1,0,data1756,lya,200
1996.0347835346042,2879.298287573985,102,1,1,0,data1756,lya,200
2006.0812066269746,2902.283851186589,103,1,1,0,data1756,lya,200
2016.1113103224143,2916.0192546660537,104,1,1,0,data1756,lya,200
2036.1460579497366,2931.656426699394,105,2,1,0,data1756,lya,200
2046.1876233861556,2950.990672016105,106,1,1,0,data1756,lya,200
2076.227209770632,2968.345856173195,107,3,1,0,data1756,lya,200
2106.2539354689857,2981.554810170741,108,3,1,0,data1756,lya,200
2166.2799073654546,2992.1985757651664,110,1,1,0,data1756,lya,200
2176.318969113839,3006.0648286286755,111,1,1,0,data1756,lya,200
2196.341605938468,3017.2093959261533,112,2,1,0,data1756,lya,200
2206.383362992874,3035.090268923509,113,1,1,0,data1756,lya,200
2216.4260025645785,3056.038267829933,114,1,1,0,data1756,lya,200
2227.0876416284736,3384.7708004338465,115,1,1,0,data1756,lya,200
2237.1234013327903,3400.1471301634924,116,1,1,0,data1756,lya,200
2288.0968344694797,3885.8268475399127,117,5,1,0,data1756,lya,200
2358.12025778021,3894.8605469617205,119,2,1,0,data1756,lya,200
2368.131122989301,3899.8605469617205,120,1,1,0,data1756,lya,200
2378.1601155358967,3912.905376955568,121,1,1,0,data1756,lya,200
2418.187446042126,3926.414850608803,122,4,1,0,data1756,lya,200
2448.2419540517126,3952.2790620856695,123,3,1,0,data1756,lya,200
2458.289789574792,3975.09312991671,124,1,1,0,data1756,lya,200
10.027770839630888,13.383136004983992,0,1,1,0,data1757,baseline,200
20.04343236682962,20.082548902202326,1,1,1,0,data1757,baseline,200
40.092880747289435,43.72128703937362,2,2,1,0,data1757,baseline,200
50.10947340125621,51.25828021729516,3,1,1,0,data1757,baseline,200
70.13497599600996,63.02678272079142,4,2,1,0,data1757,baseline,200
100.16349954495952,76.00900793655686,5,3,1,0,data1757,baseline,200
120.21188718962439,99.43243275958497,6,2,1,0,data1757,baseline,200
130.2264723684196,105.78085620746408,7,1,1,0,data1757,baseline,200
140.25913481205586,121.49110666705192,8,1,1,0,data1757,baseline,200
210.30159837655762,141.67689899177503,9,7,1,0,data1757,baseline,200
340.33085982401957,155.128183474362,10,13,1,0,data1757,baseline,200
350.3503350827168,164.27909831350695,11,1,1,0,data1757,baseline,200
370.38171152702967,178.73917349174167,12,2,1,0,data1757,baseline,200
380.4302507529539,201.37467979120404,13,1,1,0,data1757,baseline,200
450.4574773721594,213.29575056736547,14,7,1,0,data1757,baseline,200
470.503084934204,235.4766679077543,15,2,1,0,data1757,baseline,200
560.5402150794438,251.77000246780537,16,9,1,0,data1757,baseline,200
570.5874848989849,272.93257352648664,17,1,1,0,data1757,baseline,200
600.6229687558555,289.0259889878673,18,3,1,0,data1757,baseline,200
661.4602148368876,706.3748719465024,19,6,1,0,data1757,baseline,200
701.5101610852109,729.5691718783721,20,4,1,0,data1757,baseline,200
832.6143048890191,1280.5154208483111,21,13,1,0,data1757,baseline,200
852.6472534230854,1296.347568527327,22,2,1,0,data1757,baseline,200
882.6896601909878,1315.385346685354,23,3,1,0,data1757,baseline,200
922.7321301676446,1335.0061086007818,24,4,1,0,data1757,baseline,200
932.7709255327819,1354.0703909219724,25,1,1,0,data1757,baseline,200
942.7891685088994,1362.3167811572648,26,1,1,0,data1757,baseline,200
952.8145697551862,1374.1306034968854,27,1,1,0,data1757,baseline,200
962.8390179089234,1385.8479587395414,28,1,1,0,data1757,baseline,200
992.8629654318249,1396.952557593302,29,3,1,0,data1757,baseline,200
1022.8847836227054,1407.592038766284,30,3,1,0,data1757,baseline,200
1044.1123144026878,2019.0777654381682,31,2,1,0,data1757,baseline,200
1074.1503178931237,2035.757509152439,32,3,1,0,data1757,baseline,200
1294.1870507852602,2050.7493293192188,34,2,1,0,data1757,baseline,200
1324.2165113769586,2063.6191676263966,35,3,1,0,data1757,baseline,200
1354.2600831975524,2084.9964838696646,36,3,1,0,data1757,baseline,200
1364.2897229622333,2099.5386535664156,37,1,1,0,data1757,baseline,200
1384.3312992683723,2119.2240161679915,38,2,1,0,data1757,baseline,200
1414.3604109212222,2131.3773855152476,39,3,1,0,data1757,baseline,200
1444.3954072665892,2148.445949515008,40,3,1,0,data1757,baseline,200
1454.4405247910497,2170.156392036538,41,1,1,0,data1757,baseline,200
1474.4532575618725,2175.156392036538,42,2,1,0,data1757,baseline,200
1494.4775331716423,2186.8809656174176,43,2,1,0,data1757,baseline,200
1534.5144891881437,2204.8496764966235,44,4,1,0,data1757,baseline,200
1564.5604401980477,2225.913751865037,45,3,1,0,data1757,baseline,200
1674.5949856730049,2241.9293196047693,46,11,1,0,data1757,baseline,200
1775.4265926988257,2656.639987757182,47,10,1,0,data1757,baseline,200
1886.310957329295,3098.5562011258057,48,11,1,0,data1757,baseline,200
1896.3553174183742,3119.92616807875,49,1,1,0,data1757,baseline,200
2086.3770810851574,3130.5832583935116,50,19,1,0,data1757,baseline,200
2106.4096972919497,3146.1653132941155,51,2,1,0,data1757,baseline,200
2136.44445280198,3162.966158304793,52,3,1,0,data1757,baseline,200
2146.49765436775,3186.5591551748616,53,1,1,0,data1757,baseline,200
2187.432879249461,3653.404387042854,54,4,1,0,data1757,baseline,200
2358.640835124219,4256.499675181853,55,17,1,0,data1757,baseline,200
2378.6733609569596,4272.600046825871,56,2,1,0,data1757,baseline,200
2418.6851727486905,4278.180629379702,57,4,1,0,data1757,baseline,200
2478.72723190107,4298.023771802838,58,6,1,0,data1757,baseline,200
10.027770839630888,13.383136004983992,0,1,1,0,data1757,lya,200
20.04343236682962,20.082548902202326,1,1,1,0,data1757,lya,200
40.092880747289435,43.72128703937362,2,2,1,0,data1757,lya,200
50.10947340125621,51.25828021729516,3,1,1,0,data1757,lya,200
60.13497599600995,63.02678272079142,4,1,1,0,data1757,lya,200
130.18592273919285,86.45020754381952,6,2,1,0,data1757,lya,200
140.20050791798806,92.79863099169863,7,1,1,0,data1757,lya,200
150.23317036162433,108.50888145128647,8,1,1,0,data1757,lya,200
160.2756339261261,128.6946737760096,9,1,1,0,data1757,lya,200
190.30489537358804,142.14595825859658,10,3,1,0,data1757,lya,200
200.32437063228525,151.29687309774152,11,1,1,0,data1757,lya,200
210.35574707659808,165.75694827597624,12,1,1,0,data1757,lya,200
230.40428630252237,188.39245457543862,13,2,1,0,data1757,lya,200
290.45327834222013,210.57337191582747,15,1,1,0,data1757,lya,200
340.49040848745994,226.86670647587854,16,5,1,0,data1757,lya,200
360.53767830700104,248.0292775345598,17,2,1,0,data1757,lya,200
370.57316216387153,264.1226929959405,18,1,1,0,data1757,lya,200
440.6256567273099,287.31699292781025,20,2,1,0,data1757,lya,200
471.72980053111803,838.2632418977493,21,3,1,0,data1757,lya,200
481.76274906518444,854.0953895767651,22,1,1,0,data1757,lya,200
501.80515583308676,873.1331677347922,23,2,1,0,data1757,lya,200
511.84762580974365,892.7539296502199,24,1,1,0,data1757,lya,200
531.886421174881,911.8182119714104,25,2,1,0,data1757,lya,200
541.9046641509984,920.0646022067028,26,1,1,0,data1757,lya,200
551.9300653972853,931.8784245463235,27,1,1,0,data1757,lya,200
561.9545135510225,943.5957797889794,28,1,1,0,data1757,lya,200
581.978461073924,954.70037864274,29,2,1,0,data1757,lya,200
592.0002792648045,965.3398598157222,30,1,1,0,data1757,lya,200
652.0428420818793,982.019603529993,32,1,1,0,data1757,lya,200
722.0495913336824,982.019603529993,34,2,0,1,data1757,lya,200
732.0790519253808,994.8894418371709,35,1,1,0,data1757,lya,200
742.1226237459745,1016.266758080439,36,1,1,0,data1757,lya,200
752.1522635106555,1030.8089277771899,37,1,1,0,data1757,lya,200
772.1938398167947,1050.4942903787658,38,2,1,0,data1757,lya,200
802.2229514696445,1062.6476597260219,39,3,1,0,data1757,lya,200
832.2579478150118,1079.7162237257821,40,3,1,0,data1757,lya,200
842.3030653394721,1101.4266662473117,41,1,1,0,data1757,lya,200
852.315798110295,1106.4266662473117,42,1,1,0,data1757,lya,200
892.3400737200648,1118.1512398281914,43,4,1,0,data1757,lya,200
902.3770297365659,1136.1199507073975,44,1,1,0,data1757,lya,200
912.42298074647,1157.1840260758108,45,1,1,0,data1757,lya,200
962.4575262214273,1173.1995938155433,46,5,1,0,data1757,lya,200
1032.4602441146753,1173.1995938155433,48,2,0,1,data1757,lya,200
1042.5046042037545,1194.5695607684875,49,1,1,0,data1757,lya,200
1052.526367870538,1205.226651083249,50,1,1,0,data1757,lya,200
1062.5589840773307,1220.8087059838526,51,1,1,0,data1757,lya,200
1072.593739587361,1237.6095509945303,52,1,1,0,data1757,lya,200
1082.646941153131,1261.2025478645987,53,1,1,0,data1757,lya,200
1152.6502408695858,1261.2025478645987,55,2,0,1,data1757,lya,200
1162.682766702327,1277.302919508617,56,1,1,0,data1757,lya,200
1172.6945784940576,1282.8835020624474,57,1,1,0,data1757,lya,200
1242.698735140351,1282.8835020624474,59,2,0,1,data1757,lya,200
1252.7424220932492,1303.944284228573,60,1,1,0,data1757,lya,200
1262.7758228165314,1318.2240377372004,61,1,1,0,data1757,lya,200
1273.6711521685259,1765.4460072621434,62,1,1,0,data1757,lya,200
1303.703553311394,1778.0393155157449,63,3,1,0,data1757,lya,200
1313.7264128128002,1787.2990409849663,64,1,1,0,data1757,lya,200
1323.7523710336934,1799.2877599705555,65,1,1,0,data1757,lya,200
1333.7665737118612,1805.191257722906,66,1,1,0,data1757,lya,200
1343.8083066508848,1824.7642853008763,67,1,1,0,data1757,lya,200
1353.8201185076541,1829.7642853008763,68,1,1,0,data1757,lya,200
1383.8728745443843,1854.9249979306724,69,3,1,0,data1757,lya,200
1393.8924271297165,1861.104363434172,70,1,1,0,data1757,lya,200
1413.9429694808036,1883.603806812548,71,2,1,0,data1757,lya,200
1473.9829777291695,1901.4089721499033,73,1,1,0,data1757,lya,200
1504.0067871744357,1912.6467386482689,74,3,1,0,data1757,lya,200
1514.055320028014,1936.0154794452258,75,1,1,0,data1757,lya,200
1534.0867071036857,1951.2339927856472,76,2,1,0,data1757,lya,200
1544.1304758394076,1971.6024028461409,77,1,1,0,data1757,lya,200
1564.1625504717765,1986.9826430456228,78,2,1,0,data1757,lya,200
1574.1991257566556,2003.7474429233173,79,1,1,0,data1757,lya,200
1594.238928785313,2021.8279761934161,80,2,1,0,data1757,lya,200
1604.2659469267849,2034.1843562659176,81,1,1,0,data1757,lya,200
1614.2852302242193,2042.7829006247414,82,1,1,0,data1757,lya,200
1654.3065748367676,2051.2748839960313,83,4,1,0,data1757,lya,200
1664.3386460722443,2066.529096841712,84,1,1,0,data1757,lya,200
1674.368737666144,2079.0858964147715,85,1,1,0,data1757,lya,200
1724.3797202848111,2084.0858964147715,86,5,1,0,data1757,lya,200
1734.4212392875152,2101.650602668729,87,1,1,0,data1757,lya,200
1774.4405360985716,2110.558154462296,88,4,1,0,data1757,lya,200
1784.4611693170875,2119.7565293359494,89,1,1,0,data1757,lya,200
1795.2272372313807,2501.3661636202387,90,1,1,0,data1757,lya,200
1805.730131220303,2751.3661636202387,91,1,1,0,data1757,lya,200
1815.762999186795,2766.9786911119363,92,1,1,0,data1757,lya,200
1875.793074878005,2780.0834028810245,94,1,1,0,data1757,lya,200
1885.8153041808514,2789.785507149941,95,1,1,0,data1757,lya,200
1895.8476316652302,2805.6930420380777,96,1,1,0,data1757,lya,200
1905.8725550122062,2816.816883069739,97,1,1,0,data1757,lya,200
1915.9045463833236,2831.9356404797277,98,1,1,0,data1757,lya,200
1925.9411996766735,2848.513820363134,99,1,1,0,data1757,lya,200
1935.9753960873663,2863.3378356708217,100,1,1,0,data1757,lya,200
1996.0148981322914,2879.298287573985,102,1,1,0,data1757,lya,200
2006.0665007627977,2902.283851186589,103,1,1,0,data1757,lya,200
2016.098272815556,2916.0192546660537,104,1,1,0,data1757,lya,200
2036.1307856064827,2931.656426699394,105,2,1,0,data1757,lya,200
2046.171238521344,2950.990672016105,106,1,1,0,data1757,lya,200
2076.2089682199457,2968.345856173195,107,3,1,0,data1757,lya,200
2106.237382426206,2981.554810170741,108,3,1,0,data1757,lya,200
2166.2638437318233,2992.1985757651664,110,1,1,0,data1757,lya,200
2176.2938231788135,3006.0648286286755,111,1,1,0,data1757,lya,200
2196.3177935982894,3017.2093959261533,112,2,1,0,data1757,lya,200
2206.359724768007,3035.090268923509,113,1,1,0,data1757,lya,200
2216.4071975525703,3056.038267829933,114,1,1,0,data1757,lya,200
2227.0692197846815,3384.7708004338465,115,1,1,0,data1757,lya,200
2237.1006717581563,3400.1471301634924,116,1,1,0,data1757,lya,200
2288.073170176062,3885.8268475399127,117,5,1,0,data1757,lya,200
2358.095990896106,3894.8605469617205,119,2,1,0,data1757,lya,200
2368.110297373286,3899.8605469617205,120,1,1,0,data1757,lya,200
2378.137514346983,3912.905376955568,121,1,1,0,data1757,lya,200
2418.166472061143,3926.414850608803,122,4,1,0,data1757,lya,200
2448.2198188336756,3952.2790620856695,123,3,1,0,data1757,lya,200
2458.2685142425944,3975.09312991671,124,1,1,0,data1757,lya,200
10.029522113212305,13.383136004983992,0,1,1,0,data1758,baseline,200
20.046470872104702,20.082548902202326,1,1,1,0,data1758,baseline,200
40.09519414217658,43.72128703937362,2,2,1,0,data1758,baseline,200
50.11547857086226,51.25828021729516,3,1,1,0,data1758,baseline,200
70.14260586965145,63.02678272079142,4,2,1,0,data1758,baseline,200
100.17151730716346,76.00900793655686,5,3,1,0,data1758,baseline,200
120.22317513126642,99.43243275958497,6,2,1,0,data1758,baseline,200
130.23642185806952,105.78085620746408,7,1,1,0,data1758,baseline,200
140.2703027045945,121.49110666705192,8,1,1,0,data1758,baseline,200
210.31284646881758,141.67689899177503,9,7,1,0,data1758,baseline,200
340.3425518534215,155.128183474362,10,13,1,0,data1758,baseline,200
350.36515507030225,164.27909831350695,11,1,1,0,data1758,baseline,200
370.39683886182434,178.73917349174167,12,2,1,0,data1758,baseline,200
380.44775707083784,201.37467979120404,13,1,1,0,data1758,baseline,200
450.47504132968663,213.29575056736547,14,7,1,0,data1758,baseline,200
470.52264451837965,235.4766679077543,15,2,1,0,data1758,baseline,200
560.5563248351041,251.77000246780537,16,9,1,0,data1758,baseline,200
570.6019717346724,272.93257352648664,17,1,1,0,data1758,baseline,200
600.6349424003433,289.0259889878673,18,3,1,0,data1758,baseline,200
661.4708314809557,706.3748719465024,19,6,1,0,data1758,baseline,200
701.5206198721442,729.5691718783721,20,4,1,0,data1758,baseline,200
832.6234116636873,1280.5154208483111,21,13,1,0,data1758,baseline,200
852.6604881644761,1296.347568527327,22,2,1,0,data1758,baseline,200
882.7022012277165,1315.385346685354,23,3,1,0,data1758,baseline,200
922.7448745656598,1335.0061086007818,24,4,1,0,data1758,baseline,200
932.7860530879323,1354.0703909219724,25,1,1,0,data1758,baseline,200
942.8051484867311,1362.3167811572648,26,1,1,0,data1758,baseline,200
952.8298940504279,1374.1306034968854,27,1,1,0,data1758,baseline,200
962.8567592296895,1385.8479587395414,28,1,1,0,data1758,baseline,200
992.8795539769893,1396.952557593302,29,3,1,0,data1758,baseline,200
1022.9012860064881,1407.592038766284,30,3,1,0,data1758,baseline,200
1044.1294002769903,2019.0777654381682,31,2,1,0,data1758,baseline,200
1074.168155551954,2035.757509152439,32,3,1,0,data1758,baseline,200
1294.2054202606982,2050.7493293192188,34,2,1,0,data1758,baseline,200
1324.2326289997832,2063.6191676263966,35,3,1,0,data1758,baseline,200
1354.2772942178115,2084.9964838696646,36,3,1,0,data1758,baseline,200
1364.307260736291,2099.5386535664156,37,1,1,0,data1758,baseline,200
1384.3497828713028,2119.2240161679915,38,2,1,0,data1758,baseline,200
1414.3757740790718,2131.3773855152476,39,3,1,0,data1758,baseline,200
1444.4130159903941,2148.445949515008,40,3,1,0,data1758,baseline,200
1454.4615805010906,2170.156392036538,41,1,1,0,data1758,baseline,200
1474.475593248941,2175.156392036538,42,2,1,0,data1758,baseline,200
1494.5018580607366,2186.8809656174176,43,2,1,0,data1758,baseline,200
1534.5416934184939,2204.8496764966235,44,4,1,0,data1758,baseline,200
1564.5852125971142,2225.913751865037,45,3,1,0,data1758,baseline,200
1674.6207445535333,2241.9293196047693,46,11,1,0,data1758,baseline,200
1775.454491733087,2656.639987757182,47,10,1,0,data1758,baseline,200
1886.3392913941145,3098.5562011258057,48,11,1,0,data1758,baseline,200
1896.384965417321,3119.92616807875,49,1,1,0,data1758,baseline,200
2086.4087790828817,3130.5832583935116,50,19,1,0,data1758,baseline,200
2106.4412867275164,3146.1653132941155,51,2,1,0,data1758,baseline,200
2136.4790372322614,3162.966158304793,52,3,1,0,data1758,baseline,200
2146.5310668232423,3186.5591551748616,53,1,1,0,data1758,baseline,200
2187.466948496266,3653.404387042854,54,4,1,0,data1758,baseline,200
2358.675450752669,4256.499675181853,55,17,1,0,data1758,baseline,200
2378.7115446236535,4272.600046825871,56,2,1,0,data1758,baseline,200
2418.726189098777,4278.180629379702,57,4,1,0,data1758,baseline,200
2478.7686145894468,4298.023771802838,58,6,1,0,data1758,baseline,200
10.029522113212305,13.383136004983992,0,1,1,0,data1758,lya,200
20.046470872104702,20.082548902202326,1,1,1,0,data1758,lya,200
40.09519414217658,43.72128703937362,2,2,1,0,data1758,lya,200
50.11547857086226,51.25828021729516,3,1,1,0,data1758,lya,200
60.142605869651454,63.02678272079142,4,1,1,0,data1758,lya,200
130.1972106808349,86.45020754381952,6,2,1,0,data1758,lya,200
140.210457407638,92.79863099169863,7,1,1,0,data1758,lya,200
150.24433825416298,108.50888145128647,8,1,1,0,data1758,lya,200
160.28688201838605,128.6946737760096,9,1,1,0,data1758,lya,200
190.31658740299,142.14595825859658,10,3,1,0,data1758,lya,200
200.3391906198707,151.29687309774152,11,1,1,0,data1758,lya,200
210.3708744113928,165.75694827597624,12,1,1,0,data1758,lya,200
230.42179262040634,188.39245457543862,13,2,1,0,data1758,lya,200
290.4728379263958,210.57337191582747,15,1,1,0,data1758,lya,200
340.5065182431203,226.86670647587854,16,5,1,0,data1758,lya,200
360.5521651426885,248.0292775345598,17,2,1,0,data1758,lya,200
370.5851358083595,264.1226929959405,18,1,1,0,data1758,lya,200
440.6361155142431,287.31699292781025,20,2,1,0,data1758,lya,200
471.7389073057863,838.2632418977493,21,3,1,0,data1758,lya,200
481.77598380657514,854.0953895767651,22,1,1,0,data1758,lya,200
501.8176968698156,873.1331677347922,23,2,1,0,data1758,lya,200
511.86037020775893,892.7539296502199,24,1,1,0,data1758,lya,200
531.9015487300314,911.8182119714104,25,2,1,0,data1758,lya,200
541.9206441288303,920.0646022067028,26,1,1,0,data1758,lya,200
551.9453896925271,931.8784245463235,27,1,1,0,data1758,lya,200
561.9722548717887,943.5957797889794,28,1,1,0,data1758,lya,200
581.9950496190885,954.70037864274,29,2,1,0,data1758,lya,200
592.0167816485873,965.3398598157222,30,1,1,0,data1758,lya,200
652.0606797407096,982.019603529993,32,1,1,0,data1758,lya,200
722.0679608091203,982.019603529993,34,2,0,1,data1758,lya,200
732.0951695482053,994.8894418371709,35,1,1,0,data1758,lya,200
742.1398347662335,1016.266758080439,36,1,1,0,data1758,lya,200
752.1698012847132,1030.8089277771899,37,1,1,0,data1758,lya,200
772.2123234197252,1050.4942903787658,38,2,1,0,data1758,lya,200
802.238314627494,1062.6476597260219,39,3,1,0,data1758,lya,200
832.2755565388165,1079.7162237257821,40,3,1,0,data1758,lya,200
842.324121049513,1101.4266662473117,41,1,1,0,data1758,lya,200
852.3381337973636,1106.4266662473117,42,1,1,0,data1758,lya,200
892.3643986091591,1118.1512398281914,43,4,1,0,data1758,lya,200
902.4042339669162,1136.1199507073975,44,1,1,0,data1758,lya,200
912.4477531455365,1157.1840260758108,45,1,1,0,data1758,lya,200
962.4832851019557,1173.1995938155433,46,5,1,0,data1758,lya,200
1032.4885781794949,1173.1995938155433,48,2,0,1,data1758,lya,200
1042.5342522027013,1194.5695607684875,49,1,1,0,data1758,lya,200
1052.5580658682622,1205.226651083249,50,1,1,0,data1758,lya,200
1062.5905735128974,1220.8087059838526,51,1,1,0,data1758,lya,200
1072.6283240176424,1237.6095509945303,52,1,1,0,data1758,lya,200
1082.6803536086236,1261.2025478645987,53,1,1,0,data1758,lya,200
1152.6848564980362,1261.2025478645987,55,2,0,1,data1758,lya,200
1162.720950369021,1277.302919508617,56,1,1,0,data1758,lya,200
1172.7355948441443,1282.8835020624474,57,1,1,0,data1758,lya,200
1242.739751286477,1282.8835020624474,59,2,0,1,data1758,lya,200
1252.7846216112214,1303.944284228573,60,1,1,0,data1758,lya,200
1262.8146167869747,1318.2240377372004,61,1,1,0,data1758,lya,200
1273.7119634396531,1765.4460072621434,62,1,1,0,data1758,lya,200
1303.743304594519,1778.0393155157449,63,3,1,0,data1758,lya,200
1313.76419173503,1787.2990409849663,64,1,1,0,data1758,lya,200
1323.7899928709867,1799.2877599705555,65,1,1,0,data1758,lya,200
1333.8023997893947,1805.191257722906,66,1,1,0,data1758,lya,200
1343.8429219949876,1824.7642853008763,67,1,1,0,data1758,lya,200
1353.8550520799213,1829.7642853008763,68,1,1,0,data1758,lya,200
1383.9065122646782,1854.9249979306724,69,3,1,0,data1758,lya,200
1393.9209830354434,1861.104363434172,70,1,1,0,data1758,lya,200
1413.9690893412937,1883.603806812548,71,2,1,0,data1758,lya,200
1474.0085935498198,1901.4089721499033,73,1,1,0,data1758,lya,200
1504.0319460185397,1912.6467386482689,74,3,1,0,data1758,lya,200
1514.0799916933886,1936.0154794452258,75,1,1,0,data1758,lya,200
1534.111045043982,1951.2339927856472,76,2,1,0,data1758,lya,200
1544.152289463325,1971.6024028461409,77,1,1,0,data1758,lya,200
1564.1849792149108,1986.9826430456228,78,2,1,0,data1758,lya,200
1574.2195159380474,2003.7474429233173,79,1,1,0,data1758,lya,200
1594.2587252037465,2021.8279761934161,80,2,1,0,data1758,lya,200
1604.284095606929,2034.1843562659176,81,1,1,0,data1758,lya,200
1614.3053530114648,2042.7829006247414,82,1,1,0,data1758,lya,200
1654.3267123085677,2051.2748839960313,83,4,1,0,data1758,lya,200
1664.3596268829504,2066.529096841712,84,1,1,0,data1758,lya,200
1674.387044196468,2079.0858964147715,85,1,1,0,data1758,lya,200
1724.3979373800955,2084.0858964147715,86,5,1,0,data1758,lya,200
1734.4347275772525,2101.650602668729,87,1,1,0,data1758,lya,200
1774.4552243214237,2110.558154462296,88,4,1,0,data1758,lya,200
1784.4788955779813,2119.7565293359494,89,1,1,0,data1758,lya,200
1795.2477772675816,2501.3661636202387,90,1,1,0,data1758,lya,200
1805.7537901773285,2751.3661636202387,91,1,1,0,data1758,lya,200
1815.7871424141213,2766.9786911119363,92,1,1,0,data1758,lya,200
1875.8173378204356,2780.0834028810245,94,1,1,0,data1758,lya,200
1885.8378005367215,2789.785507149941,95,1,1,0,data1758,lya,200
1895.8735734428274,2805.6930420380777,96,1,1,0,data1758,lya,200
1905.8980976352536,2816.816883069739,97,1,1,0,data1758,lya,200
1915.9298780674483,2831.9356404797277,98,1,1,0,data1758,lya,200
1925.9673753204884,2848.513820363134,99,1,1,0,data1758,lya,200
1935.9978725152648,2863.3378356708217,100,1,1,0,data1758,lya,200
1996.0321278992249,2879.298287573985,102,1,1,0,data1758,lya,200
2006.0791428256705,2902.283851186589,103,1,1,0,data1758,lya,200
2016.1088717610232,2916.0192546660537,104,1,1,0,data1758,lya,200
2036.14065713958,2931.656426699394,105,2,1,0,data1758,lya,200
2046.1830681353479,2950.990672016105,106,1,1,0,data1758,lya,200
2076.2218354889774,2968.345856173195,107,3,1,0,data1758,lya,200
2106.250806541759,2981.554810170741,108,3,1,0,data1758,lya,200
2166.275020364329,2992.1985757651664,110,1,1,0,data1758,lya,200
2176.3076730370494,3006.0648286286755,111,1,1,0,data1758,lya,200
2196.3341525999995,3017.2093959261533,112,2,1,0,data1758,lya,200
2206.373145869193,3035.090268923509,113,1,1,0,data1758,lya,200
2216.41535975125,3056.038267829933,114,1,1,0,data1758,lya,200
2227.07773461767,3384.7708004338465,115,1,1,0,data1758,lya,200
2237.110173481851,3400.1471301634924,116,1,1,0,data1758,lya,200
2288.0830324001313,3885.8268475399127,117,5,1,0,data1758,lya,200
2358.1043201144266,3894.8605469617205,119,2,1,0,data1758,lya,200
2368.1154998430493,3899.8605469617205,120,1,1,0,data1758,lya,200
2378.1448530139014,3912.905376955568,121,1,1,0,data1758,lya,200
2418.1750749599432,3926.414850608803,122,4,1,0,data1758,lya,200
2448.2320709167775,3952.2790620856695,123,3,1,0,data1758,lya,200
2458.2805492081657,3975.09312991671,124,1,1,0,data1758,lya,200
10.027936630971997,13.383136004983992,0,1,1,0,data1759,baseline,200
20.04442318631134,20.082548902202326,1,1,1,0,data1759,baseline,200
40.093285142483,43.72128703937362,2,2,1,0,data1759,baseline,200
50.113081189740875,51.25828021729516,3,1,1,0,data1759,baseline,200
70.13850773901105,63.02678272079142,4,2,1,0,data1759,baseline,200
100.16509700593164,76.00900793655686,5,3,1,0,data1759,baseline,200
120.21441434118685,99.43243275958497,6,2,1,0,data1759,baseline,200
130.22838622515658,105.78085620746408,7,1,1,0,data1759,baseline,200
140.26178157850822,121.49110666705192,8,1,1,0,data1759,baseline,200
210.30712352646154,141.67689899177503,9,7,1,0,data1759,baseline,200
340.33763845221733,155.128183474362,10,13,1,0,data1759,baseline,200
350.3570128647934,164.27909831350695,11,1,1,0,data1759,baseline,200
370.3879003910424,178.73917349174167,12,2,1,0,data1759,baseline,200
380.43859143694425,201.37467979120404,13,1,1,0,data1759,baseline,200
450.46639422693625,213.29575056736547,14,7,1,0,data1759,baseline,200
470.51213470352576,235.4766679077543,15,2,1,0,data1759,baseline,200
560.5462423536624,251.77000246780537,16,9,1,0,data1759,baseline,200
570.5899183326769,272.93257352648664,17,1,1,0,data1759,baseline,200
600.6280621904341,289.0259889878673,18,3,1,0,data1759,baseline,200
661.465054467642,706.3748719465024,19,6,1,0,data1759,baseline,200
701.5146013237919,729.5691718783721,20,4,1,0,data1759,baseline,200
832.6180484703497,1280.5154208483111,21,13,1,0,data1759,baseline,200
852.6512293851063,1296.347568527327,22,2,1,0,data1759,baseline,200
882.6898825304846,1315.385346685354,23,3,1,0,data1759,baseline,200
922.7309298777654,1335.0061086007818,24,4,1,0,data1759,baseline,200
932.7741966787388,1354.0703909219724,25,1,1,0,data1759,baseline,200
942.7933174698281,1362.3167811572648,26,1,1,0,data1759,baseline,200
952.821376382665,1374.1306034968854,27,1,1,0,data1759,baseline,200
962.8470944679426,1385.8479587395414,28,1,1,0,data1759,baseline,200
992.8706584684153,1396.952557593302,29,3,1,0,data1759,baseline,200
1022.8955863136656,1407.592038766284,30,3,1,0,data1759,baseline,200
1044.121591490392,2019.0777654381682,31,2,1,0,data1759,baseline,200
1074.1578011281292,2035.757509152439,32,3,1,0,data1759,baseline,200
1294.1906294850428,2050.7493293192188,34,2,1,0,data1759,baseline,200
1324.2183007751642,2063.6191676263966,35,3,1,0,data1759,baseline,200
1354.2645683425105,2084.9964838696646,36,3,1,0,data1759,baseline,200
1364.2975405483555,2099.5386535664156,37,1,1,0,data1759,baseline,200
1384.3411819207968,2119.2240161679915,38,2,1,0,data1759,baseline,200
1414.3662259309272,2131.3773855152476,39,3,1,0,data1759,baseline,200
1444.4024965495335,2148.445949515008,40,3,1,0,data1759,baseline,200
1454.447864259315,2170.156392036538,41,1,1,0,data1759,baseline,200
1474.4623077961498,2175.156392036538,42,2,1,0,data1759,baseline,200
1494.487302050651,2186.8809656174176,43,2,1,0,data1759,baseline,200
1534.5256291183287,2204.8496764966235,44,4,1,0,data1759,baseline,200
1564.571083775957,2225.913751865037,45,3,1,0,data1759,baseline,200
1674.6040398019882,2241.9293196047693,46,11,1,0,data1759,baseline,200
1775.4369694270304,2656.639987757182,47,10,1,0,data1759,baseline,200
1886.3227065411659,3098.5562011258057,48,11,1,0,data1759,baseline,200
1896.3703810722673,3119.92616807875,49,1,1,0,data1759,baseline,200
2086.3925021032746,3130.5832583935116,50,19,1,0,data1759,baseline,200
2106.425483364176,3146.1653132941155,51,2,1,0,data1759,baseline,200
2136.4607825252297,3162.966158304793,52,3,1,0,data1759,baseline,200
2146.51215434944,3186.5591551748616,53,1,1,0,data1759,baseline,200
2187.4485415869176,3653.404387042854,54,4,1,0,data1759,baseline,200
2358.6562047837338,4256.499675181853,55,17,1,0,data1759,baseline,200
2378.6890683053575,4272.600046825871,56,2,1,0,data1759,baseline,200
2418.7035089002366,4278.180629379702,57,4,1,0,data1759,baseline,200
2478.746336274625,4298.023771802838,58,6,1,0,data1759,baseline,200
10.027936630971997,13.383136004983992,0,1,1,0,data1759,lya,200
20.04442318631134,20.082548902202326,1,1,1,0,data1759,lya,200
40.093285142483,43.72128703937362,2,2,1,0,data1759,lya,200
50.113081189740875,51.25828021729516,3,1,1,0,data1759,lya,200
60.13850773901105,63.02678272079142,4,1,1,0,data1759,lya,200
130.18844989075532,86.45020754381952,6,2,1,0,data1759,lya,200
140.20242177472505,92.79863099169863,7,1,1,0,data1759,lya,200
150.2358171280767,108.50888145128647,8,1,1,0,data1759,lya,200
160.28115907603,128.6946737760096,9,1,1,0,data1759,lya,200
190.31167400178578,142.14595825859658,10,3,1,0,data1759,lya,200
200.3310484143618,151.29687309774152,11,1,1,0,data1759,lya,200
210.36193594061078,165.75694827597624,12,1,1,0,data1759,lya,200
230.41262698651266,188.39245457543862,13,2,1,0,data1759,lya,200
290.4623281115418,210.57337191582747,15,1,1,0,data1759,lya,200
340.4964357616784,226.86670647587854,16,5,1,0,data1759,lya,200
360.54011174069285,248.0292775345598,17,2,1,0,data1759,lya,200
370.5782555984499,264.1226929959405,18,1,1,0,data1759,lya,200
440.6300969658906,287.31699292781025,20,2,1,0,data1759,lya,200
471.7335441124483,838.2632418977493,21,3,1,0,data1759,lya,200
481.7667250272049,854.0953895767651,22,1,1,0,data1759,lya,200
501.8053781725834,873.1331677347922,23,2,1,0,data1759,lya,200
511.8464255198642,892.7539296502199,24,1,1,0,data1759,lya,200
531.8896923208376,911.8182119714104,25,2,1,0,data1759,lya,200
541.908813111927,920.0646022067028,26,1,1,0,data1759,lya,200
551.9368720247638,931.8784245463235,27,1,1,0,data1759,lya,200
561.9625901100414,943.5957797889794,28,1,1,0,data1759,lya,200
581.9861541105141,954.70037864274,29,2,1,0,data1759,lya,200
592.0110819557644,965.3398598157222,30,1,1,0,data1759,lya,200
652.0503253168845,982.019603529993,32,1,1,0,data1759,lya,200
722.0531700334645,982.019603529993,34,2,0,1,data1759,lya,200
732.0808413235858,994.8894418371709,35,1,1,0,data1759,lya,200
742.1271088909323,1016.266758080439,36,1,1,0,data1759,lya,200
752.1600810967774,1030.8089277771899,37,1,1,0,data1759,lya,200
772.2037224692187,1050.4942903787658,38,2,1,0,data1759,lya,200
802.228766479349,1062.6476597260219,39,3,1,0,data1759,lya,200
832.2650370979555,1079.7162237257821,40,3,1,0,data1759,lya,200
842.3104048077371,1101.4266662473117,41,1,1,0,data1759,lya,200
852.3248483445719,1106.4266662473117,42,1,1,0,data1759,lya,200
892.349842599073,1118.1512398281914,43,4,1,0,data1759,lya,200
902.3881696667507,1136.1199507073975,44,1,1,0,data1759,lya,200
912.4336243243793,1157.1840260758108,45,1,1,0,data1759,lya,200
962.4665803504104,1173.1995938155433,46,5,1,0,data1759,lya,200
1032.471993326546,1173.1995938155433,48,2,0,1,data1759,lya,200
1042.5196678576474,1194.5695607684875,49,1,1,0,data1759,lya,200
1052.541788888655,1205.226651083249,50,1,1,0,data1759,lya,200
1062.5747701495568,1220.8087059838526,51,1,1,0,data1759,lya,200
1072.6100693106105,1237.6095509945303,52,1,1,0,data1759,lya,200
1082.6614411348207,1261.2025478645987,53,1,1,0,data1759,lya,200
1152.6656105291006,1261.2025478645987,55,2,0,1,data1759,lya,200
1162.6984740507246,1277.302919508617,56,1,1,0,data1759,lya,200
1172.7129146456036,1282.8835020624474,57,1,1,0,data1759,lya,200
1242.7201343270895,1282.8835020624474,59,2,0,1,data1759,lya,200
1252.763247861831,1303.944284228573,60,1,1,0,data1759,lya,200
1262.7933474222928,1318.2240377372004,61,1,1,0,data1759,lya,200
1273.6883202321112,1765.4460072621434,62,1,1,0,data1759,lya,200
1303.715583886762,1778.0393155157449,63,3,1,0,data1759,lya,200
1313.737606086478,1787.2990409849663,64,1,1,0,data1759,lya,200
1323.7652618394495,1799.2877599705555,65,1,1,0,data1759,lya,200
1333.782533652505,1805.191257722906,66,1,1,0,data1759,lya,200
1343.823946339793,1824.7642853008763,67,1,1,0,data1759,lya,200
1353.834812906474,1829.7642853008763,68,1,1,0,data1759,lya,200
1383.8876210232431,1854.9249979306724,69,3,1,0,data1759,lya,200
1393.9020620979777,1861.104363434172,70,1,1,0,data1759,lya,200
1413.9503147694309,1883.603806812548,71,2,1,0,data1759,lya,200
1473.989936269739,1901.4089721499033,73,1,1,0,data1759,lya,200
1504.0141889199215,1912.6467386482689,74,3,1,0,data1759,lya,200
1514.064246972388,1936.0154794452258,75,1,1,0,data1759,lya,200
1534.096601845299,1951.2339927856472,76,2,1,0,data1759,lya,200
1544.1387849566606,1971.6024028461409,77,1,1,0,data1759,lya,200
1564.1708136621817,1986.9826430456228,78,2,1,0,data1759,lya,200
1574.205467394595,2003.7474429233173,79,1,1,0,data1759,lya,200
1594.244837718564,2021.8279761934161,80,2,1,0,data1759,lya,200
1604.2708551676842,2034.1843562659176,81,1,1,0,data1759,lya,200
1614.2902427593197,2042.7829006247414,82,1,1,0,data1759,lya,200
1654.308423659471,2051.2748839960313,83,4,1,0,data1759,lya,200
1664.3414817251196,2066.529096841712,84,1,1,0,data1759,lya,200
1674.3709707477199,2079.0858964147715,85,1,1,0,data1759,lya,200
1724.3834493144227,2084.0858964147715,86,5,1,0,data1759,lya,200
1734.4215599938816,2101.650602668729,87,1,1,0,data1759,lya,200
1774.4429538034974,2110.558154462296,88,4,1,0,data1759,lya,200
1784.4648697939103,2119.7565293359494,89,1,1,0,data1759,lya,200
1795.2300265323884,2501.3661636202387,90,1,1,0,data1759,lya,200
1805.7328474731185,2751.3661636202387,91,1,1,0,data1759,lya,200
1815.7678349810478,2766.9786911119363,92,1,1,0,data1759,lya,200
1875.8000429785511,2780.0834028810245,94,1,1,0,data1759,lya,200
1885.821735239524,2789.785507149941,95,1,1,0,data1759,lya,200
1895.8576178936676,2805.6930420380777,96,1,1,0,data1759,lya,200
1905.8843312655335,2816.816883069739,97,1,1,0,data1759,lya,200
1915.9174342807169,2831.9356404797277,98,1,1,0,data1759,lya,200
1925.9526157546884,2848.513820363134,99,1,1,0,data1759,lya,200
1935.983611308899,2863.3378356708217,100,1,1,0,data1759,lya,200
1996.0284971062306,2879.298287573985,102,1,1,0,data1759,lya,200
2006.0750955083017,2902.283851186589,103,1,1,0,data1759,lya,200
2016.1055190525237,2916.0192546660537,104,1,1,0,data1759,lya,200
2036.1391791740245,2931.656426699394,105,2,1,0,data1759,lya,200
2046.179161831664,2950.990672016105,106,1,1,0,data1759,lya,200
2076.2147520376056,2968.345856173195,107,3,1,0,data1759,lya,200
2106.243708220352,2981.554810170741,108,3,1,0,data1759,lya,200
2166.26924917868,2992.1985757651664,110,1,1,0,data1759,lya,200
2176.300929700415,3006.0648286286755,111,1,1,0,data1759,lya,200
2196.3267413958774,3017.2093959261533,112,2,1,0,data1759,lya,200
2206.3652319342063,3035.090268923509,113,1,1,0,data1759,lya,200
2216.4092110626298,3056.038267829933,114,1,1,0,data1759,lya,200
2227.067298075844,3384.7708004338465,115,1,1,0,data1759,lya,200
2237.1000463711825,3400.1471301634924,116,1,1,0,data1759,lya,200
2288.0726534797395,3885.8268475399127,117,5,1,0,data1759,lya,200
2358.095097271009,3894.8605469617205,119,2,1,0,data1759,lya,200
2368.106861789403,3899.8605469617205,120,1,1,0,data1759,lya,200
2378.1376913472795,3912.905376955568,121,1,1,0,data1759,lya,200
2418.167205148171,3926.414850608803,122,4,1,0,data1759,lya,200
2448.2231101843217,3952.2790620856695,123,3,1,0,data1759,lya,200
2458.270993842495,3975.09312991671,124,1,1,0,data1759,lya,200
10.029045063624508,13.383136004983992,0,1,1,0,data1760,baseline,200
20.04415726383585,20.082548902202326,1,1,1,0,data1760,baseline,200
40.093082217822484,43.72128703937362,2,2,1,0,data1760,baseline,200
50.11186406879998,51.25828021729516,3,1,1,0,data1760,baseline,200
70.13691876119985,63.02678272079142,4,2,1,0,data1760,baseline,200
100.16661735828926,76.00900793655686,5,3,1,0,data1760,baseline,200
120.21724556042913,99.43243275958497,6,2,1,0,data1760,baseline,200
130.23172856762704,105.78085620746408,7,1,1,0,data1760,baseline,200
140.26727893746485,121.49110666705192,8,1,1,0,data1760,baseline,200
210.30971891763377,141.67689899177503,9,7,1,0,data1760,baseline,200
340.34034674217673,155.128183474362,10,13,1,0,data1760,baseline,200
350.35979007903853,164.27909831350695,11,1,1,0,data1760,baseline,200
370.3911900627327,178.73917349174167,12,2,1,0,data1760,baseline,200
380.439316495837,201.37467979120404,13,1,1,0,data1760,baseline,200
450.4657699857652,213.29575056736547,14,7,1,0,data1760,baseline,200
470.5120113081687,235.4766679077543,15,2,1,0,data1760,baseline,200
560.5472824934695,251.77000246780537,16,9,1,0,data1760,baseline,200
570.5926048322976,272.93257352648664,17,1,1,0,data1760,baseline,200
600.6258217682079,289.0259889878673,18,3,1,0,data1760,baseline,200
661.4659350110055,706.3748719465024,19,6,1,0,data1760,baseline,200
701.5155021085749,729.5691718783721,20,4,1,0,data1760,baseline,200
832.6210523849979,1280.5154208483111,21,13,1,0,data1760,baseline,200
852.6555798547203,1296.347568527327,22,2,1,0,data1760,baseline,200
882.6949007699745,1315.385346685354,23,3,1,0,data1760,baseline,200
922.7353265734356,1335.0061086007818,24,4,1,0,data1760,baseline,200
932.7765854644548,1354.0703909219724,25,1,1,0,data1760,baseline,200
942.7968923164038,1362.3167811572648,26,1,1,0,data1760,baseline,200
952.8230896780738,1374.1306034968854,27,1,1,0,data1760,baseline,200
962.8491434837354,1385.8479587395414,28,1,1,0,data1760,baseline,200
992.8751548718438,1396.952557593302,29,3,1,0,data1760,baseline,200
1022.8997621712069,1407.592038766284,30,3,1,0,data1760,baseline,200
1044.1307108345172,2019.0777654381682,31,2,1,0,data1760,baseline,200
1074.165665971533,2035.757509152439,32,3,1,0,data1760,baseline,200
1294.201344679644,2050.7493293192188,34,2,1,0,data1760,baseline,200
1324.2283258760983,2063.6191676263966,35,3,1,0,data1760,baseline,200
1354.2724354897,2084.9964838696646,36,3,1,0,data1760,baseline,200
1364.3039301851422,2099.5386535664156,37,1,1,0,data1760,baseline,200
1384.3462394528824,2119.2240161679915,38,2,1,0,data1760,baseline,200
1414.3729782146565,2131.3773855152476,39,3,1,0,data1760,baseline,200
1444.4109856381513,2148.445949515008,40,3,1,0,data1760,baseline,200
1454.4560632749863,2170.156392036538,41,1,1,0,data1760,baseline,200
1474.466580193135,2175.156392036538,42,2,1,0,data1760,baseline,200
1494.491835255135,2186.8809656174176,43,2,1,0,data1760,baseline,200
1534.5308226319837,2204.8496764966235,44,4,1,0,data1760,baseline,200
1564.5760603804188,2225.913751865037,45,3,1,0,data1760,baseline,200
1674.6103529353202,2241.9293196047693,46,11,1,0,data1760,baseline,200
1775.443544200268,2656.639987757182,47,10,1,0,data1760,baseline,200
1886.3283945009316,3098.5562011258057,48,11,1,0,data1760,baseline,200
1896.3721894548753,3119.92616807875,49,1,1,0,data1760,baseline,200
2086.39490301177,3130.5832583935116,50,19,1,0,data1760,baseline,200
2106.4302455796374,3146.1653132941155,51,2,1,0,data1760,baseline,200
2136.4678831157375,3162.966158304793,52,3,1,0,data1760,baseline,200
2146.517424341306,3186.5591551748616,53,1,1,0,data1760,baseline,200
2187.451859219245,3653.404387042854,54,4,1,0,data1760,baseline,200
2358.6604747734946,4256.499675181853,55,17,1,0,data1760,baseline,200
2378.6943075435597,4272.600046825871,56,2,1,0,data1760,baseline,200
2418.708894690023,4278.180629379702,57,4,1,0,data1760,baseline,200
2478.7499766622714,4298.023771802838,58,6,1,0,data1760,baseline,200
10.029045063624508,13.383136004983992,0,1,1,0,data1760,lya,200
20.04415726383585,20.082548902202326,1,1,1,0,data1760,lya,200
40.093082217822484,43.72128703937362,2,2,1,0,data1760,lya,200
50.11186406879998,51.25828021729516,3,1,1,0,data1760,lya,200
60.13691876119985,63.02678272079142,4,1,1,0,data1760,lya,200
130.1912811099976,86.45020754381952,6,2,1,0,data1760,lya,200
140.20576411719549,92.79863099169863,7,1,1,0,data1760,lya,200
150.2413144870333,108.50888145128647,8,1,1,0,data1760,lya,200
160.28375446720221,128.6946737760096,9,1,1,0,data1760,lya,200
190.3143822917452,142.14595825859658,10,3,1,0,data1760,lya,200
200.333825628607,151.29687309774152,11,1,1,0,data1760,lya,200
210.36522561230112,165.75694827597624,12,1,1,0,data1760,lya,200
230.41335204540542,188.39245457543862,13,2,1,0,data1760,lya,200
290.4622047161848,210.57337191582747,15,1,1,0,data1760,lya,200
340.4974759014857,226.86670647587854,16,5,1,0,data1760,lya,200
360.54279824031374,248.0292775345598,17,2,1,0,data1760,lya,200
370.57601517622385,264.1226929959405,18,1,1,0,data1760,lya,200
440.6309977506737,287.31699292781025,20,2,1,0,data1760,lya,200
471.7365480270969,838.2632418977493,21,3,1,0,data1760,lya,200
481.77107549681915,854.0953895767651,22,1,1,0,data1760,lya,200
501.81039641207343,873.1331677347922,23,2,1,0,data1760,lya,200
511.8508222155345,892.7539296502199,24,1,1,0,data1760,lya,200
531.8920811065536,911.8182119714104,25,2,1,0,data1760,lya,200
541.9123879585027,920.0646022067028,26,1,1,0,data1760,lya,200
551.9385853201726,931.8784245463235,27,1,1,0,data1760,lya,200
561.9646391258342,943.5957797889794,28,1,1,0,data1760,lya,200
581.9906505139427,954.70037864274,29,2,1,0,data1760,lya,200
592.0152578133058,965.3398598157222,30,1,1,0,data1760,lya,200
652.058190160288,982.019603529993,32,1,1,0,data1760,lya,200
722.0638852280656,982.019603529993,34,2,0,1,data1760,lya,200
732.0908664245196,994.8894418371709,35,1,1,0,data1760,lya,200
742.1349760381213,1016.266758080439,36,1,1,0,data1760,lya,200
752.1664707335638,1030.8089277771899,37,1,1,0,data1760,lya,200
772.208780001304,1050.4942903787658,38,2,1,0,data1760,lya,200
802.2355187630782,1062.6476597260219,39,3,1,0,data1760,lya,200
832.2735261865729,1079.7162237257821,40,3,1,0,data1760,lya,200
842.3186038234078,1101.4266662473117,41,1,1,0,data1760,lya,200
852.3291207415565,1106.4266662473117,42,1,1,0,data1760,lya,200
892.3543758035563,1118.1512398281914,43,4,1,0,data1760,lya,200
902.3933631804049,1136.1199507073975,44,1,1,0,data1760,lya,200
912.4386009288401,1157.1840260758108,45,1,1,0,data1760,lya,200
962.4728934837416,1173.1995938155433,46,5,1,0,data1760,lya,200
1032.4776812863108,1173.1995938155433,48,2,0,1,data1760,lya,200
1042.5214762402545,1194.5695607684875,49,1,1,0,data1760,lya,200
1052.5441897971496,1205.226651083249,50,1,1,0,data1760,lya,200
1062.5795323650173,1220.8087059838526,51,1,1,0,data1760,lya,200
1072.6171699011172,1237.6095509945303,52,1,1,0,data1760,lya,200
1082.6667111266856,1261.2025478645987,53,1,1,0,data1760,lya,200
1152.6698805188596,1261.2025478645987,55,2,0,1,data1760,lya,200
1162.7037132889252,1277.302919508617,56,1,1,0,data1760,lya,200
1172.7183004353888,1282.8835020624474,57,1,1,0,data1760,lya,200
1242.7238708889286,1282.8835020624474,59,2,0,1,data1760,lya,200
1252.7702655881515,1303.944284228573,60,1,1,0,data1760,lya,200
1262.7999599708844,1318.2240377372004,61,1,1,0,data1760,lya,200
1273.6950056395765,1765.4460072621434,62,1,1,0,data1760,lya,200
1303.7222570460112,1778.0393155157449,63,3,1,0,data1760,lya,200
1313.7436556698317,1787.2990409849663,64,1,1,0,data1760,lya,200
1323.7690643168896,1799.2877599705555,65,1,1,0,data1760,lya,200
1333.7836693536208,1805.191257722906,66,1,1,0,data1760,lya,200
1343.8241556889013,1824.7642853008763,67,1,1,0,data1760,lya,200
1353.836799737935,1829.7642853008763,68,1,1,0,data1760,lya,200
1383.8920044316812,1854.9249979306724,69,3,1,0,data1760,lya,200
1393.9095272957106,1861.104363434172,70,1,1,0,data1760,lya,200
1413.95510468573,1883.603806812548,71,2,1,0,data1760,lya,200
1473.9922784267667,1901.4089721499033,73,1,1,0,data1760,lya,200
1504.0176277391372,1912.6467386482689,74,3,1,0,data1760,lya,200
1514.0649911849493,1936.0154794452258,75,1,1,0,data1760,lya,200
1534.0980053714006,1951.2339927856472,76,2,1,0,data1760,lya,200
1544.1404219346457,1971.6024028461409,77,1,1,0,data1760,lya,200
1564.1723393485618,1986.9826430456228,78,2,1,0,data1760,lya,200
1574.207318519816,2003.7474429233173,79,1,1,0,data1760,lya,200
1594.248087047054,2021.8279761934161,80,2,1,0,data1760,lya,200
1604.2777166257101,2034.1843562659176,81,1,1,0,data1760,lya,200
1614.2985420583439,2042.7829006247414,82,1,1,0,data1760,lya,200
1654.3187435028874,2051.2748839960313,83,4,1,0,data1760,lya,200
1664.351760950971,2066.529096841712,84,1,1,0,data1760,lya,200
1674.3813435414268,2079.0858964147715,85,1,1,0,data1760,lya,200
1724.3962907513878,2084.0858964147715,86,5,1,0,data1760,lya,200
1734.4340788671107,2101.650602668729,87,1,1,0,data1760,lya,200
1774.455328086436,2110.558154462296,88,4,1,0,data1760,lya,200
1784.4770305428042,2119.7565293359494,89,1,1,0,data1760,lya,200
1795.2435468936055,2501.3661636202387,90,1,1,0,data1760,lya,200
1805.7472365935814,2751.3661636202387,91,1,1,0,data1760,lya,200
1815.782809519104,2766.9786911119363,92,1,1,0,data1760,lya,200
1875.813890067523,2780.0834028810245,94,1,1,0,data1760,lya,200
1885.838386531865,2789.785507149941,95,1,1,0,data1760,lya,200
1895.8835523086398,2805.6930420380777,96,1,1,0,data1760,lya,200
1905.9078771242598,2816.816883069739,97,1,1,0,data1760,lya,200
1915.9418549195734,2831.9356404797277,98,1,1,0,data1760,lya,200
1925.9775565806278,2848.513820363134,99,1,1,0,data1760,lya,200
1936.009287632688,2863.3378356708217,100,1,1,0,data1760,lya,200
1996.0447017487058,2879.298287573985,102,1,1,0,data1760,lya,200
2006.0919718472287,2902.283851186589,103,1,1,0,data1760,lya,200
2016.1215112271552,2916.0192546660537,104,1,1,0,data1760,lya,200
2036.1540969654973,2931.656426699394,105,2,1,0,data1760,lya,200
2046.1971987876664,2950.990672016105,106,1,1,0,data1760,lya,200
2076.232491468586,2968.345856173195,107,3,1,0,data1760,lya,200
2106.2608531780634,2981.554810170741,108,3,1,0,data1760,lya,200
2166.28832198461,2992.1985757651664,110,1,1,0,data1760,lya,200
2176.3197431275757,3006.0648286286755,111,1,1,0,data1760,lya,200
2196.343581974436,3017.2093959261533,112,2,1,0,data1760,lya,200
2206.3804120832087,3035.090268923509,113,1,1,0,data1760,lya,200
2216.4260570446386,3056.038267829933,114,1,1,0,data1760,lya,200
2227.0853280598026,3384.7708004338465,115,1,1,0,data1760,lya,200
2237.1168709826675,3400.1471301634924,116,1,1,0,data1760,lya,200
2288.0931365158144,3885.8268475399127,117,5,1,0,data1760,lya,200
2358.117073873669,3894.8605469617205,119,2,1,0,data1760,lya,200
2368.1329254361026,3899.8605469617205,120,1,1,0,data1760,lya,200
2378.160153944584,3912.905376955568,121,1,1,0,data1760,lya,200
2418.189233129591,3926.414850608803,122,4,1,0,data1760,lya,200
2448.242922504482,3952.2790620856695,123,3,1,0,data1760,lya,200
2458.290953489742,3975.09312991671,124,1,1,0,data1760,lya,200
10.028195576428208,13.383136004983992,0,1,1,0,data1761,baseline,200
20.045732401543873,20.082548902202326,1,1,1,0,data1761,baseline,200
40.096143363178,43.72128703937362,2,2,1,0,data1761,baseline,200
50.114623473604546,51.25828021729516,3,1,1,0,data1761,baseline,200
70.14062064873269,63.02678272079142,4,2,1,0,data1761,baseline,200
100.17382017106176,76.00900793655686,5,3,1,0,data1761,baseline,200
120.22573877499258,99.43243275958497,6,2,1,0,data1761,baseline,200
130.24636705659478,105.78085620746408,7,1,1,0,data1761,baseline,200
140.27955712905037,121.49110666705192,8,1,1,0,data1761,baseline,200
210.32204255126987,141.67689899177503,9,7,1,0,data1761,baseline,200
340.35148253320153,155.128183474362,10,13,1,0,data1761,baseline,200
350.3715027459956,164.27909831350695,11,1,1,0,data1761,baseline,200
370.4036846802294,178.73917349174167,12,2,1,0,data1761,baseline,200
380.4526987710328,201.37467979120404,13,1,1,0,data1761,baseline,200
450.477484468434,213.29575056736547,14,7,1,0,data1761,baseline,200
470.5246399583351,235.4766679077543,15,2,1,0,data1761,baseline,200
560.5583498341871,251.77000246780537,16,9,1,0,data1761,baseline,200
570.6024461414308,272.93257352648664,17,1,1,0,data1761,baseline,200
600.6386059363496,289.0259889878673,18,3,1,0,data1761,baseline,200
661.4735063176661,706.3748719465024,19,6,1,0,data1761,baseline,200
701.5254269578714,729.5691718783721,20,4,1,0,data1761,baseline,200
832.6302250892448,1280.5154208483111,21,13,1,0,data1761,baseline,200
852.6687057601656,1296.347568527327,22,2,1,0,data1761,baseline,200
882.7093528658482,1315.385346685354,23,3,1,0,data1761,baseline,200
922.7516556351053,1335.0061086007818,24,4,1,0,data1761,baseline,200
932.7929023112856,1354.0703909219724,25,1,1,0,data1761,baseline,200
942.811436717787,1362.3167811572648,26,1,1,0,data1761,baseline,200
952.8360675062258,1374.1306034968854,27,1,1,0,data1761,baseline,200
962.8611578348343,1385.8479587395414,28,1,1,0,data1761,baseline,200
992.8843710627058,1396.952557593302,29,3,1,0,data1761,baseline,200
1022.9097831801782,1407.592038766284,30,3,1,0,data1761,baseline,200
1044.137126779222,2019.0777654381682,31,2,1,0,data1761,baseline,200
1074.1759604331817,2035.757509152439,32,3,1,0,data1761,baseline,200
1294.2122939711671,2050.7493293192188,34,2,1,0,data1761,baseline,200
1324.2428484749446,2063.6191676263966,35,3,1,0,data1761,baseline,200
1354.287295641526,2084.9964838696646,36,3,1,0,data1761,baseline,200
1364.31945135023,2099.5386535664156,37,1,1,0,data1761,baseline,200
1384.3611127448123,2119.2240161679915,38,2,1,0,data1761,baseline,200
1414.3891403604123,2131.3773855152476,39,3,1,0,data1761,baseline,200
1444.4252095055344,2148.445949515008,40,3,1,0,data1761,baseline,200
1454.470688494854,2170.156392036538,41,1,1,0,data1761,baseline,200
1474.4836831133675,2175.156392036538,42,2,1,0,data1761,baseline,200
1494.509232209153,2186.8809656174176,43,2,1,0,data1761,baseline,200
1534.5465724843928,2204.8496764966235,44,4,1,0,data1761,baseline,200
1564.5905719835423,2225.913751865037,45,3,1,0,data1761,baseline,200
1674.623910097144,2241.9293196047693,46,11,1,0,data1761,baseline,200
1775.4548466677295,2656.639987757182,47,10,1,0,data1761,baseline,200
1886.3401110460022,3098.5562011258057,48,11,1,0,data1761,baseline,200
1896.3869922309848,3119.92616807875,49,1,1,0,data1761,baseline,200
2086.410500288201,3130.5832583935116,50,19,1,0,data1761,baseline,200
2106.443038363723,3146.1653132941155,51,2,1,0,data1761,baseline,200
2136.479497841226,3162.966158304793,52,3,1,0,data1761,baseline,200
2146.528022891537,3186.5591551748616,53,1,1,0,data1761,baseline,200
2187.463195997011,3653.404387042854,54,4,1,0,data1761,baseline,200
2358.6700722208025,4256.499675181853,55,17,1,0,data1761,baseline,200
2378.7032630802905,4272.600046825871,56,2,1,0,data1761,baseline,200
2418.7154364235407,4278.180629379702,57,4,1,0,data1761,baseline,200
2478.758357305016,4298.023771802838,58,6,1,0,data1761,baseline,200
10.028195576428208,13.383136004983992,0,1,1,0,data1761,lya,200
20.045732401543873,20.082548902202326,1,1,1,0,data1761,lya,200
40.096143363178,43.72128703937362,2,2,1,0,data1761,lya,200
50.114623473604546,51.25828021729516,3,1,1,0,data1761,lya,200
60.140620648732686,63.02678272079142,4,1,1,0,data1761,lya,200
130.19977432456102,86.45020754381952,6,2,1,0,data1761,lya,200
140.22040260616322,92.79863099169863,7,1,1,0,data1761,lya,200
150.25359267861882,108.50888145128647,8,1,1,0,data1761,lya,200
160.29607810083832,128.6946737760096,9,1,1,0,data1761,lya,200
190.32551808276997,142.14595825859658,10,3,1,0,data1761,lya,200
200.345538295564,151.29687309774152,11,1,1,0,data1761,lya,200
210.37772022979783,165.75694827597624,12,1,1,0,data1761,lya,200
230.42673432060127,188.39245457543862,13,2,1,0,data1761,lya,200
290.4748333663513,210.57337191582747,15,1,1,0,data1761,lya,200
340.50854324220325,226.86670647587854,16,5,1,0,data1761,lya,200
360.552639549447,248.0292775345598,17,2,1,0,data1761,lya,200
370.5887993443656,264.1226929959405,18,1,1,0,data1761,lya,200
440.6409225999703,287.31699292781025,20,2,1,0,data1761,lya,200
471.7457207313437,838.2632418977493,21,3,1,0,data1761,lya,200
481.7842014022645,854.0953895767651,22,1,1,0,data1761,lya,200
501.8248485079472,873.1331677347922,23,2,1,0,data1761,lya,200
511.86715127720436,892.7539296502199,24,1,1,0,data1761,lya,200
531.9083979533846,911.8182119714104,25,2,1,0,data1761,lya,200
541.926932359886,920.0646022067028,26,1,1,0,data1761,lya,200
551.9515631483248,931.8784245463235,27,1,1,0,data1761,lya,200
561.9766534769333,943.5957797889794,28,1,1,0,data1761,lya,200
581.9998667048047,954.70037864274,29,2,1,0,data1761,lya,200
592.0252788222772,965.3398598157222,30,1,1,0,data1761,lya,200
652.068484621937,982.019603529993,32,1,1,0,data1761,lya,200
722.074834519589,982.019603529993,34,2,0,1,data1761,lya,200
732.1053890233663,994.8894418371709,35,1,1,0,data1761,lya,200
742.1498361899478,1016.266758080439,36,1,1,0,data1761,lya,200
752.181991898652,1030.8089277771899,37,1,1,0,data1761,lya,200
772.2236532932344,1050.4942903787658,38,2,1,0,data1761,lya,200
802.2516809088343,1062.6476597260219,39,3,1,0,data1761,lya,200
832.2877500539565,1079.7162237257821,40,3,1,0,data1761,lya,200
842.333229043276,1101.4266662473117,41,1,1,0,data1761,lya,200
852.3462236617896,1106.4266662473117,42,1,1,0,data1761,lya,200
892.3717727575752,1118.1512398281914,43,4,1,0,data1761,lya,200
902.4091130328148,1136.1199507073975,44,1,1,0,data1761,lya,200
912.4531125319646,1157.1840260758108,45,1,1,0,data1761,lya,200
962.4864506455665,1173.1995938155433,46,5,1,0,data1761,lya,200
1032.4893978313826,1173.1995938155433,48,2,0,1,data1761,lya,200
1042.5362790163651,1194.5695607684875,49,1,1,0,data1761,lya,200
1052.559787073582,1205.226651083249,50,1,1,0,data1761,lya,200
1062.5923251491042,1220.8087059838526,51,1,1,0,data1761,lya,200
1072.6287846266073,1237.6095509945303,52,1,1,0,data1761,lya,200
1082.6773096769184,1261.2025478645987,53,1,1,0,data1761,lya,200
1152.6794779661695,1261.2025478645987,55,2,0,1,data1761,lya,200
1162.7126688256578,1277.302919508617,56,1,1,0,data1761,lya,200
1172.7248421689083,1282.8835020624474,57,1,1,0,data1761,lya,200
1242.7316935777515,1282.8835020624474,59,2,0,1,data1761,lya,200
1252.775180840536,1303.944284228573,60,1,1,0,data1761,lya,200
1262.805793170973,1318.2240377372004,61,1,1,0,data1761,lya,200
1273.702548370602,1765.4460072621434,62,1,1,0,data1761,lya,200
1303.7306345482657,1778.0393155157449,63,3,1,0,data1761,lya,200
1313.7517888368309,1787.2990409849663,64,1,1,0,data1761,lya,200
1323.7781301515172,1799.2877599705555,65,1,1,0,data1761,lya,200
1333.7920259717632,1805.191257722906,66,1,1,0,data1761,lya,200
1343.8333443546942,1824.7642853008763,67,1,1,0,data1761,lya,200
1353.8442886646446,1829.7642853008763,68,1,1,0,data1761,lya,200
1383.895324475392,1854.9249979306724,69,3,1,0,data1761,lya,200
1393.9099480524605,1861.104363434172,70,1,1,0,data1761,lya,200
1413.955785997037,1883.603806812548,71,2,1,0,data1761,lya,200
1473.9932928417493,1901.4089721499033,73,1,1,0,data1761,lya,200
1504.0189020886946,1912.6467386482689,74,3,1,0,data1761,lya,200
1514.0680574185867,1936.0154794452258,75,1,1,0,data1761,lya,200
1534.10448584815,1951.2339927856472,76,2,1,0,data1761,lya,200
1544.1490154806215,1971.6024028461409,77,1,1,0,data1761,lya,200
1564.1835992261856,1986.9826430456228,78,2,1,0,data1761,lya,200
1574.2209678602167,2003.7474429233173,79,1,1,0,data1761,lya,200
1594.259118764822,2021.8279761934161,80,2,1,0,data1761,lya,200
1604.2876952733295,2034.1843562659176,81,1,1,0,data1761,lya,200
1614.310498672244,2042.7829006247414,82,1,1,0,data1761,lya,200
1654.3306744584372,2051.2748839960313,83,4,1,0,data1761,lya,200
1664.3643594627795,2066.529096841712,84,1,1,0,data1761,lya,200
1674.3922672495794,2079.0858964147715,85,1,1,0,data1761,lya,200
1724.405070011329,2084.0858964147715,86,5,1,0,data1761,lya,200
1734.445274909564,2101.650602668729,87,1,1,0,data1761,lya,200
1774.4645639758642,2110.558154462296,88,4,1,0,data1761,lya,200
1784.486097842932,2119.7565293359494,89,1,1,0,data1761,lya,200
1795.2542775749596,2501.3661636202387,90,1,1,0,data1761,lya,200
1805.7573796623415,2751.3661636202387,91,1,1,0,data1761,lya,200
1815.7892437079058,2766.9786911119363,92,1,1,0,data1761,lya,200
1875.8211466749563,2780.0834028810245,94,1,1,0,data1761,lya,200
1885.8449277379268,2789.785507149941,95,1,1,0,data1761,lya,200
1895.8814240386953,2805.6930420380777,96,1,1,0,data1761,lya,200
1905.9066657431833,2816.816883069739,97,1,1,0,data1761,lya,200
1915.9386677246903,2831.9356404797277,98,1,1,0,data1761,lya,200
1925.9736194479328,2848.513820363134,99,1,1,0,data1761,lya,200
1936.0074708636141,2863.3378356708217,100,1,1,0,data1761,lya,200
1996.0445342369865,2879.298287573985,102,1,1,0,data1761,lya,200
2006.090720483539,2902.283851186589,103,1,1,0,data1761,lya,200
2016.1219463545253,2916.0192546660537,104,1,1,0,data1761,lya,200
2036.1537759742557,2931.656426699394,105,2,1,0,data1761,lya,200
2046.195118598643,2950.990672016105,106,1,1,0,data1761,lya,200
2076.2353533315018,2968.345856173195,107,3,1,0,data1761,lya,200
2106.263483516055,2981.554810170741,108,3,1,0,data1761,lya,200
2166.2929152071165,2992.1985757651664,110,1,1,0,data1761,lya,200
2176.3277928418556,3006.0648286286755,111,1,1,0,data1761,lya,200
2196.3526775475284,3017.2093959261533,112,2,1,0,data1761,lya,200
2206.392517033743,3035.090268923509,113,1,1,0,data1761,lya,200
2216.43648453502,3056.038267829933,114,1,1,0,data1761,lya,200
2227.0999002458075,3384.7708004338465,115,1,1,0,data1761,lya,200
2237.136904678357,3400.1471301634924,116,1,1,0,data1761,lya,200
2288.1098103981803,3885.8268475399127,117,5,1,0,data1761,lya,200
2358.13073522848,3894.8605469617205,119,2,1,0,data1761,lya,200
2368.141337897479,3899.8605469617205,120,1,1,0,data1761,lya,200
2378.172656964376,3912.905376955568,121,1,1,0,data1761,lya,200
2418.2022563729747,3926.414850608803,122,4,1,0,data1761,lya,200
2448.256764549235,3952.2790620856695,123,3,1,0,data1761,lya,200
2458.3032218034923,3975.09312991671,124,1,1,0,data1761,lya,200
10.030569707742632,13.383136004983992,0,1,1,0,data1762,baseline,200
20.044687305623686,20.082548902202326,1,1,1,0,data1762,baseline,200
40.09512899286761,43.72128703937362,2,2,1,0,data1762,baseline,200
50.11268282012611,51.25828021729516,3,1,1,0,data1762,baseline,200
70.13779559792923,63.02678272079142,4,2,1,0,data1762,baseline,200
100.16484006098337,76.00900793655686,5,3,1,0,data1762,baseline,200
120.21529262404877,99.43243275958497,6,2,1,0,data1762,baseline,200
130.23190832272152,105.78085620746408,7,1,1,0,data1762,baseline,200
140.2682836539486,121.49110666705192,8,1,1,0,data1762,baseline,200
210.30979847637406,141.67689899177503,9,7,1,0,data1762,baseline,200
340.3402679608222,155.128183474362,10,13,1,0,data1762,baseline,200
350.36147861581406,164.27909831350695,11,1,1,0,data1762,baseline,200
370.39104323522326,178.73917349174167,12,2,1,0,data1762,baseline,200
380.4379851654144,201.37467979120404,13,1,1,0,data1762,baseline,200
450.4640646110274,213.29575056736547,14,7,1,0,data1762,baseline,200
470.51204215749465,235.4766679077543,15,2,1,0,data1762,baseline,200
560.5483061891468,251.77000246780537,16,9,1,0,data1762,baseline,200
570.5943254391327,272.93257352648664,17,1,1,0,data1762,baseline,200
600.628550947118,289.0259889878673,18,3,1,0,data1762,baseline,200
661.4656485976336,706.3748719465024,19,6,1,0,data1762,baseline,200
701.5144313317422,729.5691718783721,20,4,1,0,data1762,baseline,200
832.6213300189239,1280.5154208483111,21,13,1,0,data1762,baseline,200
852.6543719212542,1296.347568527327,22,2,1,0,data1762,baseline,200
882.6939902625795,1315.385346685354,23,3,1,0,data1762,baseline,200
922.737481597903,1335.0061086007818,24,4,1,0,data1762,baseline,200
932.7785294789178,1354.0703909219724,25,1,1,0,data1762,baseline,200
942.7975584496218,1362.3167811572648,26,1,1,0,data1762,baseline,200
952.8247437795994,1374.1306034968854,27,1,1,0,data1762,baseline,200
962.8517989304902,1385.8479587395414,28,1,1,0,data1762,baseline,200
992.8776575124557,1396.952557593302,29,3,1,0,data1762,baseline,200
1022.900371484806,1407.592038766284,30,3,1,0,data1762,baseline,200
1044.1266980804298,2019.0777654381682,31,2,1,0,data1762,baseline,200
1074.1606375095278,2035.757509152439,32,3,1,0,data1762,baseline,200
1294.1946973140005,2050.7493293192188,34,2,1,0,data1762,baseline,200
1324.2227627831787,2063.6191676263966,35,3,1,0,data1762,baseline,200
1354.266359173849,2084.9964838696646,36,3,1,0,data1762,baseline,200
1364.29855641574,2099.5386535664156,37,1,1,0,data1762,baseline,200
1384.3405190212345,2119.2240161679915,38,2,1,0,data1762,baseline,200
1414.3673214952858,2131.3773855152476,39,3,1,0,data1762,baseline,200
1444.40308398983,2148.445949515008,40,3,1,0,data1762,baseline,200
1454.4484871178106,2170.156392036538,41,1,1,0,data1762,baseline,200
1474.4601033747092,2175.156392036538,42,2,1,0,data1762,baseline,200
1494.4857210879893,2186.8809656174176,43,2,1,0,data1762,baseline,200
1534.5234750145676,2204.8496764966235,44,4,1,0,data1762,baseline,200
1564.5687436336314,2225.913751865037,45,3,1,0,data1762,baseline,200
1674.6034769559483,2241.9293196047693,46,11,1,0,data1762,baseline,200
1775.4365140265525,2656.639987757182,47,10,1,0,data1762,baseline,200
1886.325029616586,3098.5562011258057,48,11,1,0,data1762,baseline,200
1896.371817617453,3119.92616807875,49,1,1,0,data1762,baseline,200
2086.3968983955824,3130.5832583935116,50,19,1,0,data1762,baseline,200
2106.4312474375683,3146.1653132941155,51,2,1,0,data1762,baseline,200
2136.4676952639857,3162.966158304793,52,3,1,0,data1762,baseline,200
2146.5189755324504,3186.5591551748616,53,1,1,0,data1762,baseline,200
2187.455531751509,3653.404387042854,54,4,1,0,data1762,baseline,200
2358.665123435022,4256.499675181853,55,17,1,0,data1762,baseline,200
2378.702422950776,4272.600046825871,56,2,1,0,data1762,baseline,200
2418.715581331812,4278.180629379702,57,4,1,0,data1762,baseline,200
2478.757156974333,4298.023771802838,58,6,1,0,data1762,baseline,200
10.030569707742632,13.383136004983992,0,1,1,0,data1762,lya,200
20.044687305623686,20.082548902202326,1,1,1,0,data1762,lya,200
40.09512899286761,43.72128703937362,2,2,1,0,data1762,lya,200
50.11268282012611,51.25828021729516,3,1,1,0,data1762,lya,200
60.13779559792923,63.02678272079142,4,1,1,0,data1762,lya,200
130.18932817361724,86.45020754381952,6,2,1,0,data1762,lya,200
140.20594387229,92.79863099169863,7,1,1,0,data1762,lya,200
150.24231920351707,108.50888145128647,8,1,1,0,data1762,lya,200
160.28383402594253,128.6946737760096,9,1,1,0,data1762,lya,200
190.31430351039063,142.14595825859658,10,3,1,0,data1762,lya,200
200.3355141653825,151.29687309774152,11,1,1,0,data1762,lya,200
210.36507878479176,165.75694827597624,12,1,1,0,data1762,lya,200
230.41202071498293,188.39245457543862,13,2,1,0,data1762,lya,200
290.4622355655108,210.57337191582747,15,1,1,0,data1762,lya,200
340.498499597163,226.86670647587854,16,5,1,0,data1762,lya,200
360.544518847149,248.0292775345598,17,2,1,0,data1762,lya,200
370.5787443551342,264.1226929959405,18,1,1,0,data1762,lya,200
440.62992697384107,287.31699292781025,20,2,1,0,data1762,lya,200
471.7368256610228,838.2632418977493,21,3,1,0,data1762,lya,200
481.7698675633531,854.0953895767651,22,1,1,0,data1762,lya,200
501.8094859046785,873.1331677347922,23,2,1,0,data1762,lya,200
511.85297724000196,892.7539296502199,24,1,1,0,data1762,lya,200
531.8940251210169,911.8182119714104,25,2,1,0,data1762,lya,200
541.9130540917208,920.0646022067028,26,1,1,0,data1762,lya,200
551.9402394216985,931.8784245463235,27,1,1,0,data1762,lya,200
561.9672945725893,943.5957797889794,28,1,1,0,data1762,lya,200
581.9931531545548,954.70037864274,29,2,1,0,data1762,lya,200
592.015867126905,965.3398598157222,30,1,1,0,data1762,lya,200
652.0531616982832,982.019603529993,32,1,1,0,data1762,lya,200
722.0572378624223,982.019603529993,34,2,0,1,data1762,lya,200
732.0853033316005,994.8894418371709,35,1,1,0,data1762,lya,200
742.1288997222708,1016.266758080439,36,1,1,0,data1762,lya,200
752.1610969641621,1030.8089277771899,37,1,1,0,data1762,lya,200
772.2030595696567,1050.4942903787658,38,2,1,0,data1762,lya,200
802.2298620437077,1062.6476597260219,39,3,1,0,data1762,lya,200
832.265624538252,1079.7162237257821,40,3,1,0,data1762,lya,200
842.3110276662323,1101.4266662473117,41,1,1,0,data1762,lya,200
852.322643923131,1106.4266662473117,42,1,1,0,data1762,lya,200
892.3482616364112,1118.1512398281914,43,4,1,0,data1762,lya,200
902.3860155629892,1136.1199507073975,44,1,1,0,data1762,lya,200
912.431284182053,1157.1840260758108,45,1,1,0,data1762,lya,200
962.4660175043699,1173.1995938155433,46,5,1,0,data1762,lya,200
1032.4743164019656,1173.1995938155433,48,2,0,1,data1762,lya,200
1042.5211044028324,1194.5695607684875,49,1,1,0,data1762,lya,200
1052.5461851809623,1205.226651083249,50,1,1,0,data1762,lya,200
1062.5805342229485,1220.8087059838526,51,1,1,0,data1762,lya,200
1072.616982049366,1237.6095509945303,52,1,1,0,data1762,lya,200
1082.6682623178308,1261.2025478645987,53,1,1,0,data1762,lya,200
1152.6745291803884,1261.2025478645987,55,2,0,1,data1762,lya,200
1162.7118286961427,1277.302919508617,56,1,1,0,data1762,lya,200
1172.7249870771782,1282.8835020624474,57,1,1,0,data1762,lya,200
1242.7289621828925,1282.8835020624474,59,2,0,1,data1762,lya,200
1252.7746058015891,1303.944284228573,60,1,1,0,data1762,lya,200
1262.8047478658857,1318.2240377372004,61,1,1,0,data1762,lya,200
1273.7025229587491,1765.4460072621434,62,1,1,0,data1762,lya,200
1303.7302440320743,1778.0393155157449,63,3,1,0,data1762,lya,200
1313.7528111568672,1787.2990409849663,64,1,1,0,data1762,lya,200
1323.7796249180435,1799.2877599705555,65,1,1,0,data1762,lya,200
1333.7944913188192,1805.191257722906,66,1,1,0,data1762,lya,200
1343.835935633719,1824.7642853008763,67,1,1,0,data1762,lya,200
1353.850369292047,1829.7642853008763,68,1,1,0,data1762,lya,200
1383.90575235488,1854.9249979306724,69,3,1,0,data1762,lya,200
1393.9205053043315,1861.104363434172,70,1,1,0,data1762,lya,200
1413.9661166131996,1883.603806812548,71,2,1,0,data1762,lya,200
1474.0061368259642,1901.4089721499033,73,1,1,0,data1762,lya,200
1504.0301202508144,1912.6467386482689,74,3,1,0,data1762,lya,200
1514.0802841775064,1936.0154794452258,75,1,1,0,data1762,lya,200
1534.113329040272,1951.2339927856472,76,2,1,0,data1762,lya,200
1544.1579221466911,1971.6024028461409,77,1,1,0,data1762,lya,200
1564.191976362663,1986.9826430456228,78,2,1,0,data1762,lya,200
1574.2271645122496,2003.7474429233173,79,1,1,0,data1762,lya,200
1594.2657999815724,2021.8279761934161,80,2,1,0,data1762,lya,200
1604.2918727886613,2034.1843562659176,81,1,1,0,data1762,lya,200
1614.3110129729562,2042.7829006247414,82,1,1,0,data1762,lya,200
1654.3300518295268,2051.2748839960313,83,4,1,0,data1762,lya,200
1664.3626519674951,2066.529096841712,84,1,1,0,data1762,lya,200
1674.3919671991005,2079.0858964147715,85,1,1,0,data1762,lya,200
1724.4056690427876,2084.0858964147715,86,5,1,0,data1762,lya,200
1734.441787905619,2101.650602668729,87,1,1,0,data1762,lya,200
1774.463158705898,2110.558154462296,88,4,1,0,data1762,lya,200
1784.4861161419042,2119.7565293359494,89,1,1,0,data1762,lya,200
1795.250017759227,2501.3661636202387,90,1,1,0,data1762,lya,200
1805.7534449428276,2751.3661636202387,91,1,1,0,data1762,lya,200
1815.7854108784375,2766.9786911119363,92,1,1,0,data1762,lya,200
1875.8166611247798,2780.0834028810245,94,1,1,0,data1762,lya,200
1885.8372883479385,2789.785507149941,95,1,1,0,data1762,lya,200
1895.8722471769056,2805.6930420380777,96,1,1,0,data1762,lya,200
1905.8992186670484,2816.816883069739,97,1,1,0,data1762,lya,200
1915.9304619364532,2831.9356404797277,98,1,1,0,data1762,lya,200
1925.9659935503837,2848.513820363134,99,1,1,0,data1762,lya,200
1935.9993521139918,2863.3378356708217,100,1,1,0,data1762,lya,200
1996.0359357926343,2879.298287573985,102,1,1,0,data1762,lya,200
2006.0822839874031,2902.283851186589,103,1,1,0,data1762,lya,200
2016.113519977203,2916.0192546660537,104,1,1,0,data1762,lya,200
2036.146034222415,2931.656426699394,105,2,1,0,data1762,lya,200
2046.1861605753165,2950.990672016105,106,1,1,0,data1762,lya,200
2076.2268953830458,2968.345856173195,107,3,1,0,data1762,lya,200
2106.2544599700236,2981.554810170741,108,3,1,0,data1762,lya,200
2166.281972548315,2992.1985757651664,110,1,1,0,data1762,lya,200
2176.312748600639,3006.0648286286755,111,1,1,0,data1762,lya,200
2196.3372275361075,3017.2093959261533,112,2,1,0,data1762,lya,200
2206.3745980848903,3035.090268923509,113,1,1,0,data1762,lya,200
2216.4173906438696,3056.038267829933,114,1,1,0,data1762,lya,200
2227.0763159355265,3384.7708004338465,115,1,1,0,data1762,lya,200
2237.109682254651,3400.1471301634924,116,1,1,0,data1762,lya,200
2288.082383833957,3885.8268475399127,117,5,1,0,data1762,lya,200
2358.1069422623095,3894.8605469617205,119,2,1,0,data1762,lya,200
2368.119720516687,3899.8605469617205,120,1,1,0,data1762,lya,200
2378.146871386948,3912.905376955568,121,1,1,0,data1762,lya,200
2418.174951357493,3926.414850608803,122,4,1,0,data1762,lya,200
2448.228445418943,3952.2790620856695,123,3,1,0,data1762,lya,200
2458.274978071245,3975.09312991671,124,1,1,0,data1762,lya,200
10.028249234515394,13.383136004983992,0,1,1,0,data1763,baseline,200
20.04700249789981,20.082548902202326,1,1,1,0,data1763,baseline,200
40.09484618798977,43.72128703937362,2,2,1,0,data1763,baseline,200
50.11075343581869,51.25828021729516,3,1,1,0,data1763,baseline,200
70.13572746215902,63.02678272079142,4,2,1,0,data1763,baseline,200
100.16218463475364,76.00900793655686,5,3,1,0,data1763,baseline,200
120.21108669364756,99.43243275958497,6,2,1,0,data1763,baseline,200
130.22488495815938,105.78085620746408,7,1,1,0,data1763,baseline,200
140.2585861365574,121.49110666705192,8,1,1,0,data1763,baseline,200
210.29961215576623,141.67689899177503,9,7,1,0,data1763,baseline,200
340.3315993504583,155.128183474362,10,13,1,0,data1763,baseline,200
350.3506777525366,164.27909831350695,11,1,1,0,data1763,baseline,200
370.38464343389387,178.73917349174167,12,2,1,0,data1763,baseline,200
380.4309014885448,201.37467979120404,13,1,1,0,data1763,baseline,200
450.4586918224497,213.29575056736547,14,7,1,0,data1763,baseline,200
470.504383881932,235.4766679077543,15,2,1,0,data1763,baseline,200
560.5387960611026,251.77000246780537,16,9,1,0,data1763,baseline,200
570.58283377712,272.93257352648664,17,1,1,0,data1763,baseline,200
600.6173304989763,289.0259889878673,18,3,1,0,data1763,baseline,200
661.4554650079713,706.3748719465024,19,6,1,0,data1763,baseline,200
701.5062189871178,729.5691718783721,20,4,1,0,data1763,baseline,200
832.6127563680815,1280.5154208483111,21,13,1,0,data1763,baseline,200
852.6486272865727,1296.347568527327,22,2,1,0,data1763,baseline,200
882.6881296663475,1315.385346685354,23,3,1,0,data1763,baseline,200
922.7302248991181,1335.0061086007818,24,4,1,0,data1763,baseline,200
932.7705811115362,1354.0703909219724,25,1,1,0,data1763,baseline,200
942.7882665762116,1362.3167811572648,26,1,1,0,data1763,baseline,200
952.8155595970861,1374.1306034968854,27,1,1,0,data1763,baseline,200
962.841888236476,1385.8479587395414,28,1,1,0,data1763,baseline,200
992.8698417723884,1396.952557593302,29,3,1,0,data1763,baseline,200
1022.8935214788326,1407.592038766284,30,3,1,0,data1763,baseline,200
1044.1198438965964,2019.0777654381682,31,2,1,0,data1763,baseline,200
1074.1571402716745,2035.757509152439,32,3,1,0,data1763,baseline,200
1294.1931173927103,2050.7493293192188,34,2,1,0,data1763,baseline,200
1324.219831691808,2063.6191676263966,35,3,1,0,data1763,baseline,200
1354.2646629313163,2084.9964838696646,36,3,1,0,data1763,baseline,200
1364.2980859100153,2099.5386535664156,37,1,1,0,data1763,baseline,200
1384.341982799258,2119.2240161679915,38,2,1,0,data1763,baseline,200
1414.369078557395,2131.3773855152476,39,3,1,0,data1763,baseline,200
1444.4075003550458,2148.445949515008,40,3,1,0,data1763,baseline,200
1454.4542398060237,2170.156392036538,41,1,1,0,data1763,baseline,200
1474.4687002055496,2175.156392036538,42,2,1,0,data1763,baseline,200
1494.49512819852,2186.8809656174176,43,2,1,0,data1763,baseline,200
1534.535016451667,2204.8496764966235,44,4,1,0,data1763,baseline,200
1564.5810175037118,2225.913751865037,45,3,1,0,data1763,baseline,200
1674.6142328940339,2241.9293196047693,46,11,1,0,data1763,baseline,200
1775.4464144025192,2656.639987757182,47,10,1,0,data1763,baseline,200
1886.3316114140578,3098.5562011258057,48,11,1,0,data1763,baseline,200
1896.3763685708493,3119.92616807875,49,1,1,0,data1763,baseline,200
2086.3984806846215,3130.5832583935116,50,19,1,0,data1763,baseline,200
2106.4327089346493,3146.1653132941155,51,2,1,0,data1763,baseline,200
2136.4732810553814,3162.966158304793,52,3,1,0,data1763,baseline,200
2146.5242909635485,3186.5591551748616,53,1,1,0,data1763,baseline,200
2187.46055704805,3653.404387042854,54,4,1,0,data1763,baseline,200
2358.668341068344,4256.499675181853,55,17,1,0,data1763,baseline,200
2378.7015535045816,4272.600046825871,56,2,1,0,data1763,baseline,200
2418.714311786073,4278.180629379702,57,4,1,0,data1763,baseline,200
2478.7590900324235,4298.023771802838,58,6,1,0,data1763,baseline,200
10.028249234515394,13.383136004983992,0,1,1,0,data1763,lya,200
20.04700249789981,20.082548902202326,1,1,1,0,data1763,lya,200
40.09484618798977,43.72128703937362,2,2,1,0,data1763,lya,200
50.11075343581869,51.25828021729516,3,1,1,0,data1763,lya,200
60.13572746215903,63.02678272079142,4,1,1,0,data1763,lya,200
130.18512224321603,86.45020754381952,6,2,1,0,data1763,lya,200
140.19892050772785,92.79863099169863,7,1,1,0,data1763,lya,200
150.23262168612587,108.50888145128647,8,1,1,0,data1763,lya,200
160.2736477053347,128.6946737760096,9,1,1,0,data1763,lya,200
190.30563490002675,142.14595825859658,10,3,1,0,data1763,lya,200
200.32471330210507,151.29687309774152,11,1,1,0,data1763,lya,200
210.35867898346234,165.75694827597624,12,1,1,0,data1763,lya,200
230.4049370381133,188.39245457543862,13,2,1,0,data1763,lya,200
290.4545772899481,210.57337191582747,15,1,1,0,data1763,lya,200
340.48898946911885,226.86670647587854,16,5,1,0,data1763,lya,200
360.53302718513606,248.0292775345598,17,2,1,0,data1763,lya,200
370.5675239069924,264.1226929959405,18,1,1,0,data1763,lya,200
440.6217146292167,287.31699292781025,20,2,1,0,data1763,lya,200
471.7282520101804,838.2632418977493,21,3,1,0,data1763,lya,200
481.76412292867167,854.0953895767651,22,1,1,0,data1763,lya,200
501.8036253084465,873.1331677347922,23,2,1,0,data1763,lya,200
511.8457205412171,892.7539296502199,24,1,1,0,data1763,lya,200
531.8860767536352,911.8182119714104,25,2,1,0,data1763,lya,200
541.9037622183106,920.0646022067028,26,1,1,0,data1763,lya,200
551.9310552391851,931.8784245463235,27,1,1,0,data1763,lya,200
561.957383878575,943.5957797889794,28,1,1,0,data1763,lya,200
581.9853374144874,954.70037864274,29,2,1,0,data1763,lya,200
592.0090171209315,965.3398598157222,30,1,1,0,data1763,lya,200
652.0496644604298,982.019603529993,32,1,1,0,data1763,lya,200
722.0556579411322,982.019603529993,34,2,0,1,data1763,lya,200
732.0823722402298,994.8894418371709,35,1,1,0,data1763,lya,200
742.127203479738,1016.266758080439,36,1,1,0,data1763,lya,200
752.1606264584373,1030.8089277771899,37,1,1,0,data1763,lya,200
772.2045233476799,1050.4942903787658,38,2,1,0,data1763,lya,200
802.2316191058168,1062.6476597260219,39,3,1,0,data1763,lya,200
832.2700409034678,1079.7162237257821,40,3,1,0,data1763,lya,200
842.3167803544454,1101.4266662473117,41,1,1,0,data1763,lya,200
852.3312407539712,1106.4266662473117,42,1,1,0,data1763,lya,200
892.3576687469417,1118.1512398281914,43,4,1,0,data1763,lya,200
902.3975570000886,1136.1199507073975,44,1,1,0,data1763,lya,200
912.4435580521335,1157.1840260758108,45,1,1,0,data1763,lya,200
962.4767734424557,1173.1995938155433,46,5,1,0,data1763,lya,200
1032.4808981994374,1173.1995938155433,48,2,0,1,data1763,lya,200
1042.525655356229,1194.5695607684875,49,1,1,0,data1763,lya,200
1052.5477674700012,1205.226651083249,50,1,1,0,data1763,lya,200
1062.5819957200292,1220.8087059838526,51,1,1,0,data1763,lya,200
1072.6225678407611,1237.6095509945303,52,1,1,0,data1763,lya,200
1082.6735777489282,1261.2025478645987,53,1,1,0,data1763,lya,200
1152.6777468137093,1261.2025478645987,55,2,0,1,data1763,lya,200
1162.7109592499473,1277.302919508617,56,1,1,0,data1763,lya,200
1172.7237175314385,1282.8835020624474,57,1,1,0,data1763,lya,200
1242.7299133117926,1282.8835020624474,59,2,0,1,data1763,lya,200
1252.7743717346882,1303.944284228573,60,1,1,0,data1763,lya,200
1262.809253136794,1318.2240377372004,61,1,1,0,data1763,lya,200
1273.7065658317697,1765.4460072621434,62,1,1,0,data1763,lya,200
1303.7334137942983,1778.0393155157449,63,3,1,0,data1763,lya,200
1313.7549239548234,1787.2990409849663,64,1,1,0,data1763,lya,200
1323.779891322354,1799.2877599705555,65,1,1,0,data1763,lya,200
1333.7939929552788,1805.191257722906,66,1,1,0,data1763,lya,200
1343.834236343283,1824.7642853008763,67,1,1,0,data1763,lya,200
1353.8471084322805,1829.7642853008763,68,1,1,0,data1763,lya,200
1383.9012750926984,1854.9249979306724,69,3,1,0,data1763,lya,200
1393.9151259167538,1861.104363434172,70,1,1,0,data1763,lya,200
1413.9638453408982,1883.603806812548,71,2,1,0,data1763,lya,200
1474.0036016916722,1901.4089721499033,73,1,1,0,data1763,lya,200
1504.0282972842547,1912.6467386482689,74,3,1,0,data1763,lya,200
1514.0788840389491,1936.0154794452258,75,1,1,0,data1763,lya,200
1534.1107933165129,1951.2339927856472,76,2,1,0,data1763,lya,200
1544.1530016990562,1971.6024028461409,77,1,1,0,data1763,lya,200
1564.1871382636607,1986.9826430456228,78,2,1,0,data1763,lya,200
1574.2224213693114,2003.7474429233173,79,1,1,0,data1763,lya,200
1594.2593610394542,2021.8279761934161,80,2,1,0,data1763,lya,200
1604.2868961332244,2034.1843562659176,81,1,1,0,data1763,lya,200
1614.3104122071393,2042.7829006247414,82,1,1,0,data1763,lya,200
1654.3317454410212,2051.2748839960313,83,4,1,0,data1763,lya,200
1664.3645343347632,2066.529096841712,84,1,1,0,data1763,lya,200
1674.3901177796313,2079.0858964147715,85,1,1,0,data1763,lya,200
1724.4010346964774,2084.0858964147715,86,5,1,0,data1763,lya,200
1734.4392883712635,2101.650602668729,87,1,1,0,data1763,lya,200
1774.4577493634206,2110.558154462296,88,4,1,0,data1763,lya,200
1784.4776036395872,2119.7565293359494,89,1,1,0,data1763,lya,200
1795.2426489054292,2501.3661636202387,90,1,1,0,data1763,lya,200
1805.74460491081,2751.3661636202387,91,1,1,0,data1763,lya,200
1815.7764104297653,2766.9786911119363,92,1,1,0,data1763,lya,200
1875.8076693178893,2780.0834028810245,94,1,1,0,data1763,lya,200
1885.833891236812,2789.785507149941,95,1,1,0,data1763,lya,200
1895.8673194028438,2805.6930420380777,96,1,1,0,data1763,lya,200
1905.8949675186439,2816.816883069739,97,1,1,0,data1763,lya,200
1915.9274374350814,2831.9356404797277,98,1,1,0,data1763,lya,200
1925.9662570404028,2848.513820363134,99,1,1,0,data1763,lya,200
1935.9972638856016,2863.3378356708217,100,1,1,0,data1763,lya,200
1996.0378568495314,2879.298287573985,102,1,1,0,data1763,lya,200
2006.0841676930977,2902.283851186589,103,1,1,0,data1763,lya,200
2016.11224265465,2916.0192546660537,104,1,1,0,data1763,lya,200
2036.1480559349393,2931.656426699394,105,2,1,0,data1763,lya,200
2046.1904009428004,2950.990672016105,106,1,1,0,data1763,lya,200
2076.228566638122,2968.345856173195,107,3,1,0,data1763,lya,200
2106.2604753139562,2981.554810170741,108,3,1,0,data1763,lya,200
2166.2884314055423,2992.1985757651664,110,1,1,0,data1763,lya,200
2176.3195370010103,3006.0648286286755,111,1,1,0,data1763,lya,200
2196.3444698953076,3017.2093959261533,112,2,1,0,data1763,lya,200
2206.3827441089825,3035.090268923509,113,1,1,0,data1763,lya,200
2216.4257035567966,3056.038267829933,114,1,1,0,data1763,lya,200
2227.0868905955053,3384.7708004338465,115,1,1,0,data1763,lya,200
2237.1205167157564,3400.1471301634924,116,1,1,0,data1763,lya,200
2288.092865427993,3885.8268475399127,117,5,1,0,data1763,lya,200
2358.115347906773,3894.8605469617205,119,2,1,0,data1763,lya,200
2368.1280181894285,3899.8605469617205,120,1,1,0,data1763,lya,200
2378.1558041950775,3912.905376955568,121,1,1,0,data1763,lya,200
2418.1849004431133,3926.414850608803,122,4,1,0,data1763,lya,200
2448.2393757327845,3952.2790620856695,123,3,1,0,data1763,lya,200
2458.287019843895,3975.09312991671,124,1,1,0,data1763,lya,200
10.028503622448136,13.383136004983992,0,1,1,0,data1764,baseline,200
20.04877464920151,20.082548902202326,1,1,1,0,data1764,baseline,200
40.10654243752555,43.72128703937362,2,2,1,0,data1764,baseline,200
50.12426205839744,51.25828021729516,3,1,1,0,data1764,baseline,200
70.15104468178157,63.02678272079142,4,2,1,0,data1764,baseline,200
100.18000819020395,76.00900793655686,5,3,1,0,data1764,baseline,200
120.23286493500758,99.43243275958497,6,2,1,0,data1764,baseline,200
130.24859869105782,105.78085620746408,7,1,1,0,data1764,baseline,200
140.28274656288366,121.49110666705192,8,1,1,0,data1764,baseline,200
210.32483478807208,141.67689899177503,9,7,1,0,data1764,baseline,200
340.3539907351169,155.128183474362,10,13,1,0,data1764,baseline,200
350.37690478958154,164.27909831350695,11,1,1,0,data1764,baseline,200
370.4086854928763,178.73917349174167,12,2,1,0,data1764,baseline,200
380.4549916652914,201.37467979120404,13,1,1,0,data1764,baseline,200
450.4795167532344,213.29575056736547,14,7,1,0,data1764,baseline,200
470.5255934989224,235.4766679077543,15,2,1,0,data1764,baseline,200
560.560334698713,251.77000246780537,16,9,1,0,data1764,baseline,200
570.6043957386169,272.93257352648664,17,1,1,0,data1764,baseline,200
600.6399303238115,289.0259889878673,18,3,1,0,data1764,baseline,200
661.4787882153278,706.3748719465024,19,6,1,0,data1764,baseline,200
701.5281748137321,729.5691718783721,20,4,1,0,data1764,baseline,200
832.63138001496,1280.5154208483111,21,13,1,0,data1764,baseline,200
852.664024516114,1296.347568527327,22,2,1,0,data1764,baseline,200
882.7029917187303,1315.385346685354,23,3,1,0,data1764,baseline,200
922.7437698169492,1335.0061086007818,24,4,1,0,data1764,baseline,200
932.7845151255847,1354.0703909219724,25,1,1,0,data1764,baseline,200
942.8023663257042,1362.3167811572648,26,1,1,0,data1764,baseline,200
952.8270891150725,1374.1306034968854,27,1,1,0,data1764,baseline,200
962.8532840079982,1385.8479587395414,28,1,1,0,data1764,baseline,200
992.8809734259005,1396.952557593302,29,3,1,0,data1764,baseline,200
1022.9035305794772,1407.592038766284,30,3,1,0,data1764,baseline,200
1044.1271495433034,2019.0777654381682,31,2,1,0,data1764,baseline,200
1074.1638255284577,2035.757509152439,32,3,1,0,data1764,baseline,200
1294.2023683156724,2050.7493293192188,34,2,1,0,data1764,baseline,200
1324.2296257203134,2063.6191676263966,35,3,1,0,data1764,baseline,200
1354.273097476391,2084.9964838696646,36,3,1,0,data1764,baseline,200
1364.3052468423787,2099.5386535664156,37,1,1,0,data1764,baseline,200
1384.3472895068512,2119.2240161679915,38,2,1,0,data1764,baseline,200
1414.3739680563567,2131.3773855152476,39,3,1,0,data1764,baseline,200
1444.4095182213496,2148.445949515008,40,3,1,0,data1764,baseline,200
1454.457234090575,2170.156392036538,41,1,1,0,data1764,baseline,200
1474.471705207808,2175.156392036538,42,2,1,0,data1764,baseline,200
1494.4961834874262,2186.8809656174176,43,2,1,0,data1764,baseline,200
1534.535736679049,2204.8496764966235,44,4,1,0,data1764,baseline,200
1564.5781738733183,2225.913751865037,45,3,1,0,data1764,baseline,200
1674.613725837201,2241.9293196047693,46,11,1,0,data1764,baseline,200
1775.446968780146,2656.639987757182,47,10,1,0,data1764,baseline,200
1886.334093054404,3098.5562011258057,48,11,1,0,data1764,baseline,200
1896.3792592133682,3119.92616807875,49,1,1,0,data1764,baseline,200
2086.4016615598603,3130.5832583935116,50,19,1,0,data1764,baseline,200
2106.434450940323,3146.1653132941155,51,2,1,0,data1764,baseline,200
2136.4707743009917,3162.966158304793,52,3,1,0,data1764,baseline,200
2146.5189717950097,3186.5591551748616,53,1,1,0,data1764,baseline,200
2187.4537892568037,3653.404387042854,54,4,1,0,data1764,baseline,200
2358.662238960264,4256.499675181853,55,17,1,0,data1764,baseline,200
2378.6967353246664,4272.600046825871,56,2,1,0,data1764,baseline,200
2418.7141338415395,4278.180629379702,57,4,1,0,data1764,baseline,200
2478.756588526422,4298.023771802838,58,6,1,0,data1764,baseline,200
10.028503622448136,13.383136004983992,0,1,1,0,data1764,lya,200
20.04877464920151,20.082548902202326,1,1,1,0,data1764,lya,200
40.10654243752555,43.72128703937362,2,2,1,0,data1764,lya,200
50.12426205839744,51.25828021729516,3,1,1,0,data1764,lya,200
60.15104468178157,63.02678272079142,4,1,1,0,data1764,lya,200
130.20690048457604,86.45020754381952,6,2,1,0,data1764,lya,200
140.22263424062626,92.79863099169863,7,1,1,0,data1764,lya,200
150.2567821124521,108.50888145128647,8,1,1,0,data1764,lya,200
160.29887033764052,128.6946737760096,9,1,1,0,data1764,lya,200
190.32802628468536,142.14595825859658,10,3,1,0,data1764,lya,200
200.35094033915001,151.29687309774152,11,1,1,0,data1764,lya,200
210.38272104244473,165.75694827597624,12,1,1,0,data1764,lya,200
230.42902721485981,188.39245457543862,13,2,1,0,data1764,lya,200
290.4757869069384,210.57337191582747,15,1,1,0,data1764,lya,200
340.510528106729,226.86670647587854,16,5,1,0,data1764,lya,200
360.5545891466328,248.0292775345598,17,2,1,0,data1764,lya,200
370.5901237318274,264.1226929959405,18,1,1,0,data1764,lya,200
440.64367045583094,287.31699292781025,20,2,1,0,data1764,lya,200
471.7468756570589,838.2632418977493,21,3,1,0,data1764,lya,200
481.77952015821296,854.0953895767651,22,1,1,0,data1764,lya,200
501.8184873608294,873.1331677347922,23,2,1,0,data1764,lya,200
511.85926545904834,892.7539296502199,24,1,1,0,data1764,lya,200
531.9000107676839,911.8182119714104,25,2,1,0,data1764,lya,200
541.9178619678033,920.0646022067028,26,1,1,0,data1764,lya,200
551.9425847571716,931.8784245463235,27,1,1,0,data1764,lya,200
561.9687796500974,943.5957797889794,28,1,1,0,data1764,lya,200
581.9964690679997,954.70037864274,29,2,1,0,data1764,lya,200
592.0190262215764,965.3398598157222,30,1,1,0,data1764,lya,200
652.0563497172133,982.019603529993,32,1,1,0,data1764,lya,200
722.0649088640943,982.019603529993,34,2,0,1,data1764,lya,200
732.0921662687351,994.8894418371709,35,1,1,0,data1764,lya,200
742.1356380248128,1016.266758080439,36,1,1,0,data1764,lya,200
752.1677873908004,1030.8089277771899,37,1,1,0,data1764,lya,200
772.2098300552731,1050.4942903787658,38,2,1,0,data1764,lya,200
802.2365086047784,1062.6476597260219,39,3,1,0,data1764,lya,200
832.2720587697714,1079.7162237257821,40,3,1,0,data1764,lya,200
842.3197746389966,1101.4266662473117,41,1,1,0,data1764,lya,200
852.3342457562297,1106.4266662473117,42,1,1,0,data1764,lya,200
892.3587240358477,1118.1512398281914,43,4,1,0,data1764,lya,200
902.3982772274704,1136.1199507073975,44,1,1,0,data1764,lya,200
912.4407144217398,1157.1840260758108,45,1,1,0,data1764,lya,200
962.4762663856225,1173.1995938155433,46,5,1,0,data1764,lya,200
1032.4833798397835,1173.1995938155433,48,2,0,1,data1764,lya,200
1042.5285459987476,1194.5695607684875,49,1,1,0,data1764,lya,200
1052.55094834524,1205.226651083249,50,1,1,0,data1764,lya,200
1062.5837377257033,1220.8087059838526,51,1,1,0,data1764,lya,200
1072.620061086372,1237.6095509945303,52,1,1,0,data1764,lya,200
1082.6682585803903,1261.2025478645987,53,1,1,0,data1764,lya,200
1152.6716447056303,1261.2025478645987,55,2,0,1,data1764,lya,200
1162.7061410700333,1277.302919508617,56,1,1,0,data1764,lya,200
1172.7235395869063,1282.8835020624474,57,1,1,0,data1764,lya,200
1242.727398978461,1282.8835020624474,59,2,0,1,data1764,lya,200
1252.770048128059,1303.944284228573,60,1,1,0,data1764,lya,200
1262.7995773453938,1318.2240377372004,61,1,1,0,data1764,lya,200
1273.6975399221417,1765.4460072621434,62,1,1,0,data1764,lya,200
1303.724370656848,1778.0393155157449,63,3,1,0,data1764,lya,200
1313.7463021877843,1787.2990409849663,64,1,1,0,data1764,lya,200
1323.7728619820448,1799.2877599705555,65,1,1,0,data1764,lya,200
1333.788767074269,1805.191257722906,66,1,1,0,data1764,lya,200
1343.8324175583666,1824.7642853008763,67,1,1,0,data1764,lya,200
1353.8443848487939,1829.7642853008763,68,1,1,0,data1764,lya,200
1383.8964056475977,1854.9249979306724,69,3,1,0,data1764,lya,200
1393.9120943169976,1861.104363434172,70,1,1,0,data1764,lya,200
1413.9591110107501,1883.603806812548,71,2,1,0,data1764,lya,200
1474.0003232603492,1901.4089721499033,73,1,1,0,data1764,lya,200
1504.0234943606717,1912.6467386482689,74,3,1,0,data1764,lya,200
1514.074165480883,1936.0154794452258,75,1,1,0,data1764,lya,200
1534.1060436546113,1951.2339927856472,76,2,1,0,data1764,lya,200
1544.1501163167438,1971.6024028461409,77,1,1,0,data1764,lya,200
1564.1828583791882,1986.9826430456228,78,2,1,0,data1764,lya,200
1574.2190639855023,2003.7474429233173,79,1,1,0,data1764,lya,200
1594.2571699181176,2021.8279761934161,80,2,1,0,data1764,lya,200
1604.2840111058752,2034.1843562659176,81,1,1,0,data1764,lya,200
1614.3035658004785,2042.7829006247414,82,1,1,0,data1764,lya,200
1654.3225520490007,2051.2748839960313,83,4,1,0,data1764,lya,200
1664.3573545042268,2066.529096841712,84,1,1,0,data1764,lya,200
1674.385148925607,2079.0858964147715,85,1,1,0,data1764,lya,200
1724.3963621716919,2084.0858964147715,86,5,1,0,data1764,lya,200
1734.433368059654,2101.650602668729,87,1,1,0,data1764,lya,200
1774.4528638232377,2110.558154462296,88,4,1,0,data1764,lya,200
1784.4747692440726,2119.7565293359494,89,1,1,0,data1764,lya,200
1795.2420995802254,2501.3661636202387,90,1,1,0,data1764,lya,200
1805.7433051838502,2751.3661636202387,91,1,1,0,data1764,lya,200
1815.7804673158419,2766.9786911119363,92,1,1,0,data1764,lya,200
1875.8124175513592,2780.0834028810245,94,1,1,0,data1764,lya,200
1885.8332546741042,2789.785507149941,95,1,1,0,data1764,lya,200
1895.8665753885073,2805.6930420380777,96,1,1,0,data1764,lya,200
1905.8898708319296,2816.816883069739,97,1,1,0,data1764,lya,200
1915.924926005633,2831.9356404797277,98,1,1,0,data1764,lya,200
1925.961748490442,2848.513820363134,99,1,1,0,data1764,lya,200
1935.9940505190452,2863.3378356708217,100,1,1,0,data1764,lya,200
1996.0323450206902,2879.298287573985,102,1,1,0,data1764,lya,200
2006.081601886318,2902.283851186589,103,1,1,0,data1764,lya,200
2016.1120440148952,2916.0192546660537,104,1,1,0,data1764,lya,200
2036.1451315200009,2931.656426699394,105,2,1,0,data1764,lya,200
2046.1861269108347,2950.990672016105,106,1,1,0,data1764,lya,200
2076.2237205896954,2968.345856173195,107,3,1,0,data1764,lya,200
2106.251741200765,2981.554810170741,108,3,1,0,data1764,lya,200
2166.278509455346,2992.1985757651664,110,1,1,0,data1764,lya,200
2176.308868659558,3006.0648286286755,111,1,1,0,data1764,lya,200
2196.3334463409797,3017.2093959261533,112,2,1,0,data1764,lya,200
2206.3734608353593,3035.090268923509,113,1,1,0,data1764,lya,200
2216.4221079323875,3056.038267829933,114,1,1,0,data1764,lya,200
2227.0829640061756,3384.7708004338465,115,1,1,0,data1764,lya,200
2237.116727622734,3400.1471301634924,116,1,1,0,data1764,lya,200
2288.095162669124,3885.8268475399127,117,5,1,0,data1764,lya,200
2358.1185522553424,3894.8605469617205,119,2,1,0,data1764,lya,200
2368.1310511131583,3899.8605469617205,120,1,1,0,data1764,lya,200
2378.162030737929,3912.905376955568,121,1,1,0,data1764,lya,200
2418.1916639601964,3926.414850608803,122,4,1,0,data1764,lya,200
2448.245327043332,3952.2790620856695,123,3,1,0,data1764,lya,200
2458.2943955703736,3975.09312991671,124,1,1,0,data1764,lya,200
10.028796755275105,13.383136004983992,0,1,1,0,data1765,baseline,200
20.04422794771215,20.082548902202326,1,1,1,0,data1765,baseline,200
40.09389226184075,43.72128703937362,2,2,1,0,data1765,baseline,200
50.11479070275239,51.25828021729516,3,1,1,0,data1765,baseline,200
70.14218256108636,63.02678272079142,4,2,1,0,data1765,baseline,200
100.17040828267201,76.00900793655686,5,3,1,0,data1765,baseline,200
120.2205127550038,99.43243275958497,6,2,1,0,data1765,baseline,200
130.23460553740756,105.78085620746408,7,1,1,0,data1765,baseline,200
140.27083124496667,121.49110666705192,8,1,1,0,data1765,baseline,200
210.31401564167925,141.67689899177503,9,7,1,0,data1765,baseline,200
340.3430773863911,155.128183474362,10,13,1,0,data1765,baseline,200
350.3625010885443,164.27909831350695,11,1,1,0,data1765,baseline,200
370.39238034766413,178.73917349174167,12,2,1,0,data1765,baseline,200
380.4398015822097,201.37467979120404,13,1,1,0,data1765,baseline,200
450.4644806903459,213.29575056736547,14,7,1,0,data1765,baseline,200
470.5130108439615,235.4766679077543,15,2,1,0,data1765,baseline,200
560.5482012773998,251.77000246780537,16,9,1,0,data1765,baseline,200
570.5920143147084,272.93257352648664,17,1,1,0,data1765,baseline,200
600.6286246654481,289.0259889878673,18,3,1,0,data1765,baseline,200
661.4657613501242,706.3748719465024,19,6,1,0,data1765,baseline,200
701.5156168505085,729.5691718783721,20,4,1,0,data1765,baseline,200
832.6214574794825,1280.5154208483111,21,13,1,0,data1765,baseline,200
852.6551865643848,1296.347568527327,22,2,1,0,data1765,baseline,200
882.6955348137861,1315.385346685354,23,3,1,0,data1765,baseline,200
922.7353906041756,1335.0061086007818,24,4,1,0,data1765,baseline,200
932.7759716214485,1354.0703909219724,25,1,1,0,data1765,baseline,200
942.7983102500075,1362.3167811572648,26,1,1,0,data1765,baseline,200
952.8239055750774,1374.1306034968854,27,1,1,0,data1765,baseline,200
962.8511390608423,1385.8479587395414,28,1,1,0,data1765,baseline,200
992.8743133666331,1396.952557593302,29,3,1,0,data1765,baseline,200
1022.8981660115513,1407.592038766284,30,3,1,0,data1765,baseline,200
1044.1250253325434,2019.0777654381682,31,2,1,0,data1765,baseline,200
1074.160195200775,2035.757509152439,32,3,1,0,data1765,baseline,200
1294.1969707186388,2050.7493293192188,34,2,1,0,data1765,baseline,200
1324.2238528292273,2063.6191676263966,35,3,1,0,data1765,baseline,200
1354.2672563335598,2084.9964838696646,36,3,1,0,data1765,baseline,200
1364.3017166491513,2099.5386535664156,37,1,1,0,data1765,baseline,200
1384.343086375355,2119.2240161679915,38,2,1,0,data1765,baseline,200
1414.3694646148701,2131.3773855152476,39,3,1,0,data1765,baseline,200
1444.4068684442059,2148.445949515008,40,3,1,0,data1765,baseline,200
1454.4510132195203,2170.156392036538,41,1,1,0,data1765,baseline,200
1474.4621929746813,2175.156392036538,42,2,1,0,data1765,baseline,200
1494.492453383492,2186.8809656174176,43,2,1,0,data1765,baseline,200
1534.5306052350331,2204.8496764966235,44,4,1,0,data1765,baseline,200
1564.5772101339996,2225.913751865037,45,3,1,0,data1765,baseline,200
1674.613804883944,2241.9293196047693,46,11,1,0,data1765,baseline,200
1775.4443611906022,2656.639987757182,47,10,1,0,data1765,baseline,200
1886.3307133723115,3098.5562011258057,48,11,1,0,data1765,baseline,200
1896.37567575655,3119.92616807875,49,1,1,0,data1765,baseline,200
2086.398810090295,3130.5832583935116,50,19,1,0,data1765,baseline,200
2106.432697084397,3146.1653132941155,51,2,1,0,data1765,baseline,200
2136.4703403334447,3162.966158304793,52,3,1,0,data1765,baseline,200
2146.5183044333603,3186.5591551748616,53,1,1,0,data1765,baseline,200
2187.454844196514,3653.404387042854,54,4,1,0,data1765,baseline,200
2358.6625804655305,4256.499675181853,55,17,1,0,data1765,baseline,200
2378.6963849311524,4272.600046825871,56,2,1,0,data1765,baseline,200
2418.709472432306,4278.180629379702,57,4,1,0,data1765,baseline,200
2478.7499691280186,4298.023771802838,58,6,1,0,data1765,baseline,200
10.028796755275105,13.383136004983992,0,1,1,0,data1765,lya,200
20.04422794771215,20.082548902202326,1,1,1,0,data1765,lya,200
40.09389226184075,43.72128703937362,2,2,1,0,data1765,lya,200
50.11479070275239,51.25828021729516,3,1,1,0,data1765,lya,200
60.14218256108636,63.02678272079142,4,1,1,0,data1765,lya,200
130.19454830457227,86.45020754381952,6,2,1,0,data1765,lya,200
140.20864108697603,92.79863099169863,7,1,1,0,data1765,lya,200
150.24486679453514,108.50888145128647,8,1,1,0,data1765,lya,200
160.28805119124772,128.6946737760096,9,1,1,0,data1765,lya,200
190.31711293595956,142.14595825859658,10,3,1,0,data1765,lya,200
200.33653663811276,151.29687309774152,11,1,1,0,data1765,lya,200
210.36641589723263,165.75694827597624,12,1,1,0,data1765,lya,200
230.41383713177825,188.39245457543862,13,2,1,0,data1765,lya,200
290.4632042519777,210.57337191582747,15,1,1,0,data1765,lya,200
340.49839468541603,226.86670647587854,16,5,1,0,data1765,lya,200
360.5422077227246,248.0292775345598,17,2,1,0,data1765,lya,200
370.57881807346416,264.1226929959405,18,1,1,0,data1765,lya,200
440.6311124926075,287.31699292781025,20,2,1,0,data1765,lya,200
471.7369531215815,838.2632418977493,21,3,1,0,data1765,lya,200
481.7706822064839,854.0953895767651,22,1,1,0,data1765,lya,200
501.8110304558853,873.1331677347922,23,2,1,0,data1765,lya,200
511.8508862462748,892.7539296502199,24,1,1,0,data1765,lya,200
531.8914672635477,911.8182119714104,25,2,1,0,data1765,lya,200
541.9138058921067,920.0646022067028,26,1,1,0,data1765,lya,200
551.9394012171766,931.8784245463235,27,1,1,0,data1765,lya,200
561.9666347029415,943.5957797889794,28,1,1,0,data1765,lya,200
581.9898090087323,954.70037864274,29,2,1,0,data1765,lya,200
592.0136616536505,965.3398598157222,30,1,1,0,data1765,lya,200
652.0527193895305,982.019603529993,32,1,1,0,data1765,lya,200
722.0595112670607,982.019603529993,34,2,0,1,data1765,lya,200
732.086393377649,994.8894418371709,35,1,1,0,data1765,lya,200
742.1297968819815,1016.266758080439,36,1,1,0,data1765,lya,200
752.1642571975732,1030.8089277771899,37,1,1,0,data1765,lya,200
772.2056269237769,1050.4942903787658,38,2,1,0,data1765,lya,200
802.232005163292,1062.6476597260219,39,3,1,0,data1765,lya,200
832.2694089926277,1079.7162237257821,40,3,1,0,data1765,lya,200
842.3135537679422,1101.4266662473117,41,1,1,0,data1765,lya,200
852.3247335231032,1106.4266662473117,42,1,1,0,data1765,lya,200
892.3549939319138,1118.1512398281914,43,4,1,0,data1765,lya,200
902.3931457834549,1136.1199507073975,44,1,1,0,data1765,lya,200
912.4397506824215,1157.1840260758108,45,1,1,0,data1765,lya,200
962.4763454323659,1173.1995938155433,46,5,1,0,data1765,lya,200
1032.4800001576914,1173.1995938155433,48,2,0,1,data1765,lya,200
1042.5249625419299,1194.5695607684875,49,1,1,0,data1765,lya,200
1052.5480968756747,1205.226651083249,50,1,1,0,data1765,lya,200
1062.5819838697776,1220.8087059838526,51,1,1,0,data1765,lya,200
1072.6196271188248,1237.6095509945303,52,1,1,0,data1765,lya,200
1082.6675912187402,1261.2025478645987,53,1,1,0,data1765,lya,200
1152.6719862108964,1261.2025478645987,55,2,0,1,data1765,lya,200
1162.7057906765185,1277.302919508617,56,1,1,0,data1765,lya,200
1172.7188781776724,1282.8835020624474,57,1,1,0,data1765,lya,200
1242.721201029951,1282.8835020624474,59,2,0,1,data1765,lya,200
1252.7642191752027,1303.944284228573,60,1,1,0,data1765,lya,200
1262.7963864171443,1318.2240377372004,61,1,1,0,data1765,lya,200
1273.6930178054631,1765.4460072621434,62,1,1,0,data1765,lya,200
1303.7199055656158,1778.0393155157449,63,3,1,0,data1765,lya,200
1313.74210085813,1787.2990409849663,64,1,1,0,data1765,lya,200
1323.7696311509128,1799.2877599705555,65,1,1,0,data1765,lya,200
1333.783879825801,1805.191257722906,66,1,1,0,data1765,lya,200
1343.8251170624633,1824.7642853008763,67,1,1,0,data1765,lya,200
1353.8389627159997,1829.7642853008763,68,1,1,0,data1765,lya,200
1383.892719169193,1854.9249979306724,69,3,1,0,data1765,lya,200
1393.9080158719196,1861.104363434172,70,1,1,0,data1765,lya,200
1413.955942050678,1883.603806812548,71,2,1,0,data1765,lya,200
1473.9951421661672,1901.4089721499033,73,1,1,0,data1765,lya,200
1504.018907466895,1912.6467386482689,74,3,1,0,data1765,lya,200
1514.0677490004161,1936.0154794452258,75,1,1,0,data1765,lya,200
1534.1016077970373,1951.2339927856472,76,2,1,0,data1765,lya,200
1544.146769912609,1971.6024028461409,77,1,1,0,data1765,lya,200
1564.1800750718508,1986.9826430456228,78,2,1,0,data1765,lya,200
1574.21970182481,2003.7474429233173,79,1,1,0,data1765,lya,200
1594.256658730307,2021.8279761934161,80,2,1,0,data1765,lya,200
1604.2853482754158,2034.1843562659176,81,1,1,0,data1765,lya,200
1614.3037401408324,2042.7829006247414,82,1,1,0,data1765,lya,200
1654.32285423307,2051.2748839960313,83,4,1,0,data1765,lya,200
1664.3557830046261,2066.529096841712,84,1,1,0,data1765,lya,200
1674.3827223636313,2079.0858964147715,85,1,1,0,data1765,lya,200
1724.3945977999072,2084.0858964147715,86,5,1,0,data1765,lya,200
1734.431465291569,2101.650602668729,87,1,1,0,data1765,lya,200
1774.4510110519946,2110.558154462296,88,4,1,0,data1765,lya,200
1784.4725647896596,2119.7565293359494,89,1,1,0,data1765,lya,200
1795.2368849061377,2501.3661636202387,90,1,1,0,data1765,lya,200
1805.7395974803708,2751.3661636202387,91,1,1,0,data1765,lya,200
1815.7728435183255,2766.9786911119363,92,1,1,0,data1765,lya,200
1875.806131068446,2780.0834028810245,94,1,1,0,data1765,lya,200
1885.8299557029407,2789.785507149941,95,1,1,0,data1765,lya,200
1895.863719297514,2805.6930420380777,96,1,1,0,data1765,lya,200
1905.8873888718535,2816.816883069739,97,1,1,0,data1765,lya,200
1915.9203516674754,2831.9356404797277,98,1,1,0,data1765,lya,200
1925.9553167692857,2848.513820363134,99,1,1,0,data1765,lya,200
1935.9864193498838,2863.3378356708217,100,1,1,0,data1765,lya,200
1996.0210643259747,2879.298287573985,102,1,1,0,data1765,lya,200
2006.0713707162936,2902.283851186589,103,1,1,0,data1765,lya,200
2016.100862723813,2916.0192546660537,104,1,1,0,data1765,lya,200
2036.1339752772128,2931.656426699394,105,2,1,0,data1765,lya,200
2046.1751501398383,2950.990672016105,106,1,1,0,data1765,lya,200
2076.2143425942586,2968.345856173195,107,3,1,0,data1765,lya,200
2106.2441937631306,2981.554810170741,108,3,1,0,data1765,lya,200
2166.2737666196513,2992.1985757651664,110,1,1,0,data1765,lya,200
2176.306037343871,3006.0648286286755,111,1,1,0,data1765,lya,200
2196.329084432754,3017.2093959261533,112,2,1,0,data1765,lya,200
2206.367076014676,3035.090268923509,113,1,1,0,data1765,lya,200
2216.4102801041954,3056.038267829933,114,1,1,0,data1765,lya,200
2227.0688081647713,3384.7708004338465,115,1,1,0,data1765,lya,200
2237.1037069110125,3400.1471301634924,116,1,1,0,data1765,lya,200
2288.078309548655,3885.8268475399127,117,5,1,0,data1765,lya,200
2358.107151351397,3894.8605469617205,119,2,1,0,data1765,lya,200
2368.1197240883,3899.8605469617205,120,1,1,0,data1765,lya,200
2378.1477830611807,3912.905376955568,121,1,1,0,data1765,lya,200
2418.177611255162,3926.414850608803,122,4,1,0,data1765,lya,200
2448.2335282551085,3952.2790620856695,123,3,1,0,data1765,lya,200
2458.2808570144803,3975.09312991671,124,1,1,0,data1765,lya,200
10.029346508895411,13.383136004983992,0,1,1,0,data1766,baseline,200
20.043343343594465,20.082548902202326,1,1,1,0,data1766,baseline,200
40.093477783181484,43.72128703937362,2,2,1,0,data1766,baseline,200
50.10965162171035,51.25828021729516,3,1,1,0,data1766,baseline,200
70.13403985376843,63.02678272079142,4,2,1,0,data1766,baseline,200
100.1611967548415,76.00900793655686,5,3,1,0,data1766,baseline,200
120.21056617340486,99.43243275958497,6,2,1,0,data1766,baseline,200
130.2259823556629,105.78085620746408,7,1,1,0,data1766,baseline,200
140.25837211822503,121.49110666705192,8,1,1,0,data1766,baseline,200
210.30192331757007,141.67689899177503,9,7,1,0,data1766,baseline,200
340.3311886812306,155.128183474362,10,13,1,0,data1766,baseline,200
350.35321682685804,164.27909831350695,11,1,1,0,data1766,baseline,200
370.38448649980535,178.73917349174167,12,2,1,0,data1766,baseline,200
380.4308630271373,201.37467979120404,13,1,1,0,data1766,baseline,200
450.45969988871883,213.29575056736547,14,7,1,0,data1766,baseline,200
470.5085500178221,235.4766679077543,15,2,1,0,data1766,baseline,200
560.5420613699148,251.77000246780537,16,9,1,0,data1766,baseline,200
570.5865635874011,272.93257352648664,17,1,1,0,data1766,baseline,200
600.6200468611977,289.0259889878673,18,3,1,0,data1766,baseline,200
661.4600558547991,706.3748719465024,19,6,1,0,data1766,baseline,200
701.5076723238546,729.5691718783721,20,4,1,0,data1766,baseline,200
832.6124733231478,1280.5154208483111,21,13,1,0,data1766,baseline,200
852.6459541737858,1296.347568527327,22,2,1,0,data1766,baseline,200
882.6870346965043,1315.385346685354,23,3,1,0,data1766,baseline,200
922.7294149401059,1335.0061086007818,24,4,1,0,data1766,baseline,200
932.7684163425583,1354.0703909219724,25,1,1,0,data1766,baseline,200
942.787817086755,1362.3167811572648,26,1,1,0,data1766,baseline,200
952.8130809381113,1374.1306034968854,27,1,1,0,data1766,baseline,200
962.8396803682053,1385.8479587395414,28,1,1,0,data1766,baseline,200
992.866176156906,1396.952557593302,29,3,1,0,data1766,baseline,200
1022.8886122806496,1407.592038766284,30,3,1,0,data1766,baseline,200
1044.1136307289726,2019.0777654381682,31,2,1,0,data1766,baseline,200
1074.1483903199776,2035.757509152439,32,3,1,0,data1766,baseline,200
1294.1851857437377,2050.7493293192188,34,2,1,0,data1766,baseline,200
1324.2128897860316,2063.6191676263966,35,3,1,0,data1766,baseline,200
1354.2590789843587,2084.9964838696646,36,3,1,0,data1766,baseline,200
1364.2914793057198,2099.5386535664156,37,1,1,0,data1766,baseline,200
1384.333515656525,2119.2240161679915,38,2,1,0,data1766,baseline,200
1414.36134828764,2131.3773855152476,39,3,1,0,data1766,baseline,200
1444.3961630744216,2148.445949515008,40,3,1,0,data1766,baseline,200
1454.4414427119118,2170.156392036538,41,1,1,0,data1766,baseline,200
1474.4572086180058,2175.156392036538,42,2,1,0,data1766,baseline,200
1494.4815801854961,2186.8809656174176,43,2,1,0,data1766,baseline,200
1534.5191435703061,2204.8496764966235,44,4,1,0,data1766,baseline,200
1564.563272280263,2225.913751865037,45,3,1,0,data1766,baseline,200
1674.5971242799396,2241.9293196047693,46,11,1,0,data1766,baseline,200
1775.4295097763857,2656.639987757182,47,10,1,0,data1766,baseline,200
1886.3149217046525,3098.5562011258057,48,11,1,0,data1766,baseline,200
1896.3595706880824,3119.92616807875,49,1,1,0,data1766,baseline,200
2086.3845268336772,3130.5832583935116,50,19,1,0,data1766,baseline,200
2106.41946315815,3146.1653132941155,51,2,1,0,data1766,baseline,200
2136.4555858581693,3162.966158304793,52,3,1,0,data1766,baseline,200
2146.5028029938826,3186.5591551748616,53,1,1,0,data1766,baseline,200
2187.437071930101,3653.404387042854,54,4,1,0,data1766,baseline,200
2358.6440409641878,4256.499675181853,55,17,1,0,data1766,baseline,200
2378.6796503689447,4272.600046825871,56,2,1,0,data1766,baseline,200
2418.69279527542,4278.180629379702,57,4,1,0,data1766,baseline,200
2478.7345628246276,4298.023771802838,58,6,1,0,data1766,baseline,200
10.029346508895411,13.383136004983992,0,1,1,0,data1766,lya,200
20.043343343594465,20.082548902202326,1,1,1,0,data1766,lya,200
40.093477783181484,43.72128703937362,2,2,1,0,data1766,lya,200
50.10965162171035,51.25828021729516,3,1,1,0,data1766,lya,200
60.13403985376843,63.02678272079142,4,1,1,0,data1766,lya,200
130.1846017229733,86.45020754381952,6,2,1,0,data1766,lya,200
140.2000179052313,92.79863099169863,7,1,1,0,data1766,lya,200
150.23240766779344,108.50888145128647,8,1,1,0,data1766,lya,200
160.27595886713848,128.6946737760096,9,1,1,0,data1766,lya,200
190.30522423079904,142.14595825859658,10,3,1,0,data1766,lya,200
200.32725237642643,151.29687309774152,11,1,1,0,data1766,lya,200
210.35852204937376,165.75694827597624,12,1,1,0,data1766,lya,200
230.40489857670573,188.39245457543862,13,2,1,0,data1766,lya,200
290.4587434258382,210.57337191582747,15,1,1,0,data1766,lya,200
340.492254777931,226.86670647587854,16,5,1,0,data1766,lya,200
360.5367569954174,248.0292775345598,17,2,1,0,data1766,lya,200
370.57024026921397,264.1226929959405,18,1,1,0,data1766,lya,200
440.62316796595377,287.31699292781025,20,2,1,0,data1766,lya,200
471.72796896524704,838.2632418977493,21,3,1,0,data1766,lya,200
481.761449815885,854.0953895767651,22,1,1,0,data1766,lya,200
501.80253033860356,873.1331677347922,23,2,1,0,data1766,lya,200
511.8449105822053,892.7539296502199,24,1,1,0,data1766,lya,200
531.8839119846576,911.8182119714104,25,2,1,0,data1766,lya,200
541.9033127288543,920.0646022067028,26,1,1,0,data1766,lya,200
551.9285765802106,931.8784245463235,27,1,1,0,data1766,lya,200
561.9551760103046,943.5957797889794,28,1,1,0,data1766,lya,200
581.9816717990053,954.70037864274,29,2,1,0,data1766,lya,200
592.0041079227489,965.3398598157222,30,1,1,0,data1766,lya,200
652.0409145087332,982.019603529993,32,1,1,0,data1766,lya,200
722.0477262921597,982.019603529993,34,2,0,1,data1766,lya,200
732.0754303344535,994.8894418371709,35,1,1,0,data1766,lya,200
742.1216195327805,1016.266758080439,36,1,1,0,data1766,lya,200
752.1540198541418,1030.8089277771899,37,1,1,0,data1766,lya,200
772.196056204947,1050.4942903787658,38,2,1,0,data1766,lya,200
802.2238888360622,1062.6476597260219,39,3,1,0,data1766,lya,200
832.2587036228439,1079.7162237257821,40,3,1,0,data1766,lya,200
842.3039832603341,1101.4266662473117,41,1,1,0,data1766,lya,200
852.3197491664281,1106.4266662473117,42,1,1,0,data1766,lya,200
892.3441207339183,1118.1512398281914,43,4,1,0,data1766,lya,200
902.3816841187282,1136.1199507073975,44,1,1,0,data1766,lya,200
912.425812828685,1157.1840260758108,45,1,1,0,data1766,lya,200
962.4596648283617,1173.1995938155433,46,5,1,0,data1766,lya,200
1032.4642084900324,1173.1995938155433,48,2,0,1,data1766,lya,200
1042.5088574734623,1194.5695607684875,49,1,1,0,data1766,lya,200
1052.5338136190574,1205.226651083249,50,1,1,0,data1766,lya,200
1062.5687499435303,1220.8087059838526,51,1,1,0,data1766,lya,200
1072.6048726435497,1237.6095509945303,52,1,1,0,data1766,lya,200
1082.6520897792632,1261.2025478645987,53,1,1,0,data1766,lya,200
1152.653446709554,1261.2025478645987,55,2,0,1,data1766,lya,200
1162.689056114311,1277.302919508617,56,1,1,0,data1766,lya,200
1172.702201020786,1282.8835020624474,57,1,1,0,data1766,lya,200
1242.7049194426988,1282.8835020624474,59,2,0,1,data1766,lya,200
1252.7510655633253,1303.944284228573,60,1,1,0,data1766,lya,200
1262.7837214698866,1318.2240377372004,61,1,1,0,data1766,lya,200
1273.6822842289157,1765.4460072621434,62,1,1,0,data1766,lya,200
1303.7099733925838,1778.0393155157449,63,3,1,0,data1766,lya,200
1313.7313093607372,1787.2990409849663,64,1,1,0,data1766,lya,200
1323.7601720232183,1799.2877599705555,65,1,1,0,data1766,lya,200
1333.7765535695037,1805.191257722906,66,1,1,0,data1766,lya,200
1343.819453395885,1824.7642853008763,67,1,1,0,data1766,lya,200
1353.8324960417503,1829.7642853008763,68,1,1,0,data1766,lya,200
1383.886076562095,1854.9249979306724,69,3,1,0,data1766,lya,200
1393.9003950100866,1861.104363434172,70,1,1,0,data1766,lya,200
1413.9477370426353,1883.603806812548,71,2,1,0,data1766,lya,200
1473.9886697345007,1901.4089721499033,73,1,1,0,data1766,lya,200
1504.0135688641078,1912.6467386482689,74,3,1,0,data1766,lya,200
1514.06166077844,1936.0154794452258,75,1,1,0,data1766,lya,200
1534.0956373163654,1951.2339927856472,76,2,1,0,data1766,lya,200
1544.1395028046013,1971.6024028461409,77,1,1,0,data1766,lya,200
1564.1731510024003,1986.9826430456228,78,2,1,0,data1766,lya,200
1574.2089457193365,2003.7474429233173,79,1,1,0,data1766,lya,200
1594.2514710071173,2021.8279761934161,80,2,1,0,data1766,lya,200
1604.2790235349273,2034.1843562659176,81,1,1,0,data1766,lya,200
1614.3004934139244,2042.7829006247414,82,1,1,0,data1766,lya,200
1654.3187985963875,2051.2748839960313,83,4,1,0,data1766,lya,200
1664.355701903554,2066.529096841712,84,1,1,0,data1766,lya,200
1674.383195188638,2079.0858964147715,85,1,1,0,data1766,lya,200
1724.3935912731397,2084.0858964147715,86,5,1,0,data1766,lya,200
1734.431055801033,2101.650602668729,87,1,1,0,data1766,lya,200
1774.450779259344,2110.558154462296,88,4,1,0,data1766,lya,200
1784.472855337809,2119.7565293359494,89,1,1,0,data1766,lya,200
1795.2379946212689,2501.3661636202387,90,1,1,0,data1766,lya,200
1805.7384525229668,2751.3661636202387,91,1,1,0,data1766,lya,200
1815.774951056645,2766.9786911119363,92,1,1,0,data1766,lya,200
1875.8048815188229,2780.0834028810245,94,1,1,0,data1766,lya,200
1885.8256158712966,2789.785507149941,95,1,1,0,data1766,lya,200
1895.86034696261,2805.6930420380777,96,1,1,0,data1766,lya,200
1905.8836747039832,2816.816883069739,97,1,1,0,data1766,lya,200
1915.9153314263372,2831.9356404797277,98,1,1,0,data1766,lya,200
1925.9520297715433,2848.513820363134,99,1,1,0,data1766,lya,200
1935.9865108299718,2863.3378356708217,100,1,1,0,data1766,lya,200
1996.0288984395172,2879.298287573985,102,1,1,0,data1766,lya,200
2006.076033379281,2902.283851186589,103,1,1,0,data1766,lya,200
2016.1061262520118,2916.0192546660537,104,1,1,0,data1766,lya,200
2036.1403505285105,2931.656426699394,105,2,1,0,data1766,lya,200
2046.1795182619705,2950.990672016105,106,1,1,0,data1766,lya,200
2076.2143038463073,2968.345856173195,107,3,1,0,data1766,lya,200
2106.245552239893,2981.554810170741,108,3,1,0,data1766,lya,200
2166.2693986283475,2992.1985757651664,110,1,1,0,data1766,lya,200
2176.3005095865406,3006.0648286286755,111,1,1,0,data1766,lya,200
2196.3257143309706,3017.2093959261533,112,2,1,0,data1766,lya,200
2206.3620745990306,3035.090268923509,113,1,1,0,data1766,lya,200
2216.406527687104,3056.038267829933,114,1,1,0,data1766,lya,200
2227.0654058033456,3384.7708004338465,115,1,1,0,data1766,lya,200
2237.1011022794605,3400.1471301634924,116,1,1,0,data1766,lya,200
2288.0763986617253,3885.8268475399127,117,5,1,0,data1766,lya,200
2358.0982518638257,3894.8605469617205,119,2,1,0,data1766,lya,200
2368.1102762214605,3899.8605469617205,120,1,1,0,data1766,lya,200
2378.1375167382353,3912.905376955568,121,1,1,0,data1766,lya,200
2418.165323685567,3926.414850608803,122,4,1,0,data1766,lya,200
2448.219819022051,3952.2790620856695,123,3,1,0,data1766,lya,200
2458.2664981013045,3975.09312991671,124,1,1,0,data1766,lya,200
10.029327684224452,13.383136004983992,0,1,1,0,data1767,baseline,200
20.046151867403527,20.082548902202326,1,1,1,0,data1767,baseline,200
40.09501653442885,43.72128703937362,2,2,1,0,data1767,baseline,200
50.113559837375895,51.25828021729516,3,1,1,0,data1767,baseline,200
70.14260064578417,63.02678272079142,4,2,1,0,data1767,baseline,200
100.17272517070062,76.00900793655686,5,3,1,0,data1767,baseline,200
120.22339002516922,99.43243275958497,6,2,1,0,data1767,baseline,200
130.2373702720309,105.78085620746408,7,1,1,0,data1767,baseline,200
140.2693152110732,121.49110666705192,8,1,1,0,data1767,baseline,200
210.3115723296689,141.67689899177503,9,7,1,0,data1767,baseline,200
340.3386460102424,155.128183474362,10,13,1,0,data1767,baseline,200
350.3570119306767,164.27909831350695,11,1,1,0,data1767,baseline,200
370.3899194886227,178.73917349174167,12,2,1,0,data1767,baseline,200
380.43853318339313,201.37467979120404,13,1,1,0,data1767,baseline,200
450.46479154401305,213.29575056736547,14,7,1,0,data1767,baseline,200
470.50991359856994,235.4766679077543,15,2,1,0,data1767,baseline,200
560.5435897455294,251.77000246780537,16,9,1,0,data1767,baseline,200
570.5896920768878,272.93257352648664,17,1,1,0,data1767,baseline,200
600.6258012212176,289.0259889878673,18,3,1,0,data1767,baseline,200
661.4638206639831,706.3748719465024,19,6,1,0,data1767,baseline,200
701.5148258056137,729.5691718783721,20,4,1,0,data1767,baseline,200
832.6233460553527,1280.5154208483111,21,13,1,0,data1767,baseline,200
852.6561906082462,1296.347568527327,22,2,1,0,data1767,baseline,200
882.7039770644568,1315.385346685354,23,3,1,0,data1767,baseline,200
922.7435043516731,1335.0061086007818,24,4,1,0,data1767,baseline,200
932.7858617634707,1354.0703909219724,25,1,1,0,data1767,baseline,200
942.8033460705043,1362.3167811572648,26,1,1,0,data1767,baseline,200
952.8276939094229,1374.1306034968854,27,1,1,0,data1767,baseline,200
962.8534745007497,1385.8479587395414,28,1,1,0,data1767,baseline,200
992.877768997865,1396.952557593302,29,3,1,0,data1767,baseline,200
1022.9004673468646,1407.592038766284,30,3,1,0,data1767,baseline,200
1044.1236470125339,2019.0777654381682,31,2,1,0,data1767,baseline,200
1074.1593785403604,2035.757509152439,32,3,1,0,data1767,baseline,200
1294.1932403901474,2050.7493293192188,34,2,1,0,data1767,baseline,200
1324.2205753133023,2063.6191676263966,35,3,1,0,data1767,baseline,200
1354.2655031647253,2084.9964838696646,36,3,1,0,data1767,baseline,200
1364.2957028449723,2099.5386535664156,37,1,1,0,data1767,baseline,200
1384.3393347849135,2119.2240161679915,38,2,1,0,data1767,baseline,200
1414.3663938636694,2131.3773855152476,39,3,1,0,data1767,baseline,200
1444.4021090803965,2148.445949515008,40,3,1,0,data1767,baseline,200
1454.449556325406,2170.156392036538,41,1,1,0,data1767,baseline,200
1474.461424583534,2175.156392036538,42,2,1,0,data1767,baseline,200
1494.4866044687933,2186.8809656174176,43,2,1,0,data1767,baseline,200
1534.5229980816,2204.8496764966235,44,4,1,0,data1767,baseline,200
1564.568715444646,2225.913751865037,45,3,1,0,data1767,baseline,200
1674.602406101521,2241.9293196047693,46,11,1,0,data1767,baseline,200
1775.4356173041585,2656.639987757182,47,10,1,0,data1767,baseline,200
1886.3211107163397,3098.5562011258057,48,11,1,0,data1767,baseline,200
1896.365948078257,3119.92616807875,49,1,1,0,data1767,baseline,200
2086.3906924221806,3130.5832583935116,50,19,1,0,data1767,baseline,200
2106.4246662350747,3146.1653132941155,51,2,1,0,data1767,baseline,200
2136.4601027307235,3162.966158304793,52,3,1,0,data1767,baseline,200
2146.513505005838,3186.5591551748616,53,1,1,0,data1767,baseline,200
2187.4531097723134,3653.404387042854,54,4,1,0,data1767,baseline,200
2358.6682229539356,4256.499675181853,55,17,1,0,data1767,baseline,200
2378.7021073113992,4272.600046825871,56,2,1,0,data1767,baseline,200
2418.714143718168,4278.180629379702,57,4,1,0,data1767,baseline,200
2478.7564435147424,4298.023771802838,58,6,1,0,data1767,baseline,200
10.029327684224452,13.383136004983992,0,1,1,0,data1767,lya,200
20.046151867403527,20.082548902202326,1,1,1,0,data1767,lya,200
40.09501653442885,43.72128703937362,2,2,1,0,data1767,lya,200
50.113559837375895,51.25828021729516,3,1,1,0,data1767,lya,200
60.14260064578417,63.02678272079142,4,1,1,0,data1767,lya,200
130.19742557473768,86.45020754381952,6,2,1,0,data1767,lya,200
140.21140582159933,92.79863099169863,7,1,1,0,data1767,lya,200
150.24335076064165,108.50888145128647,8,1,1,0,data1767,lya,200
160.28560787923735,128.6946737760096,9,1,1,0,data1767,lya,200
190.31268155981084,142.14595825859658,10,3,1,0,data1767,lya,200
200.33104748024508,151.29687309774152,11,1,1,0,data1767,lya,200
210.36395503819108,165.75694827597624,12,1,1,0,data1767,lya,200
230.41256873296157,188.39245457543862,13,2,1,0,data1767,lya,200
290.46010700658604,210.57337191582747,15,1,1,0,data1767,lya,200
340.49378315354556,226.86670647587854,16,5,1,0,data1767,lya,200
360.53988548490395,248.0292775345598,17,2,1,0,data1767,lya,200
370.57599462923366,264.1226929959405,18,1,1,0,data1767,lya,200
440.6303214477126,287.31699292781025,20,2,1,0,data1767,lya,200
471.7388416974518,838.2632418977493,21,3,1,0,data1767,lya,200
481.7716862503453,854.0953895767651,22,1,1,0,data1767,lya,200
501.8194727065559,873.1331677347922,23,2,1,0,data1767,lya,200
511.85899999377233,892.7539296502199,24,1,1,0,data1767,lya,200
531.90135740557,911.8182119714104,25,2,1,0,data1767,lya,200
541.9188417126036,920.0646022067028,26,1,1,0,data1767,lya,200
551.9431895515222,931.8784245463235,27,1,1,0,data1767,lya,200
561.968970142849,943.5957797889794,28,1,1,0,data1767,lya,200
581.9932646399643,954.70037864274,29,2,1,0,data1767,lya,200
592.0159629889639,965.3398598157222,30,1,1,0,data1767,lya,200
652.0519027291161,982.019603529993,32,1,1,0,data1767,lya,200
722.0557809385697,982.019603529993,34,2,0,1,data1767,lya,200
732.0831158617245,994.8894418371709,35,1,1,0,data1767,lya,200
742.1280437131473,1016.266758080439,36,1,1,0,data1767,lya,200
752.1582433933946,1030.8089277771899,37,1,1,0,data1767,lya,200
772.201875333336,1050.4942903787658,38,2,1,0,data1767,lya,200
802.2289344120917,1062.6476597260219,39,3,1,0,data1767,lya,200
832.2646496288189,1079.7162237257821,40,3,1,0,data1767,lya,200
842.3120968738284,1101.4266662473117,41,1,1,0,data1767,lya,200
852.3239651319564,1106.4266662473117,42,1,1,0,data1767,lya,200
892.3491450172157,1118.1512398281914,43,4,1,0,data1767,lya,200
902.3855386300223,1136.1199507073975,44,1,1,0,data1767,lya,200
912.4312559930684,1157.1840260758108,45,1,1,0,data1767,lya,200
962.4649466499434,1173.1995938155433,46,5,1,0,data1767,lya,200
1032.47039750172,1173.1995938155433,48,2,0,1,data1767,lya,200
1042.5152348636373,1194.5695607684875,49,1,1,0,data1767,lya,200
1052.5399792075611,1205.226651083249,50,1,1,0,data1767,lya,200
1062.5739530204557,1220.8087059838526,51,1,1,0,data1767,lya,200
1072.6093895161046,1237.6095509945303,52,1,1,0,data1767,lya,200
1082.662791791219,1261.2025478645987,53,1,1,0,data1767,lya,200
1152.6776286993022,1261.2025478645987,55,2,0,1,data1767,lya,200
1162.7115130567659,1277.302919508617,56,1,1,0,data1767,lya,200
1172.7235494635345,1282.8835020624474,57,1,1,0,data1767,lya,200
1242.7275012715263,1282.8835020624474,59,2,0,1,data1767,lya,200
1252.7725089532687,1303.944284228573,60,1,1,0,data1767,lya,200
1262.8058990398022,1318.2240377372004,61,1,1,0,data1767,lya,200
1273.701643041782,1765.4460072621434,62,1,1,0,data1767,lya,200
1303.7298190378444,1778.0393155157449,63,3,1,0,data1767,lya,200
1313.750848873375,1787.2990409849663,64,1,1,0,data1767,lya,200
1323.776148269546,1799.2877599705555,65,1,1,0,data1767,lya,200
1333.7929578316382,1805.191257722906,66,1,1,0,data1767,lya,200
1343.833588465369,1824.7642853008763,67,1,1,0,data1767,lya,200
1353.8455117196586,1829.7642853008763,68,1,1,0,data1767,lya,200
1383.897413273769,1854.9249979306724,69,3,1,0,data1767,lya,200
1393.912713032978,1861.104363434172,70,1,1,0,data1767,lya,200
1413.9613750362073,1883.603806812548,71,2,1,0,data1767,lya,200
1474.0055246004993,1901.4089721499033,73,1,1,0,data1767,lya,200
1504.0305535202551,1912.6467386482689,74,3,1,0,data1767,lya,200
1514.082203639829,1936.0154794452258,75,1,1,0,data1767,lya,200
1534.113248485243,1951.2339927856472,76,2,1,0,data1767,lya,200
1544.1570442628997,1971.6024028461409,77,1,1,0,data1767,lya,200
1564.1897838761101,1986.9826430456228,78,2,1,0,data1767,lya,200
1574.226757916504,2003.7474429233173,79,1,1,0,data1767,lya,200
1594.2665818329908,2021.8279761934161,80,2,1,0,data1767,lya,200
1604.2947793759529,2034.1843562659176,81,1,1,0,data1767,lya,200
1614.3137263309861,2042.7829006247414,82,1,1,0,data1767,lya,200
1654.3343727891966,2051.2748839960313,83,4,1,0,data1767,lya,200
1664.3667845571129,2066.529096841712,84,1,1,0,data1767,lya,200
1674.3933124698142,2079.0858964147715,85,1,1,0,data1767,lya,200
1724.4086205802162,2084.0858964147715,86,5,1,0,data1767,lya,200
1734.4490648857923,2101.650602668729,87,1,1,0,data1767,lya,200
1774.4729334589392,2110.558154462296,88,4,1,0,data1767,lya,200
1784.493166744769,2119.7565293359494,89,1,1,0,data1767,lya,200
1795.2575735917023,2501.3661636202387,90,1,1,0,data1767,lya,200
1805.761277775999,2751.3661636202387,91,1,1,0,data1767,lya,200
1815.793534332869,2766.9786911119363,92,1,1,0,data1767,lya,200
1875.8258874481521,2780.0834028810245,94,1,1,0,data1767,lya,200
1885.8469814701982,2789.785507149941,95,1,1,0,data1767,lya,200
1895.8793996770485,2805.6930420380777,96,1,1,0,data1767,lya,200
1905.903876778432,2816.816883069739,97,1,1,0,data1767,lya,200
1915.9383957987304,2831.9356404797277,98,1,1,0,data1767,lya,200
1925.9750616825625,2848.513820363134,99,1,1,0,data1767,lya,200
1936.008251411271,2863.3378356708217,100,1,1,0,data1767,lya,200
1996.0461518202583,2879.298287573985,102,1,1,0,data1767,lya,200
2006.093602227308,2902.283851186589,103,1,1,0,data1767,lya,200
2016.1234584201907,2916.0192546660537,104,1,1,0,data1767,lya,200
2036.157459086487,2931.656426699394,105,2,1,0,data1767,lya,200
2046.1987584899668,2950.990672016105,106,1,1,0,data1767,lya,200
2076.23579435952,2968.345856173195,107,3,1,0,data1767,lya,200
2106.264262433472,2981.554810170741,108,3,1,0,data1767,lya,200
2166.290377669886,2992.1985757651664,110,1,1,0,data1767,lya,200
2176.3219218947006,3006.0648286286755,111,1,1,0,data1767,lya,200
2196.344882163293,3017.2093959261533,112,2,1,0,data1767,lya,200
2206.3881442724337,3035.090268923509,113,1,1,0,data1767,lya,200
2216.435292341081,3056.038267829933,114,1,1,0,data1767,lya,200
2227.095225122663,3384.7708004338465,115,1,1,0,data1767,lya,200
2237.1282407269077,3400.1471301634924,116,1,1,0,data1767,lya,200
2288.1011287070883,3885.8268475399127,117,5,1,0,data1767,lya,200
2358.121939437593,3894.8605469617205,119,2,1,0,data1767,lya,200
2368.135965300843,3899.8605469617205,120,1,1,0,data1767,lya,200
2378.1648504993677,3912.905376955568,121,1,1,0,data1767,lya,200
2418.193426488874,3926.414850608803,122,4,1,0,data1767,lya,200
2448.2463497413555,3952.2790620856695,123,3,1,0,data1767,lya,200
2458.293510989353,3975.09312991671,124,1,1,0,data1767,lya,200
10.02918541147732,13.383136004983992,0,1,1,0,data1768,baseline,200
20.04967586281073,20.082548902202326,1,1,1,0,data1768,baseline,200
40.10185176032691,43.72128703937362,2,2,1,0,data1768,baseline,200
50.12027983592724,51.25828021729516,3,1,1,0,data1768,baseline,200
70.14635940303279,63.02678272079142,4,2,1,0,data1768,baseline,200
100.17460234905242,76.00900793655686,5,3,1,0,data1768,baseline,200
120.22449778083326,99.43243275958497,6,2,1,0,data1768,baseline,200
130.23955062625407,105.78085620746408,7,1,1,0,data1768,baseline,200
140.27304861370268,121.49110666705192,8,1,1,0,data1768,baseline,200
210.3162458500827,141.67689899177503,9,7,1,0,data1768,baseline,200
340.3443062122343,155.128183474362,10,13,1,0,data1768,baseline,200
350.36682096346095,164.27909831350695,11,1,1,0,data1768,baseline,200
370.3978103262872,178.73917349174167,12,2,1,0,data1768,baseline,200
380.4439416931445,201.37467979120404,13,1,1,0,data1768,baseline,200
450.4718266741229,213.29575056736547,14,7,1,0,data1768,baseline,200
470.5193981201836,235.4766679077543,15,2,1,0,data1768,baseline,200
560.5544828631001,251.77000246780537,16,9,1,0,data1768,baseline,200
570.6011596742032,272.93257352648664,17,1,1,0,data1768,baseline,200
600.6375565366343,289.0259889878673,18,3,1,0,data1768,baseline,200
661.4746638728866,706.3748719465024,19,6,1,0,data1768,baseline,200
701.5235512727824,729.5691718783721,20,4,1,0,data1768,baseline,200
832.631436369862,1280.5154208483111,21,13,1,0,data1768,baseline,200
852.66427968193,1296.347568527327,22,2,1,0,data1768,baseline,200
882.7081838378248,1315.385346685354,23,3,1,0,data1768,baseline,200
922.7531311831567,1335.0061086007818,24,4,1,0,data1768,baseline,200
932.7938190177986,1354.0703909219724,25,1,1,0,data1768,baseline,200
942.8118488825755,1362.3167811572648,26,1,1,0,data1768,baseline,200
952.8372110892924,1374.1306034968854,27,1,1,0,data1768,baseline,200
962.8622975490694,1385.8479587395414,28,1,1,0,data1768,baseline,200
992.889002920705,1396.952557593302,29,3,1,0,data1768,baseline,200
1022.9143240778462,1407.592038766284,30,3,1,0,data1768,baseline,200
1044.1399502922563,2019.0777654381682,31,2,1,0,data1768,baseline,200
1074.1758397591043,2035.757509152439,32,3,1,0,data1768,baseline,200
1294.2160130920129,2050.7493293192188,34,2,1,0,data1768,baseline,200
1324.241896944579,2063.6191676263966,35,3,1,0,data1768,baseline,200
1354.2895576405253,2084.9964838696646,36,3,1,0,data1768,baseline,200
1364.3209495854526,2099.5386535664156,37,1,1,0,data1768,baseline,200
1384.3625450151444,2119.2240161679915,38,2,1,0,data1768,baseline,200
1414.3892507387372,2131.3773855152476,39,3,1,0,data1768,baseline,200
1444.4247741162742,2148.445949515008,40,3,1,0,data1768,baseline,200
1454.4692564230725,2170.156392036538,41,1,1,0,data1768,baseline,200
1474.4840663573125,2175.156392036538,42,2,1,0,data1768,baseline,200
1494.5099699909729,2186.8809656174176,43,2,1,0,data1768,baseline,200
1534.5484859676178,2204.8496764966235,44,4,1,0,data1768,baseline,200
1564.5951465604965,2225.913751865037,45,3,1,0,data1768,baseline,200
1674.6295120880006,2241.9293196047693,46,11,1,0,data1768,baseline,200
1775.4596491171603,2656.639987757182,47,10,1,0,data1768,baseline,200
1886.343854388587,3098.5562011258057,48,11,1,0,data1768,baseline,200
1896.3901983026296,3119.92616807875,49,1,1,0,data1768,baseline,200
2086.4144582038653,3130.5832583935116,50,19,1,0,data1768,baseline,200
2106.4469735809234,3146.1653132941155,51,2,1,0,data1768,baseline,200
2136.4831109047245,3162.966158304793,52,3,1,0,data1768,baseline,200
2146.5345510487,3186.5591551748616,53,1,1,0,data1768,baseline,200
2187.4700670832844,3653.404387042854,54,4,1,0,data1768,baseline,200
2358.679019508581,4256.499675181853,55,17,1,0,data1768,baseline,200
2378.712376863516,4272.600046825871,56,2,1,0,data1768,baseline,200
2418.726206117753,4278.180629379702,57,4,1,0,data1768,baseline,200
2478.7661128711115,4298.023771802838,58,6,1,0,data1768,baseline,200
10.02918541147732,13.383136004983992,0,1,1,0,data1768,lya,200
20.04967586281073,20.082548902202326,1,1,1,0,data1768,lya,200
40.10185176032691,43.72128703937362,2,2,1,0,data1768,lya,200
50.12027983592724,51.25828021729516,3,1,1,0,data1768,lya,200
60.14635940303279,63.02678272079142,4,1,1,0,data1768,lya,200
130.19853333040172,86.45020754381952,6,2,1,0,data1768,lya,200
140.2135861758225,92.79863099169863,7,1,1,0,data1768,lya,200
150.24708416327113,108.50888145128647,8,1,1,0,data1768,lya,200
160.29028139965115,128.6946737760096,9,1,1,0,data1768,lya,200
190.31834176180274,142.14595825859658,10,3,1,0,data1768,lya,200
200.34085651302937,151.29687309774152,11,1,1,0,data1768,lya,200
210.3718458758556,165.75694827597624,12,1,1,0,data1768,lya,200
230.41797724271296,188.39245457543862,13,2,1,0,data1768,lya,200
290.46959152819977,210.57337191582747,15,1,1,0,data1768,lya,200
340.50467627111635,226.86670647587854,16,5,1,0,data1768,lya,200
360.5513530822196,248.0292775345598,17,2,1,0,data1768,lya,200
370.5877499446505,264.1226929959405,18,1,1,0,data1768,lya,200
440.6390469148814,287.31699292781025,20,2,1,0,data1768,lya,200
471.74693201196106,838.2632418977493,21,3,1,0,data1768,lya,200
481.7797753240291,854.0953895767651,22,1,1,0,data1768,lya,200
501.823679479924,873.1331677347922,23,2,1,0,data1768,lya,200
511.868626825256,892.7539296502199,24,1,1,0,data1768,lya,200
531.9093146598979,911.8182119714104,25,2,1,0,data1768,lya,200
541.9273445246748,920.0646022067028,26,1,1,0,data1768,lya,200
551.9527067313917,931.8784245463235,27,1,1,0,data1768,lya,200
561.9777931911686,943.5957797889794,28,1,1,0,data1768,lya,200
582.0044985628043,954.70037864274,29,2,1,0,data1768,lya,200
592.0298197199455,965.3398598157222,30,1,1,0,data1768,lya,200
652.0683639478599,982.019603529993,32,1,1,0,data1768,lya,200
722.0785536404351,982.019603529993,34,2,0,1,data1768,lya,200
732.1044374930009,994.8894418371709,35,1,1,0,data1768,lya,200
742.1520981889473,1016.266758080439,36,1,1,0,data1768,lya,200
752.1834901338748,1030.8089277771899,37,1,1,0,data1768,lya,200
772.2250855635667,1050.4942903787658,38,2,1,0,data1768,lya,200
802.2517912871596,1062.6476597260219,39,3,1,0,data1768,lya,200
832.2873146646965,1079.7162237257821,40,3,1,0,data1768,lya,200
842.3317969714948,1101.4266662473117,41,1,1,0,data1768,lya,200
852.3466069057347,1106.4266662473117,42,1,1,0,data1768,lya,200
892.3725105393952,1118.1512398281914,43,4,1,0,data1768,lya,200
902.41102651604,1136.1199507073975,44,1,1,0,data1768,lya,200
912.4576871089188,1157.1840260758108,45,1,1,0,data1768,lya,200
962.492052636423,1173.1995938155433,46,5,1,0,data1768,lya,200
1032.4931411739674,1173.1995938155433,48,2,0,1,data1768,lya,200
1042.53948508801,1194.5695607684875,49,1,1,0,data1768,lya,200
1052.5637449892458,1205.226651083249,50,1,1,0,data1768,lya,200
1062.596260366304,1220.8087059838526,51,1,1,0,data1768,lya,200
1072.632397690105,1237.6095509945303,52,1,1,0,data1768,lya,200
1082.6838378340804,1261.2025478645987,53,1,1,0,data1768,lya,200
1152.6884252539471,1261.2025478645987,55,2,0,1,data1768,lya,200
1162.7217826088824,1277.302919508617,56,1,1,0,data1768,lya,200
1172.7356118631196,1282.8835020624474,57,1,1,0,data1768,lya,200
1242.7379166829946,1282.8835020624474,59,2,0,1,data1768,lya,200
1252.7819776313283,1303.944284228573,60,1,1,0,data1768,lya,200
1262.8118560149633,1318.2240377372004,61,1,1,0,data1768,lya,200
1273.709765865487,1765.4460072621434,62,1,1,0,data1768,lya,200
1303.7379819576192,1778.0393155157449,63,3,1,0,data1768,lya,200
1313.7619983009024,1787.2990409849663,64,1,1,0,data1768,lya,200
1323.7898022438615,1799.2877599705555,65,1,1,0,data1768,lya,200
1333.803559292868,1805.191257722906,66,1,1,0,data1768,lya,200
1343.8464032418785,1824.7642853008763,67,1,1,0,data1768,lya,200
1353.8582394206076,1829.7642853008763,68,1,1,0,data1768,lya,200
1383.9091398765443,1854.9249979306724,69,3,1,0,data1768,lya,200
1393.9238204796688,1861.104363434172,70,1,1,0,data1768,lya,200
1413.9707485037873,1883.603806812548,71,2,1,0,data1768,lya,200
1474.0112789818904,1901.4089721499033,73,1,1,0,data1768,lya,200
1504.0357518240426,1912.6467386482689,74,3,1,0,data1768,lya,200
1514.0837502721904,1936.0154794452258,75,1,1,0,data1768,lya,200
1534.1162260747644,1951.2339927856472,76,2,1,0,data1768,lya,200
1544.1614697741609,1971.6024028461409,77,1,1,0,data1768,lya,200
1564.1961432325834,1986.9826430456228,78,2,1,0,data1768,lya,200
1574.2337906970017,2003.7474429233173,79,1,1,0,data1768,lya,200
1594.2714091609655,2021.8279761934161,80,2,1,0,data1768,lya,200
1604.2989355638617,2034.1843562659176,81,1,1,0,data1768,lya,200
1614.3195583365148,2042.7829006247414,82,1,1,0,data1768,lya,200
1654.3386049581468,2051.2748839960313,83,4,1,0,data1768,lya,200
1664.3752471603852,2066.529096841712,84,1,1,0,data1768,lya,200
1674.4025668102884,2079.0858964147715,85,1,1,0,data1768,lya,200
1724.4147116789004,2084.0858964147715,86,5,1,0,data1768,lya,200
1734.4534937889937,2101.650602668729,87,1,1,0,data1768,lya,200
1774.4751632367856,2110.558154462296,88,4,1,0,data1768,lya,200
1784.4945686041613,2119.7565293359494,89,1,1,0,data1768,lya,200
1795.2615387356345,2501.3661636202387,90,1,1,0,data1768,lya,200
1805.7635356880883,2751.3661636202387,91,1,1,0,data1768,lya,200
1815.7981612628041,2766.9786911119363,92,1,1,0,data1768,lya,200
1875.8275487866772,2780.0834028810245,94,1,1,0,data1768,lya,200
1885.8475043769704,2789.785507149941,95,1,1,0,data1768,lya,200
1895.8795717813707,2805.6930420380777,96,1,1,0,data1768,lya,200
1905.9041746110054,2816.816883069739,97,1,1,0,data1768,lya,200
1915.937499542905,2831.9356404797277,98,1,1,0,data1768,lya,200
1925.97269283906,2848.513820363134,99,1,1,0,data1768,lya,200
1936.0037927125466,2863.3378356708217,100,1,1,0,data1768,lya,200
1996.0388347668604,2879.298287573985,102,1,1,0,data1768,lya,200
2006.0870890797378,2902.283851186589,103,1,1,0,data1768,lya,200
2016.117938756641,2916.0192546660537,104,1,1,0,data1768,lya,200
2036.15302211735,2931.656426699394,105,2,1,0,data1768,lya,200
2046.193856591236,2950.990672016105,106,1,1,0,data1768,lya,200
2076.232783560791,2968.345856173195,107,3,1,0,data1768,lya,200
2106.263067037498,2981.554810170741,108,3,1,0,data1768,lya,200
2166.287803951302,2992.1985757651664,110,1,1,0,data1768,lya,200
2176.3169985167788,3006.0648286286755,111,1,1,0,data1768,lya,200
2196.3417060547167,3017.2093959261533,112,2,1,0,data1768,lya,200
2206.377917193071,3035.090268923509,113,1,1,0,data1768,lya,200
2216.4221512974364,3056.038267829933,114,1,1,0,data1768,lya,200
2227.0807379835474,3384.7708004338465,115,1,1,0,data1768,lya,200
2237.1154726687028,3400.1471301634924,116,1,1,0,data1768,lya,200
2288.091417488156,3885.8268475399127,117,5,1,0,data1768,lya,200
2358.1170435107583,3894.8605469617205,119,2,1,0,data1768,lya,200
2368.1303007966017,3899.8605469617205,120,1,1,0,data1768,lya,200
2378.162698703138,3912.905376955568,121,1,1,0,data1768,lya,200
2418.1923875811553,3926.414850608803,122,4,1,0,data1768,lya,200
2448.2453252448313,3952.2790620856695,123,3,1,0,data1768,lya,200
2458.294822788504,3975.09312991671,124,1,1,0,data1768,lya,200
10.027999997457545,13.383136004983992,0,1,1,0,data1769,baseline,200
20.042592231314003,20.082548902202326,1,1,1,0,data1769,baseline,200
40.09315991666567,43.72128703937362,2,2,1,0,data1769,baseline,200
50.11171431276822,51.25828021729516,3,1,1,0,data1769,baseline,200
70.13855741779676,63.02678272079142,4,2,1,0,data1769,baseline,200
100.16719386679866,76.00900793655686,5,3,1,0,data1769,baseline,200
120.21588022483624,99.43243275958497,6,2,1,0,data1769,baseline,200
130.22958563729753,105.78085620746408,7,1,1,0,data1769,baseline,200
140.26293895439073,121.49110666705192,8,1,1,0,data1769,baseline,200
210.30710545765098,141.67689899177503,9,7,1,0,data1769,baseline,200
340.33641404678076,155.128183474362,10,13,1,0,data1769,baseline,200
350.35967001146935,164.27909831350695,11,1,1,0,data1769,baseline,200
370.3912760532048,178.73917349174167,12,2,1,0,data1769,baseline,200
380.4382889693351,201.37467979120404,13,1,1,0,data1769,baseline,200
450.46429422216517,213.29575056736547,14,7,1,0,data1769,baseline,200
470.50898815207324,235.4766679077543,15,2,1,0,data1769,baseline,200
560.5430526860805,251.77000246780537,16,9,1,0,data1769,baseline,200
570.5904723574374,272.93257352648664,17,1,1,0,data1769,baseline,200
600.6273743957257,289.0259889878673,18,3,1,0,data1769,baseline,200
661.4650297489727,706.3748719465024,19,6,1,0,data1769,baseline,200
701.5135699129099,729.5691718783721,20,4,1,0,data1769,baseline,200
832.6160331684165,1280.5154208483111,21,13,1,0,data1769,baseline,200
852.6498924115666,1296.347568527327,22,2,1,0,data1769,baseline,200
882.6929522437891,1315.385346685354,23,3,1,0,data1769,baseline,200
922.7362028390602,1335.0061086007818,24,4,1,0,data1769,baseline,200
932.7746100639348,1354.0703909219724,25,1,1,0,data1769,baseline,200
942.7929206575345,1362.3167811572648,26,1,1,0,data1769,baseline,200
952.8191771899301,1374.1306034968854,27,1,1,0,data1769,baseline,200
962.8440400816268,1385.8479587395414,28,1,1,0,data1769,baseline,200
992.8684373977206,1396.952557593302,29,3,1,0,data1769,baseline,200
1022.8924571373523,1407.592038766284,30,3,1,0,data1769,baseline,200
1044.1167397956046,2019.0777654381682,31,2,1,0,data1769,baseline,200
1074.1532284364082,2035.757509152439,32,3,1,0,data1769,baseline,200
1294.1865568308945,2050.7493293192188,34,2,1,0,data1769,baseline,200
1324.2161044850511,2063.6191676263966,35,3,1,0,data1769,baseline,200
1354.2612349461215,2084.9964838696646,36,3,1,0,data1769,baseline,200
1364.293953123053,2099.5386535664156,37,1,1,0,data1769,baseline,200
1384.3345865720362,2119.2240161679915,38,2,1,0,data1769,baseline,200
1414.3652782780223,2131.3773855152476,39,3,1,0,data1769,baseline,200
1444.4017448636089,2148.445949515008,40,3,1,0,data1769,baseline,200
1454.4467032938985,2170.156392036538,41,1,1,0,data1769,baseline,200
1474.460725553582,2175.156392036538,42,2,1,0,data1769,baseline,200
1494.487055873476,2186.8809656174176,43,2,1,0,data1769,baseline,200
1534.5253677190572,2204.8496764966235,44,4,1,0,data1769,baseline,200
1564.5685138796478,2225.913751865037,45,3,1,0,data1769,baseline,200
1674.6024178368252,2241.9293196047693,46,11,1,0,data1769,baseline,200
1775.4354482968897,2656.639987757182,47,10,1,0,data1769,baseline,200
1886.3234707480137,3098.5562011258057,48,11,1,0,data1769,baseline,200
1896.3664744708742,3119.92616807875,49,1,1,0,data1769,baseline,200
2086.389172389825,3130.5832583935116,50,19,1,0,data1769,baseline,200
2106.4231365451124,3146.1653132941155,51,2,1,0,data1769,baseline,200
2136.457591695105,3162.966158304793,52,3,1,0,data1769,baseline,200
2146.5067264386294,3186.5591551748616,53,1,1,0,data1769,baseline,200
2187.443900113806,3653.404387042854,54,4,1,0,data1769,baseline,200
2358.653173928635,4256.499675181853,55,17,1,0,data1769,baseline,200
2378.686192672542,4272.600046825871,56,2,1,0,data1769,baseline,200
2418.7018913340767,4278.180629379702,57,4,1,0,data1769,baseline,200
2478.7453012207975,4298.023771802838,58,6,1,0,data1769,baseline,200
10.027999997457545,13.383136004983992,0,1,1,0,data1769,lya,200
20.042592231314003,20.082548902202326,1,1,1,0,data1769,lya,200
40.09315991666567,43.72128703937362,2,2,1,0,data1769,lya,200
50.11171431276822,51.25828021729516,3,1,1,0,data1769,lya,200
60.13855741779677,63.02678272079142,4,1,1,0,data1769,lya,200
130.1899157744047,86.45020754381952,6,2,1,0,data1769,lya,200
140.203621186866,92.79863099169863,7,1,1,0,data1769,lya,200
150.2369745039592,108.50888145128647,8,1,1,0,data1769,lya,200
160.28114100721945,128.6946737760096,9,1,1,0,data1769,lya,200
190.31044959634923,142.14595825859658,10,3,1,0,data1769,lya,200
200.3337055610378,151.29687309774152,11,1,1,0,data1769,lya,200
210.3653116027733,165.75694827597624,12,1,1,0,data1769,lya,200
230.41232451890357,188.39245457543862,13,2,1,0,data1769,lya,200
290.4591815600894,210.57337191582747,15,1,1,0,data1769,lya,200
340.4932460940968,226.86670647587854,16,5,1,0,data1769,lya,200
360.5406657654537,248.0292775345598,17,2,1,0,data1769,lya,200
370.577567803742,264.1226929959405,18,1,1,0,data1769,lya,200
440.62906555500894,287.31699292781025,20,2,1,0,data1769,lya,200
471.73152881051556,838.2632418977493,21,3,1,0,data1769,lya,200
481.7653880536657,854.0953895767651,22,1,1,0,data1769,lya,200
501.8084478858883,873.1331677347922,23,2,1,0,data1769,lya,200
511.85169848115936,892.7539296502199,24,1,1,0,data1769,lya,200
531.890105706034,911.8182119714104,25,2,1,0,data1769,lya,200
541.9084162996337,920.0646022067028,26,1,1,0,data1769,lya,200
551.9346728320293,931.8784245463235,27,1,1,0,data1769,lya,200
561.9595357237259,943.5957797889794,28,1,1,0,data1769,lya,200
581.9839330398198,954.70037864274,29,2,1,0,data1769,lya,200
592.0079527794514,965.3398598157222,30,1,1,0,data1769,lya,200
652.0457526251638,982.019603529993,32,1,1,0,data1769,lya,200
722.0490973793164,982.019603529993,34,2,0,1,data1769,lya,200
732.078645033473,994.8894418371709,35,1,1,0,data1769,lya,200
742.1237754945435,1016.266758080439,36,1,1,0,data1769,lya,200
752.156493671475,1030.8089277771899,37,1,1,0,data1769,lya,200
772.1971271204584,1050.4942903787658,38,2,1,0,data1769,lya,200
802.2278188264443,1062.6476597260219,39,3,1,0,data1769,lya,200
832.2642854120309,1079.7162237257821,40,3,1,0,data1769,lya,200
842.3092438423204,1101.4266662473117,41,1,1,0,data1769,lya,200
852.323266102004,1106.4266662473117,42,1,1,0,data1769,lya,200
892.3495964218979,1118.1512398281914,43,4,1,0,data1769,lya,200
902.387908267479,1136.1199507073975,44,1,1,0,data1769,lya,200
912.4310544280697,1157.1840260758108,45,1,1,0,data1769,lya,200
962.4649583852472,1173.1995938155433,46,5,1,0,data1769,lya,200
1032.4727575333936,1173.1995938155433,48,2,0,1,data1769,lya,200
1042.515761256254,1194.5695607684875,49,1,1,0,data1769,lya,200
1052.5384591752052,1205.226651083249,50,1,1,0,data1769,lya,200
1062.5724233304927,1220.8087059838526,51,1,1,0,data1769,lya,200
1072.6068784804854,1237.6095509945303,52,1,1,0,data1769,lya,200
1082.6560132240102,1261.2025478645987,53,1,1,0,data1769,lya,200
1152.6625796740018,1261.2025478645987,55,2,0,1,data1769,lya,200
1162.6955984179087,1277.302919508617,56,1,1,0,data1769,lya,200
1172.7112970794435,1282.8835020624474,57,1,1,0,data1769,lya,200
1242.7181445450142,1282.8835020624474,59,2,0,1,data1769,lya,200
1252.7626910603549,1303.944284228573,60,1,1,0,data1769,lya,200
1262.7919186673982,1318.2240377372004,61,1,1,0,data1769,lya,200
1273.6881059368354,1765.4460072621434,62,1,1,0,data1769,lya,200
1303.7149362226799,1778.0393155157449,63,3,1,0,data1769,lya,200
1313.7349523253354,1787.2990409849663,64,1,1,0,data1769,lya,200
1323.765225194713,1799.2877599705555,65,1,1,0,data1769,lya,200
1333.779453096711,1805.191257722906,66,1,1,0,data1769,lya,200
1343.8203834240637,1824.7642853008763,67,1,1,0,data1769,lya,200
1353.8329147470188,1829.7642853008763,68,1,1,0,data1769,lya,200
1383.883836707317,1854.9249979306724,69,3,1,0,data1769,lya,200
1393.8988628226475,1861.104363434172,70,1,1,0,data1769,lya,200
1413.949289831751,1883.603806812548,71,2,1,0,data1769,lya,200
1473.9918143017733,1901.4089721499033,73,1,1,0,data1769,lya,200
1504.017723867749,1912.6467386482689,74,3,1,0,data1769,lya,200
1514.0654630955996,1936.0154794452258,75,1,1,0,data1769,lya,200
1534.098025130337,1951.2339927856472,76,2,1,0,data1769,lya,200
1544.1457679424693,1971.6024028461409,77,1,1,0,data1769,lya,200
1564.178843061104,1986.9826430456228,78,2,1,0,data1769,lya,200
1574.2137644979737,2003.7474429233173,79,1,1,0,data1769,lya,200
1594.252480023469,2021.8279761934161,80,2,1,0,data1769,lya,200
1604.2789476471762,2034.1843562659176,81,1,1,0,data1769,lya,200
1614.3013718190386,2042.7829006247414,82,1,1,0,data1769,lya,200
1654.3228757349361,2051.2748839960313,83,4,1,0,data1769,lya,200
1664.357109641688,2066.529096841712,84,1,1,0,data1769,lya,200
1674.3845911231608,2079.0858964147715,85,1,1,0,data1769,lya,200
1724.3961389528808,2084.0858964147715,86,5,1,0,data1769,lya,200
1734.4364156597376,2101.650602668729,87,1,1,0,data1769,lya,200
1774.4550888671195,2110.558154462296,88,4,1,0,data1769,lya,200
1784.4763978392596,2119.7565293359494,89,1,1,0,data1769,lya,200
1795.2406334267569,2501.3661636202387,90,1,1,0,data1769,lya,200
1805.7423916665243,2751.3661636202387,91,1,1,0,data1769,lya,200
1815.7759034537232,2766.9786911119363,92,1,1,0,data1769,lya,200
1875.8096919252635,2780.0834028810245,94,1,1,0,data1769,lya,200
1885.8308197112467,2789.785507149941,95,1,1,0,data1769,lya,200
1895.8645274601486,2805.6930420380777,96,1,1,0,data1769,lya,200
1905.8898159352734,2816.816883069739,97,1,1,0,data1769,lya,200
1915.921975499599,2831.9356404797277,98,1,1,0,data1769,lya,200
1925.9578965294388,2848.513820363134,99,1,1,0,data1769,lya,200
1935.9889408465085,2863.3378356708217,100,1,1,0,data1769,lya,200
1996.0257105092285,2879.298287573985,102,1,1,0,data1769,lya,200
2006.0731129666478,2902.283851186589,103,1,1,0,data1769,lya,200
2016.1029406263483,2916.0192546660537,104,1,1,0,data1769,lya,200
2036.136500181896,2931.656426699394,105,2,1,0,data1769,lya,200
2046.1768475478084,2950.990672016105,106,1,1,0,data1769,lya,200
2076.213639252379,2968.345856173195,107,3,1,0,data1769,lya,200
2106.2426106535286,2981.554810170741,108,3,1,0,data1769,lya,200
2166.268310697318,2992.1985757651664,110,1,1,0,data1769,lya,200
2176.301233352176,3006.0648286286755,111,1,1,0,data1769,lya,200
2196.3271403146555,3017.2093959261533,112,2,1,0,data1769,lya,200
2206.3641595529934,3035.090268923509,113,1,1,0,data1769,lya,200
2216.408382703159,3056.038267829933,114,1,1,0,data1769,lya,200
2227.068130160775,3384.7708004338465,115,1,1,0,data1769,lya,200
2237.1035128997178,3400.1471301634924,116,1,1,0,data1769,lya,200
2288.077367084881,3885.8268475399127,117,5,1,0,data1769,lya,200
2358.098146419031,3894.8605469617205,119,2,1,0,data1769,lya,200
2368.1097762534405,3899.8605469617205,120,1,1,0,data1769,lya,200
2378.137789564832,3912.905376955568,121,1,1,0,data1769,lya,200
2418.1675501507807,3926.414850608803,122,4,1,0,data1769,lya,200
2448.2205651386967,3952.2790620856695,123,3,1,0,data1769,lya,200
2458.2675064001796,3975.09312991671,124,1,1,0,data1769,lya,200
10.028971947056865,13.383136004983992,0,1,1,0,data1770,baseline,200
20.04551578193237,20.082548902202326,1,1,1,0,data1770,baseline,200
40.09467858185134,43.72128703937362,2,2,1,0,data1770,baseline,200
50.11361977769886,51.25828021729516,3,1,1,0,data1770,baseline,200
70.13850371627697,63.02678272079142,4,2,1,0,data1770,baseline,200
100.16764092176129,76.00900793655686,5,3,1,0,data1770,baseline,200
120.21862596886065,99.43243275958497,6,2,1,0,data1770,baseline,200
130.23833132876345,105.78085620746408,7,1,1,0,data1770,baseline,200
140.2716668005447,121.49110666705192,8,1,1,0,data1770,baseline,200
210.3134291451096,141.67689899177503,9,7,1,0,data1770,baseline,200
340.3524601709351,155.128183474362,10,13,1,0,data1770,baseline,200
350.3724328407262,164.27909831350695,11,1,1,0,data1770,baseline,200
370.4087068956595,178.73917349174167,12,2,1,0,data1770,baseline,200
380.45758733938567,201.37467979120404,13,1,1,0,data1770,baseline,200
450.4854319237683,213.29575056736547,14,7,1,0,data1770,baseline,200
470.53169846289927,235.4766679077543,15,2,1,0,data1770,baseline,200
560.5662376055948,251.77000246780537,16,9,1,0,data1770,baseline,200
570.6104298682667,272.93257352648664,17,1,1,0,data1770,baseline,200
600.6435540285406,289.0259889878673,18,3,1,0,data1770,baseline,200
661.4806411671502,706.3748719465024,19,6,1,0,data1770,baseline,200
701.528709788359,729.5691718783721,20,4,1,0,data1770,baseline,200
832.6337271194784,1280.5154208483111,21,13,1,0,data1770,baseline,200
852.6679883955974,1296.347568527327,22,2,1,0,data1770,baseline,200
882.7070641783002,1315.385346685354,23,3,1,0,data1770,baseline,200
922.7473126948979,1335.0061086007818,24,4,1,0,data1770,baseline,200
932.7868637548875,1354.0703909219724,25,1,1,0,data1770,baseline,200
942.8069042446729,1362.3167811572648,26,1,1,0,data1770,baseline,200
952.8322675283944,1374.1306034968854,27,1,1,0,data1770,baseline,200
962.8592670356832,1385.8479587395414,28,1,1,0,data1770,baseline,200
992.8846247235324,1396.952557593302,29,3,1,0,data1770,baseline,200
1022.9074846689981,1407.592038766284,30,3,1,0,data1770,baseline,200
1044.1370538310093,2019.0777654381682,31,2,1,0,data1770,baseline,200
1074.1760058234026,2035.757509152439,32,3,1,0,data1770,baseline,200
1294.2119058133148,2050.7493293192188,34,2,1,0,data1770,baseline,200
1324.2418411681938,2063.6191676263966,35,3,1,0,data1770,baseline,200
1354.2902152771564,2084.9964838696646,36,3,1,0,data1770,baseline,200
1364.3196582006055,2099.5386535664156,37,1,1,0,data1770,baseline,200
1384.3609877750787,2119.2240161679915,38,2,1,0,data1770,baseline,200
1414.3883849843073,2131.3773855152476,39,3,1,0,data1770,baseline,200
1444.4283251187735,2148.445949515008,40,3,1,0,data1770,baseline,200
1454.4741227469165,2170.156392036538,41,1,1,0,data1770,baseline,200
1474.4862824427244,2175.156392036538,42,2,1,0,data1770,baseline,200
1494.5107028067478,2186.8809656174176,43,2,1,0,data1770,baseline,200
1534.5478856378616,2204.8496764966235,44,4,1,0,data1770,baseline,200
1564.5945259896826,2225.913751865037,45,3,1,0,data1770,baseline,200
1674.6276869418782,2241.9293196047693,46,11,1,0,data1770,baseline,200
1775.458577276996,2656.639987757182,47,10,1,0,data1770,baseline,200
1886.3491299729735,3098.5562011258057,48,11,1,0,data1770,baseline,200
1896.3942345387832,3119.92616807875,49,1,1,0,data1770,baseline,200
2086.4180392651665,3130.5832583935116,50,19,1,0,data1770,baseline,200
2106.4517575446603,3146.1653132941155,51,2,1,0,data1770,baseline,200
2136.4935070536535,3162.966158304793,52,3,1,0,data1770,baseline,200
2146.5438500638575,3186.5591551748616,53,1,1,0,data1770,baseline,200
2187.4792666509356,3653.404387042854,54,4,1,0,data1770,baseline,200
2358.686171770678,4256.499675181853,55,17,1,0,data1770,baseline,200
2378.722293380017,4272.600046825871,56,2,1,0,data1770,baseline,200
2418.7365776890238,4278.180629379702,57,4,1,0,data1770,baseline,200
2478.776584727767,4298.023771802838,58,6,1,0,data1770,baseline,200
10.028971947056865,13.383136004983992,0,1,1,0,data1770,lya,200
20.04551578193237,20.082548902202326,1,1,1,0,data1770,lya,200
40.09467858185134,43.72128703937362,2,2,1,0,data1770,lya,200
50.11361977769886,51.25828021729516,3,1,1,0,data1770,lya,200
60.138503716276965,63.02678272079142,4,1,1,0,data1770,lya,200
130.1926615184291,86.45020754381952,6,2,1,0,data1770,lya,200
140.2123668783319,92.79863099169863,7,1,1,0,data1770,lya,200
150.24570235011313,108.50888145128647,8,1,1,0,data1770,lya,200
160.28746469467805,128.6946737760096,9,1,1,0,data1770,lya,200
190.32649572050354,142.14595825859658,10,3,1,0,data1770,lya,200
200.3464683902946,151.29687309774152,11,1,1,0,data1770,lya,200
210.3827424452279,165.75694827597624,12,1,1,0,data1770,lya,200
230.4316228889541,188.39245457543862,13,2,1,0,data1770,lya,200
290.4818918709154,210.57337191582747,15,1,1,0,data1770,lya,200
340.5164310136109,226.86670647587854,16,5,1,0,data1770,lya,200
360.56062327628274,248.0292775345598,17,2,1,0,data1770,lya,200
370.5937474365566,264.1226929959405,18,1,1,0,data1770,lya,200
440.64420543045776,287.31699292781025,20,2,1,0,data1770,lya,200
471.7492227615772,838.2632418977493,21,3,1,0,data1770,lya,200
481.78348403769616,854.0953895767651,22,1,1,0,data1770,lya,200
501.8225598203991,873.1331677347922,23,2,1,0,data1770,lya,200
511.8628083369968,892.7539296502199,24,1,1,0,data1770,lya,200
531.9023593969863,911.8182119714104,25,2,1,0,data1770,lya,200
541.9223998867717,920.0646022067028,26,1,1,0,data1770,lya,200
551.9477631704932,931.8784245463235,27,1,1,0,data1770,lya,200
561.974762677782,943.5957797889794,28,1,1,0,data1770,lya,200
582.0001203656312,954.70037864274,29,2,1,0,data1770,lya,200
592.022980311097,965.3398598157222,30,1,1,0,data1770,lya,200
652.068530012158,982.019603529993,32,1,1,0,data1770,lya,200
722.0744463617367,982.019603529993,34,2,0,1,data1770,lya,200
732.1043817166156,994.8894418371709,35,1,1,0,data1770,lya,200
742.1527558255783,1016.266758080439,36,1,1,0,data1770,lya,200
752.1821987490275,1030.8089277771899,37,1,1,0,data1770,lya,200
772.2235283235007,1050.4942903787658,38,2,1,0,data1770,lya,200
802.2509255327293,1062.6476597260219,39,3,1,0,data1770,lya,200
832.2908656671956,1079.7162237257821,40,3,1,0,data1770,lya,200
842.3366632953384,1101.4266662473117,41,1,1,0,data1770,lya,200
852.3488229911463,1106.4266662473117,42,1,1,0,data1770,lya,200
892.3732433551697,1118.1512398281914,43,4,1,0,data1770,lya,200
902.4104261862835,1136.1199507073975,44,1,1,0,data1770,lya,200
912.4570665381046,1157.1840260758108,45,1,1,0,data1770,lya,200
962.4902274903004,1173.1995938155433,46,5,1,0,data1770,lya,200
1032.4984167583536,1173.1995938155433,48,2,0,1,data1770,lya,200
1042.5435213241633,1194.5695607684875,49,1,1,0,data1770,lya,200
1052.5673260505469,1205.226651083249,50,1,1,0,data1770,lya,200
1062.601044330041,1220.8087059838526,51,1,1,0,data1770,lya,200
1072.6427938390345,1237.6095509945303,52,1,1,0,data1770,lya,200
1082.6931368492385,1261.2025478645987,53,1,1,0,data1770,lya,200
1152.6955775160452,1261.2025478645987,55,2,0,1,data1770,lya,200
1162.7316991253847,1277.302919508617,56,1,1,0,data1770,lya,200
1172.7459834343913,1282.8835020624474,57,1,1,0,data1770,lya,200
1242.7496499614322,1282.8835020624474,59,2,0,1,data1770,lya,200
1252.793650127907,1303.944284228573,60,1,1,0,data1770,lya,200
1262.8258438955156,1318.2240377372004,61,1,1,0,data1770,lya,200
1273.7256441521479,1765.4460072621434,62,1,1,0,data1770,lya,200
1303.752566573657,1778.0393155157449,63,3,1,0,data1770,lya,200
1313.7732354044979,1787.2990409849663,64,1,1,0,data1770,lya,200
1323.7987239647746,1799.2877599705555,65,1,1,0,data1770,lya,200
1333.811369626497,1805.191257722906,66,1,1,0,data1770,lya,200
1343.8514103269752,1824.7642853008763,67,1,1,0,data1770,lya,200
1353.8642241313128,1829.7642853008763,68,1,1,0,data1770,lya,200
1383.9182442468818,1854.9249979306724,69,3,1,0,data1770,lya,200
1393.932796221802,1861.104363434172,70,1,1,0,data1770,lya,200
1413.9792700063085,1883.603806812548,71,2,1,0,data1770,lya,200
1474.022574149092,1901.4089721499033,73,1,1,0,data1770,lya,200
1504.04812041661,1912.6467386482689,74,3,1,0,data1770,lya,200
1514.0968438451166,1936.0154794452258,75,1,1,0,data1770,lya,200
1534.1280878419393,1951.2339927856472,76,2,1,0,data1770,lya,200
1544.171353078785,1971.6024028461409,77,1,1,0,data1770,lya,200
1564.20273562661,1986.9826430456228,78,2,1,0,data1770,lya,200
1574.240383815946,2003.7474429233173,79,1,1,0,data1770,lya,200
1594.2768082195562,2021.8279761934161,80,2,1,0,data1770,lya,200
1604.303543849352,2034.1843562659176,81,1,1,0,data1770,lya,200
1614.3249356126198,2042.7829006247414,82,1,1,0,data1770,lya,200
1654.34333411038,2051.2748839960313,83,4,1,0,data1770,lya,200
1664.376880156809,2066.529096841712,84,1,1,0,data1770,lya,200
1674.4039401112495,2079.0858964147715,85,1,1,0,data1770,lya,200
1724.4173405724996,2084.0858964147715,86,5,1,0,data1770,lya,200
1734.4530824875076,2101.650602668729,87,1,1,0,data1770,lya,200
1774.4713319368814,2110.558154462296,88,4,1,0,data1770,lya,200
1784.493221138733,2119.7565293359494,89,1,1,0,data1770,lya,200
1795.2569681052855,2501.3661636202387,90,1,1,0,data1770,lya,200
1805.761086030645,2751.3661636202387,91,1,1,0,data1770,lya,200
1815.7947857018673,2766.9786911119363,92,1,1,0,data1770,lya,200
1875.823385722472,2780.0834028810245,94,1,1,0,data1770,lya,200
1885.843462098225,2789.785507149941,95,1,1,0,data1770,lya,200
1895.8774904477311,2805.6930420380777,96,1,1,0,data1770,lya,200
1905.9027856934977,2816.816883069739,97,1,1,0,data1770,lya,200
1915.9361386808025,2831.9356404797277,98,1,1,0,data1770,lya,200
1925.971162935241,2848.513820363134,99,1,1,0,data1770,lya,200
1936.001727058053,2863.3378356708217,100,1,1,0,data1770,lya,200
1996.037198286917,2879.298287573985,102,1,1,0,data1770,lya,200
2006.0880209152397,2902.283851186589,103,1,1,0,data1770,lya,200
2016.1162641733897,2916.0192546660537,104,1,1,0,data1770,lya,200
2036.1502864833633,2931.656426699394,105,2,1,0,data1770,lya,200
2046.1937022263626,2950.990672016105,106,1,1,0,data1770,lya,200
2076.2317009048224,2968.345856173195,107,3,1,0,data1770,lya,200
2106.2589125369286,2981.554810170741,108,3,1,0,data1770,lya,200
2166.285693960729,2992.1985757651664,110,1,1,0,data1770,lya,200
2176.315167021759,3006.0648286286755,111,1,1,0,data1770,lya,200
2196.340521039386,3017.2093959261533,112,2,1,0,data1770,lya,200
2206.3796373216187,3035.090268923509,113,1,1,0,data1770,lya,200
2216.424205816965,3056.038267829933,114,1,1,0,data1770,lya,200
2227.0864992605248,3384.7708004338465,115,1,1,0,data1770,lya,200
2237.1185255887026,3400.1471301634924,116,1,1,0,data1770,lya,200
2288.0908970454966,3885.8268475399127,117,5,1,0,data1770,lya,200
2358.1128622437022,3894.8605469617205,119,2,1,0,data1770,lya,200
2368.125764314758,3899.8605469617205,120,1,1,0,data1770,lya,200
2378.15342040853,3912.905376955568,121,1,1,0,data1770,lya,200
2418.182143999633,3926.414850608803,122,4,1,0,data1770,lya,200
2448.2353200490593,3952.2790620856695,123,3,1,0,data1770,lya,200
2458.2818194454744,3975.09312991671,124,1,1,0,data1770,lya,200
