Time,Data_Collected_KB,Current_Node,Attempt_Count,Success_Flag,Skipped_Flag,Node_File,Strategy
8.034758426666649,16.68199381893126,0,1,1,0,data31,baseline
16.066697977609394,31.935142873507093,1,1,1,0,data31,baseline
24.095476444556596,45.84785798898697,2,1,1,0,data31,baseline
32.126554751483816,58.471571246984595,3,1,1,0,data31,baseline
40.15438133085309,70.42470436756253,4,1,1,0,data31,baseline
48.190961244256144,81.35709888276241,5,1,1,0,data31,baseline
56.202538067475466,86.35709888276241,6,1,1,0,data31,baseline
64.2368391870288,100.01700712354805,7,1,1,0,data31,baseline
72.2837073594845,120.49865607125349,8,1,1,0,data31,baseline
80.31453518859085,133.8216009508993,9,1,1,0,data31,baseline
88.3542643970788,151.9971637054092,10,1,1,0,data31,baseline
96.37561015955917,161.5961593552068,11,1,1,0,data31,baseline
152.40407868940812,172.84235013986842,13,1,1,0,data31,baseline
168.4333647033642,182.71485079126762,14,2,1,0,data31,baseline
176.45348208876132,191.79965273459237,15,1,1,0,data31,baseline
184.49238902316128,209.04852292703603,16,1,1,0,data31,baseline
192.5427338984423,232.94314464646584,17,1,1,0,data31,baseline
200.57133315787794,244.60842777168327,18,1,1,0,data31,baseline
208.58944515076467,251.14933649043175,19,1,1,0,data31,baseline
224.62917978596622,269.43332314625167,20,2,1,0,data31,baseline
240.64976285028155,277.2538190493815,21,2,1,0,data31,baseline
248.67211531870342,286.3374909421094,22,1,1,0,data31,baseline
256.70898470882065,303.81246921306786,23,1,1,0,data31,baseline
272.7396495219842,317.98592114030004,24,2,1,0,data31,baseline
361.2643917506615,574.6223131294828,26,5,1,0,data31,baseline
417.3203741333764,599.0700514101158,28,1,1,0,data31,baseline
425.3481521539795,610.6910277390087,29,1,1,0,data31,baseline
433.37523538763105,621.1239650523967,30,1,1,0,data31,baseline
449.40824821500047,633.8487991824588,31,2,1,0,data31,baseline
457.43735920723094,646.7849911165083,32,1,1,0,data31,baseline
482.24111945870646,1047.7567118423663,33,3,1,0,data31,baseline
490.2537168885124,1052.7990229097093,34,1,1,0,data31,baseline
498.2926591553527,1069.9291522438793,35,1,1,0,data31,baseline
506.32031578104903,1082.2227250356796,36,1,1,0,data31,baseline
522.3596675272835,1101.1068400578076,37,2,1,0,data31,baseline
530.3967123065406,1115.8686215020225,38,1,1,0,data31,baseline
546.4344553709628,1133.4620937906113,39,2,1,0,data31,baseline
562.4621241433312,1146.5050847302023,40,2,1,0,data31,baseline
570.4984119326582,1163.6951977173107,41,1,1,0,data31,baseline
666.5252994646239,1174.999015560035,43,6,1,0,data31,baseline
674.5604770496693,1189.4630431842295,44,1,1,0,data31,baseline
682.5884866687824,1202.0319567554639,45,1,1,0,data31,baseline
690.6370485129943,1224.9968657267611,46,1,1,0,data31,baseline
706.6647913833707,1237.827157731711,47,2,1,0,data31,baseline
738.688465854853,1249.1636967251918,48,4,1,0,data31,baseline
746.7174484713598,1261.272312155371,49,1,1,0,data31,baseline
754.7482039034825,1275.59372524378,50,1,1,0,data31,baseline
762.7724468265362,1286.6262001554169,51,1,1,0,data31,baseline
795.4755984863341,1637.5786255227467,52,4,1,0,data31,baseline
819.5101642115494,1653.3646347982321,53,3,1,0,data31,baseline
827.5436484821572,1667.7872677486134,54,1,1,0,data31,baseline
836.3094720375755,2048.649283919033,55,1,1,0,data31,baseline
860.3416213455021,2062.052508529959,56,3,1,0,data31,baseline
876.3717700423138,2076.029426002571,57,2,1,0,data31,baseline
884.4064022785576,2092.3847347462824,58,1,1,0,data31,baseline
892.4617329228847,2118.6087677763353,59,1,1,0,data31,baseline
908.486212050992,2129.670758224541,60,2,1,0,data31,baseline
932.5371381647925,2154.288880285267,61,3,1,0,data31,baseline
1036.5722577792662,2167.5919488193763,64,1,1,0,data31,baseline
1085.3021346472458,2531.850067876184,65,6,1,0,data31,baseline
1093.3430335112512,2550.345529785484,66,1,1,0,data31,baseline
1157.3754834103318,2562.9392891163666,68,2,1,0,data31,baseline
1165.3930302895121,2567.9392891163666,69,1,1,0,data31,baseline
1181.421634777506,2580.839051793229,70,2,1,0,data31,baseline
1189.4546036210522,2596.535072348013,71,1,1,0,data31,baseline
1197.4886844912612,2611.544140403986,72,1,1,0,data31,baseline
1253.5466917137603,2636.2118535511363,74,1,1,0,data31,baseline
1333.5879367513858,2654.0506953899244,76,4,1,0,data31,baseline
1341.6237065213418,2669.7916040468203,77,1,1,0,data31,baseline
1365.667698894515,2690.6537829587814,78,3,1,0,data31,baseline
1421.7101029686214,2709.399311343603,80,1,1,0,data31,baseline
1429.7604971068547,2733.444095488704,81,1,1,0,data31,baseline
1437.7979505303972,2749.579016994801,82,1,1,0,data31,baseline
1445.8319565332647,2763.2242056839623,83,1,1,0,data31,baseline
1509.882864756889,2783.9054172695587,85,2,1,0,data31,baseline
1613.9210479168714,2795.5605431329755,88,1,1,0,data31,baseline
1629.9459482130433,2806.220122005953,89,2,1,0,data31,baseline
1670.8864192474193,3274.538098891381,90,5,1,0,data31,baseline
1678.9046499463166,3283.2011873838196,91,1,1,0,data31,baseline
1686.9377098229195,3298.7526852769865,92,1,1,0,data31,baseline
1719.9337302968877,3795.1465190192725,93,4,1,0,data31,baseline
1727.9852095553592,3816.297575787494,94,1,1,0,data31,baseline
1736.0060390548404,3824.8414539765067,95,1,1,0,data31,baseline
1752.0523256158863,3847.6160673596896,96,2,1,0,data31,baseline
1792.0778181163478,3857.710065683502,97,5,1,0,data31,baseline
1800.0975021311049,3866.51891142776,98,1,1,0,data31,baseline
1808.1201803810334,3877.3956547895045,99,1,1,0,data31,baseline
8.034758426666649,16.68199381893126,0,1,1,0,data31,lya
16.066697977609394,31.935142873507093,1,1,1,0,data31,lya
24.095476444556596,45.84785798898697,2,1,1,0,data31,lya
32.126554751483816,58.471571246984595,3,1,1,0,data31,lya
64.16705497801499,69.40396576218448,5,1,1,0,data31,lya
72.17863180123432,74.40396576218448,6,1,1,0,data31,lya
80.21293292078767,88.06387400297012,7,1,1,0,data31,lya
88.25980109324335,108.54552295067558,8,1,1,0,data31,lya
120.30371224107836,126.72108570518547,10,1,1,0,data31,lya
128.32505800355875,136.32008135498305,11,1,1,0,data31,lya
160.35352653340772,147.5662721396447,13,1,1,0,data31,lya
176.38281254736378,157.4387727910439,14,2,1,0,data31,lya
184.4029299327609,166.52357473436865,15,1,1,0,data31,lya
192.44183686716087,183.7724449268123,16,1,1,0,data31,lya
200.4921817424419,207.66706664624212,17,1,1,0,data31,lya
208.52078100187754,219.33234977145955,18,1,1,0,data31,lya
216.53889299476427,225.87325849020803,19,1,1,0,data31,lya
232.5786276299658,244.15724514602792,20,2,1,0,data31,lya
240.59921069428114,251.97774104915777,21,1,1,0,data31,lya
248.621563162703,261.0614129418857,22,1,1,0,data31,lya
256.6584325528202,278.53639121284414,23,1,1,0,data31,lya
272.68909736598374,292.7098431400763,24,2,1,0,data31,lya
304.7005668106827,292.7098431400763,26,1,0,1,data31,lya
313.65323930352537,767.1845698580026,27,1,1,0,data31,lya
321.7054986468334,791.6323081386356,28,1,1,0,data31,lya
329.73327666743654,803.2532844675286,29,1,1,0,data31,lya
337.76035990108807,813.6862217809165,30,1,1,0,data31,lya
361.7933727284575,826.4110559109787,31,3,1,0,data31,lya
377.82248372068796,839.3472478450282,32,2,1,0,data31,lya
402.6262439721635,1240.3189685708862,33,3,1,0,data31,lya
410.6388414019694,1245.3612796382292,34,1,1,0,data31,lya
426.6777836688097,1262.4914089723993,35,2,1,0,data31,lya
442.70544029450605,1274.7849817641995,36,2,1,0,data31,lya
450.7447920407406,1293.6690967863276,37,1,1,0,data31,lya
458.78183681999775,1308.4308782305425,38,1,1,0,data31,lya
466.81957988442,1326.0243505191313,39,1,1,0,data31,lya
490.84724865678834,1339.0673414587222,40,3,1,0,data31,lya
514.8835364461154,1356.2574544458307,41,3,1,0,data31,lya
539.6211824729303,1723.6242262241271,42,3,1,0,data31,lya
563.6451575216377,1734.9280440668515,43,3,1,0,data31,lya
571.6803351066831,1749.3920716910459,44,1,1,0,data31,lya
595.7083447257961,1761.9609852622802,45,3,1,0,data31,lya
627.7387196224419,1774.79127726723,47,1,1,0,data31,lya
659.768703632444,1786.8998926974093,49,1,1,0,data31,lya
667.7994590645667,1801.2213057858182,50,1,1,0,data31,lya
675.8237019876204,1812.253780697455,51,1,1,0,data31,lya
707.827942503348,1812.253780697455,53,1,0,1,data31,lya
715.8614267739558,1826.6764136478364,54,1,1,0,data31,lya
723.8655262970333,1826.6764136478364,55,1,0,1,data31,lya
731.8976756049599,1840.0796382587625,56,1,1,0,data31,lya
739.9278243017716,1854.0565557313746,57,1,1,0,data31,lya
747.9624565380154,1870.4118644750858,58,1,1,0,data31,lya
756.0177871823425,1896.6358975051387,59,1,1,0,data31,lya
764.0422663104498,1907.6978879533444,60,1,1,0,data31,lya
772.0931924242503,1932.3160100140708,61,1,1,0,data31,lya
780.1132784102309,1941.398144174348,62,1,1,0,data31,lya
812.1464763070445,1954.7012127084572,64,1,1,0,data31,lya
844.1887358009159,1973.1966746177573,66,1,1,0,data31,lya
860.2299985099294,1991.1961577863124,67,2,1,0,data31,lya
868.2571846663334,2003.7899171171948,68,1,1,0,data31,lya
876.2747315455138,2008.7899171171948,69,1,1,0,data31,lya
884.3033360335075,2021.6896797940572,70,1,1,0,data31,lya
900.3363048770541,2037.3857003488413,71,2,1,0,data31,lya
932.3844317733115,2056.1653767577995,73,1,1,0,data31,lya
940.4359341864683,2080.8330899049497,74,1,1,0,data31,lya
972.4771792240939,2098.671931743738,76,1,1,0,data31,lya
988.5129489940499,2114.4128404006337,77,2,1,0,data31,lya
1004.5569413672232,2135.275019312595,78,2,1,0,data31,lya
1021.3140942579892,2513.5917823295113,79,2,1,0,data31,lya
1029.3559789673634,2532.337310714333,80,1,1,0,data31,lya
1037.4063731055967,2556.382094859434,81,1,1,0,data31,lya
1045.4438265291392,2572.5170163655307,82,1,1,0,data31,lya
1061.4778325320067,2586.162205054692,83,2,1,0,data31,lya
1070.4514496251438,3071.3803716584457,84,1,1,0,data31,lya
1102.462240775464,3071.3803716584457,86,1,0,1,data31,lya
1110.4660837821318,3071.3803716584457,87,1,0,1,data31,lya
1118.4959978256497,3083.0354975218625,88,1,1,0,data31,lya
1126.4995789640757,3083.0354975218625,89,1,0,1,data31,lya
1134.503414044681,3083.0354975218625,90,1,0,1,data31,lya
1142.5216447435782,3091.698586014301,91,1,1,0,data31,lya
1150.5236016243948,3091.698586014301,92,1,0,1,data31,lya
1159.519622098363,3588.092419756587,93,1,1,0,data31,lya
1167.5711013568346,3609.2434765248086,94,1,1,0,data31,lya
1175.5748430999377,3609.2434765248086,95,1,0,1,data31,lya
1183.5755804342173,3609.2434765248086,96,1,0,1,data31,lya
1191.5808849380312,3609.2434765248086,97,1,0,1,data31,lya
1199.6005689527883,3618.0523222690667,98,1,1,0,data31,lya
1207.6232472027168,3628.9290656308112,99,1,1,0,data31,lya
8.038286293353938,16.68199381893126,0,1,1,0,data32,baseline
16.073370044847344,31.935142873507093,1,1,1,0,data32,baseline
24.10555390641825,45.84785798898697,2,1,1,0,data32,baseline
32.141239620058585,58.471571246984595,3,1,1,0,data32,baseline
40.16576321373514,70.42470436756253,4,1,1,0,data32,baseline
48.18859957972724,81.35709888276241,5,1,1,0,data32,baseline
56.20139527604926,86.35709888276241,6,1,1,0,data32,baseline
64.23350788141754,100.01700712354805,7,1,1,0,data32,baseline
72.27653448795988,120.49865607125349,8,1,1,0,data32,baseline
80.30348961086746,133.8216009508993,9,1,1,0,data32,baseline
88.34185745322137,151.9971637054092,10,1,1,0,data32,baseline
96.36403214110695,161.5961593552068,11,1,1,0,data32,baseline
152.392391280337,172.84235013986842,13,1,1,0,data32,baseline
168.41302028758577,182.71485079126762,14,2,1,0,data32,baseline
176.4333063169306,191.79965273459237,15,1,1,0,data32,baseline
184.4710058262992,209.04852292703603,16,1,1,0,data32,baseline
192.5214786032892,232.94314464646584,17,1,1,0,data32,baseline
200.5461400231379,244.60842777168327,18,1,1,0,data32,baseline
208.56190154029036,251.14933649043175,19,1,1,0,data32,baseline
224.60312880892022,269.43332314625167,20,2,1,0,data32,baseline
240.6282607081976,277.2538190493815,21,2,1,0,data32,baseline
248.6489350399467,286.3374909421094,22,1,1,0,data32,baseline
256.6865717874379,303.81246921306786,23,1,1,0,data32,baseline
272.7154909091268,317.98592114030004,24,2,1,0,data32,baseline
361.242373097486,574.6223131294828,26,5,1,0,data32,baseline
417.2964155644073,599.0700514101158,28,1,1,0,data32,baseline
425.32157591145756,610.6910277390087,29,1,1,0,data32,baseline
433.3447731688334,621.1239650523967,30,1,1,0,data32,baseline
449.3727086224247,633.8487991824588,31,2,1,0,data32,baseline
457.4018277513725,646.7849911165083,32,1,1,0,data32,baseline
482.20621795918106,1047.7567118423663,33,3,1,0,data32,baseline
490.22269604025144,1052.7990229097093,34,1,1,0,data32,baseline
498.2604591622664,1069.9291522438793,35,1,1,0,data32,baseline
506.2906340211159,1082.2227250356796,36,1,1,0,data32,baseline
522.33143269165,1101.1068400578076,37,2,1,0,data32,baseline
530.3642373206857,1115.8686215020225,38,1,1,0,data32,baseline
546.4023096169658,1133.4620937906113,39,2,1,0,data32,baseline
562.4375097744764,1146.5050847302023,40,2,1,0,data32,baseline
570.4762810871528,1163.6951977173107,41,1,1,0,data32,baseline
666.5074330575717,1174.999015560035,43,6,1,0,data32,baseline
674.5471597355314,1189.4630431842295,44,1,1,0,data32,baseline
682.5742373815893,1202.0319567554639,45,1,1,0,data32,baseline
690.6264115039168,1224.9968657267611,46,1,1,0,data32,baseline
706.6574331335382,1237.827157731711,47,2,1,0,data32,baseline
738.6850666463539,1249.1636967251918,48,4,1,0,data32,baseline
746.7130763683339,1261.272312155371,49,1,1,0,data32,baseline
754.7441039582437,1275.59372524378,50,1,1,0,data32,baseline
762.7667900403496,1286.6262001554169,51,1,1,0,data32,baseline
795.4716245938529,1637.5786255227467,52,4,1,0,data32,baseline
819.506533816924,1653.3646347982321,53,3,1,0,data32,baseline
827.5392062947211,1667.7872677486134,54,1,1,0,data32,baseline
836.308373509847,2048.649283919033,55,1,1,0,data32,baseline
860.3365186096132,2062.052508529959,56,3,1,0,data32,baseline
876.3651185058269,2076.029426002571,57,2,1,0,data32,baseline
884.3995183640438,2092.3847347462824,58,1,1,0,data32,baseline
892.4541176393744,2118.6087677763353,59,1,1,0,data32,baseline
908.4772498828768,2129.670758224541,60,2,1,0,data32,baseline
932.5296428093594,2154.288880285267,61,3,1,0,data32,baseline
1036.5718824185442,2167.5919488193763,64,1,1,0,data32,baseline
1085.3008225396604,2531.850067876184,65,6,1,0,data32,baseline
1093.3430098728666,2550.345529785484,66,1,1,0,data32,baseline
1157.379101793713,2562.9392891163666,68,2,1,0,data32,baseline
1165.3958610445047,2567.9392891163666,69,1,1,0,data32,baseline
1181.4251193120351,2580.839051793229,70,2,1,0,data32,baseline
1189.4588941507131,2596.535072348013,71,1,1,0,data32,baseline
1197.4919431992043,2611.544140403986,72,1,1,0,data32,baseline
1253.5461722303685,2636.2118535511363,74,1,1,0,data32,baseline
1333.5929509084394,2654.0506953899244,76,4,1,0,data32,baseline
1341.6316438454216,2669.7916040468203,77,1,1,0,data32,baseline
1365.6783417063743,2690.6537829587814,78,3,1,0,data32,baseline
1421.722923949929,2709.399311343603,80,1,1,0,data32,baseline
1429.7769706108895,2733.444095488704,81,1,1,0,data32,baseline
1437.8169514467725,2749.579016994801,82,1,1,0,data32,baseline
1445.8503093908676,2763.2242056839623,83,1,1,0,data32,baseline
1509.9025657195443,2783.9054172695587,85,2,1,0,data32,baseline
1613.9388807552455,2795.5605431329755,88,1,1,0,data32,baseline
1629.9633280161613,2806.220122005953,89,2,1,0,data32,baseline
1670.9043365715604,3274.538098891381,90,5,1,0,data32,baseline
1678.9273761217014,3283.2011873838196,91,1,1,0,data32,baseline
1686.9654407182231,3298.7526852769865,92,1,1,0,data32,baseline
1719.962677841162,3795.1465190192725,93,4,1,0,data32,baseline
1728.0056324243185,3816.297575787494,94,1,1,0,data32,baseline
1736.025480295546,3824.8414539765067,95,1,1,0,data32,baseline
1752.0768962781624,3847.6160673596896,96,2,1,0,data32,baseline
1792.099041675234,3857.710065683502,97,5,1,0,data32,baseline
1800.1212252732712,3866.51891142776,98,1,1,0,data32,baseline
1808.1451675391945,3877.3956547895045,99,1,1,0,data32,baseline
8.038286293353938,16.68199381893126,0,1,1,0,data32,lya
16.073370044847344,31.935142873507093,1,1,1,0,data32,lya
24.10555390641825,45.84785798898697,2,1,1,0,data32,lya
32.141239620058585,58.471571246984595,3,1,1,0,data32,lya
64.16469331348608,69.40396576218448,5,1,1,0,data32,lya
72.17748900980811,74.40396576218448,6,1,1,0,data32,lya
80.20960161517638,88.06387400297012,7,1,1,0,data32,lya
88.25262822171872,108.54552295067558,8,1,1,0,data32,lya
120.29130529722092,126.72108570518547,10,1,1,0,data32,lya
128.3134799851065,136.32008135498305,11,1,1,0,data32,lya
160.34183912433656,147.5662721396447,13,1,1,0,data32,lya
176.36246813158533,157.4387727910439,14,2,1,0,data32,lya
184.38275416093018,166.52357473436865,15,1,1,0,data32,lya
192.42045367029877,183.7724449268123,16,1,1,0,data32,lya
200.47092644728878,207.66706664624212,17,1,1,0,data32,lya
208.49558786713746,219.33234977145955,18,1,1,0,data32,lya
216.51134938428993,225.87325849020803,19,1,1,0,data32,lya
232.55257665291978,244.15724514602792,20,2,1,0,data32,lya
240.57770855219715,251.97774104915777,21,1,1,0,data32,lya
248.59838288394627,261.0614129418857,22,1,1,0,data32,lya
256.6360196314375,278.53639121284414,23,1,1,0,data32,lya
272.66493875312636,292.7098431400763,24,2,1,0,data32,lya
304.6785481575072,292.7098431400763,26,1,0,1,data32,lya
313.6299271772006,767.1845698580026,27,1,1,0,data32,lya
321.6815400778643,791.6323081386356,28,1,1,0,data32,lya
329.7067004249146,803.2532844675286,29,1,1,0,data32,lya
337.7298976822904,813.6862217809165,30,1,1,0,data32,lya
361.7578331358817,826.4110559109787,31,3,1,0,data32,lya
377.7869522648295,839.3472478450282,32,2,1,0,data32,lya
402.5913424726381,1240.3189685708862,33,3,1,0,data32,lya
410.60782055370845,1245.3612796382292,34,1,1,0,data32,lya
426.6455836757234,1262.4914089723993,35,2,1,0,data32,lya
442.67575853457294,1274.7849817641995,36,2,1,0,data32,lya
450.71655720510705,1293.6690967863276,37,1,1,0,data32,lya
458.7493618341427,1308.4308782305425,38,1,1,0,data32,lya
466.78743413042287,1326.0243505191313,39,1,1,0,data32,lya
490.82263428793345,1339.0673414587222,40,3,1,0,data32,lya
514.8614056006097,1356.2574544458307,41,3,1,0,data32,lya
539.5996123801934,1723.6242262241271,42,3,1,0,data32,lya
563.6272911145852,1734.9280440668515,43,3,1,0,data32,lya
571.6670177925449,1749.3920716910459,44,1,1,0,data32,lya
595.6940954386029,1761.9609852622802,45,3,1,0,data32,lya
627.7313613726092,1774.79127726723,47,1,1,0,data32,lya
659.7643315294179,1786.8998926974093,49,1,1,0,data32,lya
667.7953591193277,1801.2213057858182,50,1,1,0,data32,lya
675.8180452014336,1812.253780697455,51,1,1,0,data32,lya
707.8243121087224,1812.253780697455,53,1,0,1,data32,lya
715.8569845865195,1826.6764136478364,54,1,1,0,data32,lya
723.8644277693046,1826.6764136478364,55,1,0,1,data32,lya
731.8925728690708,1840.0796382587625,56,1,1,0,data32,lya
739.9211727652845,1854.0565557313746,57,1,1,0,data32,lya
747.9555726235014,1870.4118644750858,58,1,1,0,data32,lya
756.010171898832,1896.6358975051387,59,1,1,0,data32,lya
764.0333041423344,1907.6978879533444,60,1,1,0,data32,lya
772.085697068817,1932.3160100140708,61,1,1,0,data32,lya
780.1112358293142,1941.398144174348,62,1,1,0,data32,lya
812.1461009463225,1954.7012127084572,64,1,1,0,data32,lya
844.1887121625314,1973.1966746177573,66,1,1,0,data32,lya
860.2298305789099,1991.1961577863124,67,2,1,0,data32,lya
868.2608030497148,2003.7899171171948,68,1,1,0,data32,lya
876.2775623005065,2008.7899171171948,69,1,1,0,data32,lya
884.3068205680369,2021.6896797940572,70,1,1,0,data32,lya
900.340595406715,2037.3857003488413,71,2,1,0,data32,lya
932.384477253672,2056.1653767577995,73,1,1,0,data32,lya
940.4354147030763,2080.8330899049497,74,1,1,0,data32,lya
972.4821933811471,2098.671931743738,76,1,1,0,data32,lya
988.5208863181293,2114.4128404006337,77,2,1,0,data32,lya
1004.5675841790818,2135.275019312595,78,2,1,0,data32,lya
1021.3261028827956,2513.5917823295113,79,2,1,0,data32,lya
1029.3687999486704,2532.337310714333,80,1,1,0,data32,lya
1037.4228466096308,2556.382094859434,81,1,1,0,data32,lya
1045.4628274455138,2572.5170163655307,82,1,1,0,data32,lya
1061.4961853896089,2586.162205054692,83,2,1,0,data32,lya
1070.4725940662279,3071.3803716584457,84,1,1,0,data32,lya
1102.4780930503534,3071.3803716584457,86,1,0,1,data32,lya
1110.4841600360023,3071.3803716584457,87,1,0,1,data32,lya
1118.513830664023,3083.0354975218625,88,1,1,0,data32,lya
1126.516958767193,3083.0354975218625,89,1,0,1,data32,lya
1134.5213313688214,3083.0354975218625,90,1,0,1,data32,lya
1142.5443709189624,3091.698586014301,91,1,1,0,data32,lya
1150.5513325196978,3091.698586014301,92,1,0,1,data32,lya
1159.5485696426367,3588.092419756587,93,1,1,0,data32,lya
1167.5915242257931,3609.2434765248086,94,1,1,0,data32,lya
1175.5942843406426,3609.2434765248086,95,1,0,1,data32,lya
1183.6001510964927,3609.2434765248086,96,1,0,1,data32,lya
1191.6021084969168,3609.2434765248086,97,1,0,1,data32,lya
1199.624292094954,3618.0523222690667,98,1,1,0,data32,lya
1207.6482343608773,3628.9290656308112,99,1,1,0,data32,lya
8.035563815293044,16.68199381893126,0,1,1,0,data33,baseline
16.069424059198194,31.935142873507093,1,1,1,0,data33,baseline
24.101731059155547,45.84785798898697,2,1,1,0,data33,baseline
32.13299929700723,58.471571246984595,3,1,1,0,data33,baseline
40.16160211300246,70.42470436756253,4,1,1,0,data33,baseline
48.187892327978744,81.35709888276241,5,1,1,0,data33,baseline
56.200288249652125,86.35709888276241,6,1,1,0,data33,baseline
64.22892618756303,100.01700712354805,7,1,1,0,data33,baseline
72.27642418853223,120.49865607125349,8,1,1,0,data33,baseline
80.30679873057485,133.8216009508993,9,1,1,0,data33,baseline
88.3507909392826,151.9971637054092,10,1,1,0,data33,baseline
96.37158083661743,161.5961593552068,11,1,1,0,data33,baseline
152.40205296937856,172.84235013986842,13,1,1,0,data33,baseline
168.4375050663946,182.71485079126762,14,2,1,0,data33,baseline
176.45793270857644,191.79965273459237,15,1,1,0,data33,baseline
184.49679690057707,209.04852292703603,16,1,1,0,data33,baseline
192.55655973590913,232.94314464646584,17,1,1,0,data33,baseline
200.58642080289266,244.60842777168327,18,1,1,0,data33,baseline
208.60100088668247,251.14933649043175,19,1,1,0,data33,baseline
224.6414335016389,269.43332314625167,20,2,1,0,data33,baseline
240.66006713076447,277.2538190493815,21,2,1,0,data33,baseline
248.68856610629956,286.3374909421094,22,1,1,0,data33,baseline
256.7308685147966,303.81246921306786,23,1,1,0,data33,baseline
272.7657526042504,317.98592114030004,24,2,1,0,data33,baseline
361.2861849405715,574.6223131294828,26,5,1,0,data33,baseline
417.34451697423196,599.0700514101158,28,1,1,0,data33,baseline
425.3685923735467,610.6910277390087,29,1,1,0,data33,baseline
433.3917024751785,621.1239650523967,30,1,1,0,data33,baseline
449.4202942004691,633.8487991824588,31,2,1,0,data33,baseline
457.4525384390799,646.7849911165083,32,1,1,0,data33,baseline
482.25495492231096,1047.7567118423663,33,3,1,0,data33,baseline
490.2694997227361,1052.7990229097093,34,1,1,0,data33,baseline
498.306607261802,1069.9291522438793,35,1,1,0,data33,baseline
506.33634520178185,1082.2227250356796,36,1,1,0,data33,baseline
522.377257135906,1101.1068400578076,37,2,1,0,data33,baseline
530.4140498653509,1115.8686215020225,38,1,1,0,data33,baseline
546.454224423643,1133.4620937906113,39,2,1,0,data33,baseline
562.485606803098,1146.5050847302023,40,2,1,0,data33,baseline
570.5221150150103,1163.6951977173107,41,1,1,0,data33,baseline
666.5514546980542,1174.999015560035,43,6,1,0,data33,baseline
674.5886497112635,1189.4630431842295,44,1,1,0,data33,baseline
682.621912225823,1202.0319567554639,45,1,1,0,data33,baseline
690.6709016415354,1224.9968657267611,46,1,1,0,data33,baseline
706.6979144817608,1237.827157731711,47,2,1,0,data33,baseline
738.724446843039,1249.1636967251918,48,4,1,0,data33,baseline
746.7516923638698,1261.272312155371,49,1,1,0,data33,baseline
754.7866532235017,1275.59372524378,50,1,1,0,data33,baseline
762.8122714364232,1286.6262001554169,51,1,1,0,data33,baseline
795.5181030602278,1637.5786255227467,52,4,1,0,data33,baseline
819.5551549324778,1653.3646347982321,53,3,1,0,data33,baseline
827.5866976699061,1667.7872677486134,54,1,1,0,data33,baseline
836.3543590148977,2048.649283919033,55,1,1,0,data33,baseline
860.3848354082379,2062.052508529959,56,3,1,0,data33,baseline
876.4158651845712,2076.029426002571,57,2,1,0,data33,baseline
884.4536652045906,2092.3847347462824,58,1,1,0,data33,baseline
892.5080714701918,2118.6087677763353,59,1,1,0,data33,baseline
908.5322858387538,2129.670758224541,60,2,1,0,data33,baseline
932.5826673918608,2154.288880285267,61,3,1,0,data33,baseline
1036.615875509448,2167.5919488193763,64,1,1,0,data33,baseline
1085.3459711273845,2531.850067876184,65,6,1,0,data33,baseline
1093.3863073083103,2550.345529785484,66,1,1,0,data33,baseline
1157.418466074812,2562.9392891163666,68,2,1,0,data33,baseline
1165.4310792395393,2567.9392891163666,69,1,1,0,data33,baseline
1181.4585169602424,2580.839051793229,70,2,1,0,data33,baseline
1189.4939174605627,2596.535072348013,71,1,1,0,data33,baseline
1197.5297792478605,2611.544140403986,72,1,1,0,data33,baseline
1253.5913300102025,2636.2118535511363,74,1,1,0,data33,baseline
1333.6346573516817,2654.0506953899244,76,4,1,0,data33,baseline
1341.6684312456002,2669.7916040468203,77,1,1,0,data33,baseline
1365.711912347379,2690.6537829587814,78,3,1,0,data33,baseline
1421.7565644048423,2709.399311343603,80,1,1,0,data33,baseline
1429.808247953009,2733.444095488704,81,1,1,0,data33,baseline
1437.8428539850358,2749.579016994801,82,1,1,0,data33,baseline
1445.8742075161797,2763.2242056839623,83,1,1,0,data33,baseline
1509.9232989872394,2783.9054172695587,85,2,1,0,data33,baseline
1613.9629701781066,2795.5605431329755,88,1,1,0,data33,baseline
1629.9866333239977,2806.220122005953,89,2,1,0,data33,baseline
1670.9236558536634,3274.538098891381,90,5,1,0,data33,baseline
1678.9436688263295,3283.2011873838196,91,1,1,0,data33,baseline
1686.9796748442761,3298.7526852769865,92,1,1,0,data33,baseline
1719.9743971963248,3795.1465190192725,93,4,1,0,data33,baseline
1728.0211422210286,3816.297575787494,94,1,1,0,data33,baseline
1736.040214001321,3824.8414539765067,95,1,1,0,data33,baseline
1752.0870273338778,3847.6160673596896,96,2,1,0,data33,baseline
1792.1083589775099,3857.710065683502,97,5,1,0,data33,baseline
1800.1275558802508,3866.51891142776,98,1,1,0,data33,baseline
1808.1538131561392,3877.3956547895045,99,1,1,0,data33,baseline
8.035563815293044,16.68199381893126,0,1,1,0,data33,lya
16.069424059198194,31.935142873507093,1,1,1,0,data33,lya
24.101731059155547,45.84785798898697,2,1,1,0,data33,lya
32.13299929700723,58.471571246984595,3,1,1,0,data33,lya
64.16398606173759,69.40396576218448,5,1,1,0,data33,lya
72.17638198341098,74.40396576218448,6,1,1,0,data33,lya
80.20501992132189,88.06387400297012,7,1,1,0,data33,lya
88.25251792229109,108.54552295067558,8,1,1,0,data33,lya
120.30023878328217,126.72108570518547,10,1,1,0,data33,lya
128.321028680617,136.32008135498305,11,1,1,0,data33,lya
160.35150081337812,147.5662721396447,13,1,1,0,data33,lya
176.38695291039417,157.4387727910439,14,2,1,0,data33,lya
184.407380552576,166.52357473436865,15,1,1,0,data33,lya
192.44624474457663,183.7724449268123,16,1,1,0,data33,lya
200.5060075799087,207.66706664624212,17,1,1,0,data33,lya
208.53586864689223,219.33234977145955,18,1,1,0,data33,lya
216.55044873068204,225.87325849020803,19,1,1,0,data33,lya
232.59088134563845,244.15724514602792,20,2,1,0,data33,lya
240.60951497476404,251.97774104915777,21,1,1,0,data33,lya
248.63801395029913,261.0614129418857,22,1,1,0,data33,lya
256.6803163587962,278.53639121284414,23,1,1,0,data33,lya
272.71520044824996,292.7098431400763,24,2,1,0,data33,lya
304.7223600005927,292.7098431400763,26,1,0,1,data33,lya
313.6740799667036,767.1845698580026,27,1,1,0,data33,lya
321.729641487689,791.6323081386356,28,1,1,0,data33,lya
329.7537168870037,803.2532844675286,29,1,1,0,data33,lya
337.7768269886355,813.6862217809165,30,1,1,0,data33,lya
361.8054187139261,826.4110559109787,31,3,1,0,data33,lya
377.8376629525369,839.3472478450282,32,2,1,0,data33,lya
402.640079435768,1240.3189685708862,33,3,1,0,data33,lya
410.6546242361931,1245.3612796382292,34,1,1,0,data33,lya
426.69173177525903,1262.4914089723993,35,2,1,0,data33,lya
442.72146971523887,1274.7849817641995,36,2,1,0,data33,lya
450.76238164936314,1293.6690967863276,37,1,1,0,data33,lya
458.79917437880795,1308.4308782305425,38,1,1,0,data33,lya
466.8393489371001,1326.0243505191313,39,1,1,0,data33,lya
490.870731316555,1339.0673414587222,40,3,1,0,data33,lya
514.9072395284672,1356.2574544458307,41,3,1,0,data33,lya
539.644736701639,1723.6242262241271,42,3,1,0,data33,lya
563.6713127550677,1734.9280440668515,43,3,1,0,data33,lya
571.7085077682771,1749.3920716910459,44,1,1,0,data33,lya
595.7417702828366,1761.9609852622802,45,3,1,0,data33,lya
627.7718427208317,1774.79127726723,47,1,1,0,data33,lya
659.8029475249538,1786.8998926974093,49,1,1,0,data33,lya
667.8379083845857,1801.2213057858182,50,1,1,0,data33,lya
675.8635265975072,1812.253780697455,51,1,1,0,data33,lya
707.8729332242762,1812.253780697455,53,1,0,1,data33,lya
715.9044759617045,1826.6764136478364,54,1,1,0,data33,lya
723.9104132743553,1826.6764136478364,55,1,0,1,data33,lya
731.9408896676955,1840.0796382587625,56,1,1,0,data33,lya
739.9719194440288,1854.0565557313746,57,1,1,0,data33,lya
748.0097194640482,1870.4118644750858,58,1,1,0,data33,lya
756.0641257296494,1896.6358975051387,59,1,1,0,data33,lya
764.0883400982113,1907.6978879533444,60,1,1,0,data33,lya
772.1387216513184,1932.3160100140708,61,1,1,0,data33,lya
780.1590983272782,1941.398144174348,62,1,1,0,data33,lya
812.1900940372262,1954.7012127084572,64,1,1,0,data33,lya
844.2320095979749,1973.1966746177573,66,1,1,0,data33,lya
860.2708623381591,1991.1961577863124,67,2,1,0,data33,lya
868.3001673308137,2003.7899171171948,68,1,1,0,data33,lya
876.3127804955411,2008.7899171171948,69,1,1,0,data33,lya
884.3402182162441,2021.6896797940572,70,1,1,0,data33,lya
900.3756187165645,2037.3857003488413,71,2,1,0,data33,lya
932.4238986084225,2056.1653767577995,73,1,1,0,data33,lya
940.4805724829106,2080.8330899049497,74,1,1,0,data33,lya
972.5238998243899,2098.671931743738,76,1,1,0,data33,lya
988.5576737183085,2114.4128404006337,77,2,1,0,data33,lya
1004.6011548200871,2135.275019312595,78,2,1,0,data33,lya
1021.3597859648966,2513.5917823295113,79,2,1,0,data33,lya
1029.4024404035843,2532.337310714333,80,1,1,0,data33,lya
1037.454123951751,2556.382094859434,81,1,1,0,data33,lya
1045.4887299837778,2572.5170163655307,82,1,1,0,data33,lya
1061.5200835149217,2586.162205054692,83,2,1,0,data33,lya
1070.495769128123,3071.3803716584457,84,1,1,0,data33,lya
1102.5011697895784,3071.3803716584457,86,1,0,1,data33,lya
1110.5099799555655,3071.3803716584457,87,1,0,1,data33,lya
1118.537920086885,3083.0354975218625,88,1,1,0,data33,lya
1126.54026407503,3083.0354975218625,89,1,0,1,data33,lya
1134.540650650925,3083.0354975218625,90,1,0,1,data33,lya
1142.5606636235912,3091.698586014301,91,1,1,0,data33,lya
1150.5655666457515,3091.698586014301,92,1,0,1,data33,lya
1159.5602889978002,3588.092419756587,93,1,1,0,data33,lya
1167.607034022504,3609.2434765248086,94,1,1,0,data33,lya
1175.6090180464182,3609.2434765248086,95,1,0,1,data33,lya
1183.6102821522088,3609.2434765248086,96,1,0,1,data33,lya
1191.6114257991933,3609.2434765248086,97,1,0,1,data33,lya
1199.6306227019343,3618.0523222690667,98,1,1,0,data33,lya
1207.6568799778227,3628.9290656308112,99,1,1,0,data33,lya
8.03515431732049,16.68199381893126,0,1,1,0,data34,baseline
16.070719927827835,31.935142873507093,1,1,1,0,data34,baseline
24.1017083587488,45.84785798898697,2,1,1,0,data34,baseline
32.12783286058226,58.471571246984595,3,1,1,0,data34,baseline
40.154396026575476,70.42470436756253,4,1,1,0,data34,baseline
48.180793371392895,81.35709888276241,5,1,1,0,data34,baseline
56.194852757366476,86.35709888276241,6,1,1,0,data34,baseline
64.22321031943585,100.01700712354805,7,1,1,0,data34,baseline
72.26802886107518,120.49865607125349,8,1,1,0,data34,baseline
80.30042639193181,133.8216009508993,9,1,1,0,data34,baseline
88.33895294195399,151.9971637054092,10,1,1,0,data34,baseline
96.36447452850827,161.5961593552068,11,1,1,0,data34,baseline
152.3983722835682,172.84235013986842,13,1,1,0,data34,baseline
168.41987948855174,182.71485079126762,14,2,1,0,data34,baseline
176.4418175234395,191.79965273459237,15,1,1,0,data34,baseline
184.48013724296257,209.04852292703603,16,1,1,0,data34,baseline
192.53059562226346,232.94314464646584,17,1,1,0,data34,baseline
200.55778643653863,244.60842777168327,18,1,1,0,data34,baseline
208.57406147366046,251.14933649043175,19,1,1,0,data34,baseline
224.61199154511925,269.43332314625167,20,2,1,0,data34,baseline
240.63285954346128,277.2538190493815,21,2,1,0,data34,baseline
248.65826496051798,286.3374909421094,22,1,1,0,data34,baseline
256.70041015470866,303.81246921306786,23,1,1,0,data34,baseline
272.7325662521425,317.98592114030004,24,2,1,0,data34,baseline
361.25527791528054,574.6223131294828,26,5,1,0,data34,baseline
417.30846973237186,599.0700514101158,28,1,1,0,data34,baseline
425.33431272426856,610.6910277390087,29,1,1,0,data34,baseline
433.361837545951,621.1239650523967,30,1,1,0,data34,baseline
449.391346543038,633.8487991824588,31,2,1,0,data34,baseline
457.42051937339596,646.7849911165083,32,1,1,0,data34,baseline
482.2262845457154,1047.7567118423663,33,3,1,0,data34,baseline
490.23820234031876,1052.7990229097093,34,1,1,0,data34,baseline
498.27545105161386,1069.9291522438793,35,1,1,0,data34,baseline
506.3026998795062,1082.2227250356796,36,1,1,0,data34,baseline
522.3437036845245,1101.1068400578076,37,2,1,0,data34,baseline
530.376146346622,1115.8686215020225,38,1,1,0,data34,baseline
546.415727086296,1133.4620937906113,39,2,1,0,data34,baseline
562.4443646940828,1146.5050847302023,40,2,1,0,data34,baseline
570.4846063195188,1163.6951977173107,41,1,1,0,data34,baseline
666.5192814147238,1174.999015560035,43,6,1,0,data34,baseline
674.5502995328097,1189.4630431842295,44,1,1,0,data34,baseline
682.5765558375704,1202.0319567554639,45,1,1,0,data34,baseline
690.6235454216853,1224.9968657267611,46,1,1,0,data34,baseline
706.6514293104258,1237.827157731711,47,2,1,0,data34,baseline
738.6762959896487,1249.1636967251918,48,4,1,0,data34,baseline
746.7018357540936,1261.272312155371,49,1,1,0,data34,baseline
754.7338536251175,1275.59372524378,50,1,1,0,data34,baseline
762.7592145675928,1286.6262001554169,51,1,1,0,data34,baseline
795.4641563025021,1637.5786255227467,52,4,1,0,data34,baseline
819.4994141331132,1653.3646347982321,53,3,1,0,data34,baseline
827.5310614784784,1667.7872677486134,54,1,1,0,data34,baseline
836.3008395427319,2048.649283919033,55,1,1,0,data34,baseline
860.3344632986075,2062.052508529959,56,3,1,0,data34,baseline
876.3641746502667,2076.029426002571,57,2,1,0,data34,baseline
884.3989677891735,2092.3847347462824,58,1,1,0,data34,baseline
892.4525660317788,2118.6087677763353,59,1,1,0,data34,baseline
908.4762531750148,2129.670758224541,60,2,1,0,data34,baseline
932.5273059982874,2154.288880285267,61,3,1,0,data34,baseline
1036.5746774543525,2167.5919488193763,64,1,1,0,data34,baseline
1085.3074243342273,2531.850067876184,65,6,1,0,data34,baseline
1093.3459185166698,2550.345529785484,66,1,1,0,data34,baseline
1157.3778039543265,2562.9392891163666,68,2,1,0,data34,baseline
1165.3908816622666,2567.9392891163666,69,1,1,0,data34,baseline
1181.416929541823,2580.839051793229,70,2,1,0,data34,baseline
1189.4530659344048,2596.535072348013,71,1,1,0,data34,baseline
1197.4853482513736,2611.544140403986,72,1,1,0,data34,baseline
1253.5408041074832,2636.2118535511363,74,1,1,0,data34,baseline
1333.5897044120652,2654.0506953899244,76,4,1,0,data34,baseline
1341.6274129399626,2669.7916040468203,77,1,1,0,data34,baseline
1365.6754556287308,2690.6537829587814,78,3,1,0,data34,baseline
1421.7234182140462,2709.399311343603,80,1,1,0,data34,baseline
1429.7754293407668,2733.444095488704,81,1,1,0,data34,baseline
1437.8107228114318,2749.579016994801,82,1,1,0,data34,baseline
1445.8432205902234,2763.2242056839623,83,1,1,0,data34,baseline
1509.8883644337157,2783.9054172695587,85,2,1,0,data34,baseline
1613.9391625322855,2795.5605431329755,88,1,1,0,data34,baseline
1629.9666534729456,2806.220122005953,89,2,1,0,data34,baseline
1670.9046483299946,3274.538098891381,90,5,1,0,data34,baseline
1678.9258602349735,3283.2011873838196,91,1,1,0,data34,baseline
1686.9640652269334,3298.7526852769865,92,1,1,0,data34,baseline
1719.9636365062267,3795.1465190192725,93,4,1,0,data34,baseline
1728.006801172999,3816.297575787494,94,1,1,0,data34,baseline
1736.025228856735,3824.8414539765067,95,1,1,0,data34,baseline
1752.07480579096,3847.6160673596896,96,2,1,0,data34,baseline
1792.0962491426271,3857.710065683502,97,5,1,0,data34,baseline
1800.116173560714,3866.51891142776,98,1,1,0,data34,baseline
1808.140121852933,3877.3956547895045,99,1,1,0,data34,baseline
8.03515431732049,16.68199381893126,0,1,1,0,data34,lya
16.070719927827835,31.935142873507093,1,1,1,0,data34,lya
24.1017083587488,45.84785798898697,2,1,1,0,data34,lya
32.12783286058226,58.471571246984595,3,1,1,0,data34,lya
64.15688710515174,69.40396576218448,5,1,1,0,data34,lya
72.17094649112532,74.40396576218448,6,1,1,0,data34,lya
80.19930405319468,88.06387400297012,7,1,1,0,data34,lya
88.24412259483401,108.54552295067558,8,1,1,0,data34,lya
120.28840078595353,126.72108570518547,10,1,1,0,data34,lya
128.31392237250782,136.32008135498305,11,1,1,0,data34,lya
160.34782012756776,147.5662721396447,13,1,1,0,data34,lya
176.3693273325513,157.4387727910439,14,2,1,0,data34,lya
184.39126536743908,166.52357473436865,15,1,1,0,data34,lya
192.42958508696213,183.7724449268123,16,1,1,0,data34,lya
200.48004346626303,207.66706664624212,17,1,1,0,data34,lya
208.5072342805382,219.33234977145955,18,1,1,0,data34,lya
216.52350931766003,225.87325849020803,19,1,1,0,data34,lya
232.56143938911882,244.15724514602792,20,2,1,0,data34,lya
240.58230738746084,251.97774104915777,21,1,1,0,data34,lya
248.60771280451755,261.0614129418857,22,1,1,0,data34,lya
256.6498579987082,278.53639121284414,23,1,1,0,data34,lya
272.68201409614204,292.7098431400763,24,2,1,0,data34,lya
304.69145297530173,292.7098431400763,26,1,0,1,data34,lya
313.6426318741445,767.1845698580026,27,1,1,0,data34,lya
321.6935942458289,791.6323081386356,28,1,1,0,data34,lya
329.7194372377256,803.2532844675286,29,1,1,0,data34,lya
337.746962059408,813.6862217809165,30,1,1,0,data34,lya
361.77647105649504,826.4110559109787,31,3,1,0,data34,lya
377.805643886853,839.3472478450282,32,2,1,0,data34,lya
402.6114090591724,1240.3189685708862,33,3,1,0,data34,lya
410.6233268537758,1245.3612796382292,34,1,1,0,data34,lya
426.66057556507087,1262.4914089723993,35,2,1,0,data34,lya
442.6878243929632,1274.7849817641995,36,2,1,0,data34,lya
450.7288281979815,1293.6690967863276,37,1,1,0,data34,lya
458.761270860079,1308.4308782305425,38,1,1,0,data34,lya
466.80085159975295,1326.0243505191313,39,1,1,0,data34,lya
490.8294892075398,1339.0673414587222,40,3,1,0,data34,lya
514.8697308329757,1356.2574544458307,41,3,1,0,data34,lya
539.6073917353423,1723.6242262241271,42,3,1,0,data34,lya
563.6391394717373,1734.9280440668515,43,3,1,0,data34,lya
571.6701575898232,1749.3920716910459,44,1,1,0,data34,lya
595.6964138945839,1761.9609852622802,45,3,1,0,data34,lya
627.7253575494967,1774.79127726723,47,1,1,0,data34,lya
659.7530909151776,1786.8998926974093,49,1,1,0,data34,lya
667.7851087862015,1801.2213057858182,50,1,1,0,data34,lya
675.8104697286768,1812.253780697455,51,1,1,0,data34,lya
707.8171924249116,1812.253780697455,53,1,0,1,data34,lya
715.8488397702768,1826.6764136478364,54,1,1,0,data34,lya
723.8568938021895,1826.6764136478364,55,1,0,1,data34,lya
731.8905175580651,1840.0796382587625,56,1,1,0,data34,lya
739.9202289097243,1854.0565557313746,57,1,1,0,data34,lya
747.9550220486311,1870.4118644750858,58,1,1,0,data34,lya
756.0086202912364,1896.6358975051387,59,1,1,0,data34,lya
764.0323074344724,1907.6978879533444,60,1,1,0,data34,lya
772.083360257745,1932.3160100140708,61,1,1,0,data34,lya
780.1072426240319,1941.398144174348,62,1,1,0,data34,lya
812.1488959821307,1954.7012127084572,64,1,1,0,data34,lya
844.1916208063344,1973.1966746177573,66,1,1,0,data34,lya
860.2307474325911,1991.1961577863124,67,2,1,0,data34,lya
868.2595052103281,2003.7899171171948,68,1,1,0,data34,lya
876.2725829182683,2008.7899171171948,69,1,1,0,data34,lya
884.2986307978247,2021.6896797940572,70,1,1,0,data34,lya
900.3347671904065,2037.3857003488413,71,2,1,0,data34,lya
932.3770323892354,2056.1653767577995,73,1,1,0,data34,lya
940.430046580191,2080.8330899049497,74,1,1,0,data34,lya
972.4789468847732,2098.671931743738,76,1,1,0,data34,lya
988.5166554126706,2114.4128404006337,77,2,1,0,data34,lya
1004.5646981014387,2135.275019312595,78,2,1,0,data34,lya
1021.3236827820996,2513.5917823295113,79,2,1,0,data34,lya
1029.3692942127882,2532.337310714333,80,1,1,0,data34,lya
1037.4213053395088,2556.382094859434,81,1,1,0,data34,lya
1045.4565988101738,2572.5170163655307,82,1,1,0,data34,lya
1061.4890965889654,2586.162205054692,83,2,1,0,data34,lya
1070.4611889532866,3071.3803716584457,84,1,1,0,data34,lya
1102.4690471648064,3071.3803716584457,86,1,0,1,data34,lya
1110.4769819028188,3071.3803716584457,87,1,0,1,data34,lya
1118.5141124410638,3083.0354975218625,88,1,1,0,data34,lya
1126.520284223978,3083.0354975218625,89,1,0,1,data34,lya
1134.5216431272563,3083.0354975218625,90,1,0,1,data34,lya
1142.5428550322351,3091.698586014301,91,1,1,0,data34,lya
1150.5499570284087,3091.698586014301,92,1,0,1,data34,lya
1159.549528307702,3588.092419756587,93,1,1,0,data34,lya
1167.5926929744744,3609.2434765248086,94,1,1,0,data34,lya
1175.5940329018324,3609.2434765248086,95,1,0,1,data34,lya
1183.598060609291,3609.2434765248086,96,1,0,1,data34,lya
1191.5993159643106,3609.2434765248086,97,1,0,1,data34,lya
1199.6192403823975,3618.0523222690667,98,1,1,0,data34,lya
1207.6431886746163,3628.9290656308112,99,1,1,0,data34,lya
8.037350292585117,16.68199381893126,0,1,1,0,data35,baseline
16.072275876541838,31.935142873507093,1,1,1,0,data35,baseline
24.101242198223595,45.84785798898697,2,1,1,0,data35,baseline
32.13014472986052,58.471571246984595,3,1,1,0,data35,baseline
40.15611556892976,70.42470436756253,4,1,1,0,data35,baseline
48.18241306142899,81.35709888276241,5,1,1,0,data35,baseline
56.19316044912624,86.35709888276241,6,1,1,0,data35,baseline
64.22487062868191,100.01700712354805,7,1,1,0,data35,baseline
72.26686216586126,120.49865607125349,8,1,1,0,data35,baseline
80.29401812102077,133.8216009508993,9,1,1,0,data35,baseline
88.33244471423731,151.9971637054092,10,1,1,0,data35,baseline
96.36070626385911,161.5961593552068,11,1,1,0,data35,baseline
152.39444443541854,172.84235013986842,13,1,1,0,data35,baseline
168.41822353161672,182.71485079126762,14,2,1,0,data35,baseline
176.43732186200376,191.79965273459237,15,1,1,0,data35,baseline
184.48039992512807,209.04852292703603,16,1,1,0,data35,baseline
192.53212476109792,232.94314464646584,17,1,1,0,data35,baseline
200.55929516337673,244.60842777168327,18,1,1,0,data35,baseline
208.57862324233872,251.14933649043175,19,1,1,0,data35,baseline
224.6160871856959,269.43332314625167,20,2,1,0,data35,baseline
240.63979262885425,277.2538190493815,21,2,1,0,data35,baseline
248.66304039216962,286.3374909421094,22,1,1,0,data35,baseline
256.70506175909014,303.81246921306786,23,1,1,0,data35,baseline
272.7345534745547,317.98592114030004,24,2,1,0,data35,baseline
361.256299192109,574.6223131294828,26,5,1,0,data35,baseline
417.30902689219533,599.0700514101158,28,1,1,0,data35,baseline
425.337416617427,610.6910277390087,29,1,1,0,data35,baseline
433.36243814981276,621.1239650523967,30,1,1,0,data35,baseline
449.3937370911955,633.8487991824588,31,2,1,0,data35,baseline
457.4253208052002,646.7849911165083,32,1,1,0,data35,baseline
482.23201594058673,1047.7567118423663,33,3,1,0,data35,baseline
490.24406674027824,1052.7990229097093,34,1,1,0,data35,baseline
498.28084758982027,1069.9291522438793,35,1,1,0,data35,baseline
506.3135789523836,1082.2227250356796,36,1,1,0,data35,baseline
522.3549535894402,1101.1068400578076,37,2,1,0,data35,baseline
530.3882786547281,1115.8686215020225,38,1,1,0,data35,baseline
546.4268996695394,1133.4620937906113,39,2,1,0,data35,baseline
562.4581736482489,1146.5050847302023,40,2,1,0,data35,baseline
570.4939120469929,1163.6951977173107,41,1,1,0,data35,baseline
666.5269393193232,1174.999015560035,43,6,1,0,data35,baseline
674.5583389099374,1189.4630431842295,44,1,1,0,data35,baseline
682.5889696466204,1202.0319567554639,45,1,1,0,data35,baseline
690.6391795116763,1224.9968657267611,46,1,1,0,data35,baseline
706.6668255807566,1237.827157731711,47,2,1,0,data35,baseline
738.6905823174363,1249.1636967251918,48,4,1,0,data35,baseline
746.7172642758323,1261.272312155371,49,1,1,0,data35,baseline
754.7515217494856,1275.59372524378,50,1,1,0,data35,baseline
762.7763776588858,1286.6262001554169,51,1,1,0,data35,baseline
795.4820298943101,1637.5786255227467,52,4,1,0,data35,baseline
819.5172648321648,1653.3646347982321,53,3,1,0,data35,baseline
827.5472140133816,1667.7872677486134,54,1,1,0,data35,baseline
836.3137058966979,2048.649283919033,55,1,1,0,data35,baseline
860.3554271097789,2062.052508529959,56,3,1,0,data35,baseline
876.3909417879421,2076.029426002571,57,2,1,0,data35,baseline
884.4303356967955,2092.3847347462824,58,1,1,0,data35,baseline
892.4829457219863,2118.6087677763353,59,1,1,0,data35,baseline
908.507691902877,2129.670758224541,60,2,1,0,data35,baseline
932.5657060843644,2154.288880285267,61,3,1,0,data35,baseline
1036.603764235844,2167.5919488193763,64,1,1,0,data35,baseline
1085.3352875091207,2531.850067876184,65,6,1,0,data35,baseline
1093.379508391263,2550.345529785484,66,1,1,0,data35,baseline
1157.416574981478,2562.9392891163666,68,2,1,0,data35,baseline
1165.4311737070964,2567.9392891163666,69,1,1,0,data35,baseline
1181.459753440221,2580.839051793229,70,2,1,0,data35,baseline
1189.4930377052292,2596.535072348013,71,1,1,0,data35,baseline
1197.525508454838,2611.544140403986,72,1,1,0,data35,baseline
1253.5897379379244,2636.2118535511363,74,1,1,0,data35,baseline
1333.6312541107304,2654.0506953899244,76,4,1,0,data35,baseline
1341.6686237024426,2669.7916040468203,77,1,1,0,data35,baseline
1365.7129927682586,2690.6537829587814,78,3,1,0,data35,baseline
1421.7542954339767,2709.399311343603,80,1,1,0,data35,baseline
1429.805122409479,2733.444095488704,81,1,1,0,data35,baseline
1437.8384431940751,2749.579016994801,82,1,1,0,data35,baseline
1445.8683698525617,2763.2242056839623,83,1,1,0,data35,baseline
1509.9138215718217,2783.9054172695587,85,2,1,0,data35,baseline
1613.942799694561,2795.5605431329755,88,1,1,0,data35,baseline
1629.9652648020528,2806.220122005953,89,2,1,0,data35,baseline
1670.9051701212338,3274.538098891381,90,5,1,0,data35,baseline
1678.924171337951,3283.2011873838196,91,1,1,0,data35,baseline
1686.9617018373385,3298.7526852769865,92,1,1,0,data35,baseline
1719.9583816791194,3795.1465190192725,93,4,1,0,data35,baseline
1728.0058393099766,3816.297575787494,94,1,1,0,data35,baseline
1736.0277662404708,3824.8414539765067,95,1,1,0,data35,baseline
1752.0757899276955,3847.6160673596896,96,2,1,0,data35,baseline
1792.0988600097794,3857.710065683502,97,5,1,0,data35,baseline
1800.122863961263,3866.51891142776,98,1,1,0,data35,baseline
1808.1496877990871,3877.3956547895045,99,1,1,0,data35,baseline
8.037350292585117,16.68199381893126,0,1,1,0,data35,lya
16.072275876541838,31.935142873507093,1,1,1,0,data35,lya
24.101242198223595,45.84785798898697,2,1,1,0,data35,lya
32.13014472986052,58.471571246984595,3,1,1,0,data35,lya
64.15850679518783,69.40396576218448,5,1,1,0,data35,lya
72.16925418288508,74.40396576218448,6,1,1,0,data35,lya
80.20096436244076,88.06387400297012,7,1,1,0,data35,lya
88.2429558996201,108.54552295067558,8,1,1,0,data35,lya
120.28189255823686,126.72108570518547,10,1,1,0,data35,lya
128.31015410785866,136.32008135498305,11,1,1,0,data35,lya
160.3438922794181,147.5662721396447,13,1,1,0,data35,lya
176.36767137561628,157.4387727910439,14,2,1,0,data35,lya
184.38676970600332,166.52357473436865,15,1,1,0,data35,lya
192.42984776912763,183.7724449268123,16,1,1,0,data35,lya
200.48157260509748,207.66706664624212,17,1,1,0,data35,lya
208.5087430073763,219.33234977145955,18,1,1,0,data35,lya
216.5280710863383,225.87325849020803,19,1,1,0,data35,lya
232.56553502969547,244.15724514602792,20,2,1,0,data35,lya
240.58924047285382,251.97774104915777,21,1,1,0,data35,lya
248.61248823616918,261.0614129418857,22,1,1,0,data35,lya
256.6545096030897,278.53639121284414,23,1,1,0,data35,lya
272.68400131855424,292.7098431400763,24,2,1,0,data35,lya
304.6924742521302,292.7098431400763,26,1,0,1,data35,lya
313.64286886816757,767.1845698580026,27,1,1,0,data35,lya
321.69415140565235,791.6323081386356,28,1,1,0,data35,lya
329.722541130884,803.2532844675286,29,1,1,0,data35,lya
337.7475626632698,813.6862217809165,30,1,1,0,data35,lya
361.7788616046525,826.4110559109787,31,3,1,0,data35,lya
377.81044531865723,839.3472478450282,32,2,1,0,data35,lya
402.61714045404375,1240.3189685708862,33,3,1,0,data35,lya
410.62919125373526,1245.3612796382292,34,1,1,0,data35,lya
426.6659721032773,1262.4914089723993,35,2,1,0,data35,lya
442.6987034658406,1274.7849817641995,36,2,1,0,data35,lya
450.74007810289737,1293.6690967863276,37,1,1,0,data35,lya
458.77340316818515,1308.4308782305425,38,1,1,0,data35,lya
466.81202418299637,1326.0243505191313,39,1,1,0,data35,lya
490.843298161706,1339.0673414587222,40,3,1,0,data35,lya
514.87903656045,1356.2574544458307,41,3,1,0,data35,lya
539.6162374562807,1723.6242262241271,42,3,1,0,data35,lya
563.6467973763368,1734.9280440668515,43,3,1,0,data35,lya
571.6781969669511,1749.3920716910459,44,1,1,0,data35,lya
595.708827703634,1761.9609852622802,45,3,1,0,data35,lya
627.7407538198277,1774.79127726723,47,1,1,0,data35,lya
659.7685194369164,1786.8998926974093,49,1,1,0,data35,lya
667.8027769105697,1801.2213057858182,50,1,1,0,data35,lya
675.82763281997,1812.253780697455,51,1,1,0,data35,lya
707.8350431239633,1812.253780697455,53,1,0,1,data35,lya
715.8649923051801,1826.6764136478364,54,1,1,0,data35,lya
723.8697601561556,1826.6764136478364,55,1,0,1,data35,lya
731.9114813692365,1840.0796382587625,56,1,1,0,data35,lya
739.9469960473997,1854.0565557313746,57,1,1,0,data35,lya
747.9863899562531,1870.4118644750858,58,1,1,0,data35,lya
756.0389999814439,1896.6358975051387,59,1,1,0,data35,lya
764.0637461623346,1907.6978879533444,60,1,1,0,data35,lya
772.121760343822,1932.3160100140708,61,1,1,0,data35,lya
780.1426878227579,1941.398144174348,62,1,1,0,data35,lya
812.1779827636223,1954.7012127084572,64,1,1,0,data35,lya
844.2252106809277,1973.1966746177573,66,1,1,0,data35,lya
860.2686102901224,1991.1961577863124,67,2,1,0,data35,lya
868.2982762374799,2003.7899171171948,68,1,1,0,data35,lya
876.3128749630981,2008.7899171171948,69,1,1,0,data35,lya
884.3414546962229,2021.6896797940572,70,1,1,0,data35,lya
900.3747389612311,2037.3857003488413,71,2,1,0,data35,lya
932.4205312552798,2056.1653767577995,73,1,1,0,data35,lya
940.4789804106323,2080.8330899049497,74,1,1,0,data35,lya
972.5204965834386,2098.671931743738,76,1,1,0,data35,lya
988.5578661751506,2114.4128404006337,77,2,1,0,data35,lya
1004.6022352409664,2135.275019312595,78,2,1,0,data35,lya
1021.3617567082761,2513.5917823295113,79,2,1,0,data35,lya
1029.4001714327187,2532.337310714333,80,1,1,0,data35,lya
1037.450998408221,2556.382094859434,81,1,1,0,data35,lya
1045.484319192817,2572.5170163655307,82,1,1,0,data35,lya
1061.5142458513037,2586.162205054692,83,2,1,0,data35,lya
1070.4857174083543,3071.3803716584457,84,1,1,0,data35,lya
1102.4901462046469,3071.3803716584457,86,1,0,1,data35,lya
1110.4916367858573,3071.3803716584457,87,1,0,1,data35,lya
1118.5177496033393,3083.0354975218625,88,1,1,0,data35,lya
1126.5188955530853,3083.0354975218625,89,1,0,1,data35,lya
1134.5221649184955,3083.0354975218625,90,1,0,1,data35,lya
1142.5411661352127,3091.698586014301,91,1,1,0,data35,lya
1150.5475936388139,3091.698586014301,92,1,0,1,data35,lya
1159.5442734805947,3588.092419756587,93,1,1,0,data35,lya
1167.591731111452,3609.2434765248086,94,1,1,0,data35,lya
1175.596570285568,3609.2434765248086,95,1,0,1,data35,lya
1183.5990447460265,3609.2434765248086,96,1,0,1,data35,lya
1191.6019268314628,3609.2434765248086,97,1,0,1,data35,lya
1199.6259307829464,3618.0523222690667,98,1,1,0,data35,lya
1207.6527546207706,3628.9290656308112,99,1,1,0,data35,lya
8.036715322321612,16.68199381893126,0,1,1,0,data36,baseline
16.067891583648038,31.935142873507093,1,1,1,0,data36,baseline
24.101818534204497,45.84785798898697,2,1,1,0,data36,baseline
32.1329371978825,58.471571246984595,3,1,1,0,data36,baseline
40.159284394442714,70.42470436756253,4,1,1,0,data36,baseline
48.18519878973176,81.35709888276241,5,1,1,0,data36,baseline
56.20077702842331,86.35709888276241,6,1,1,0,data36,baseline
64.22884003294637,100.01700712354805,7,1,1,0,data36,baseline
72.27432986040536,120.49865607125349,8,1,1,0,data36,baseline
80.30397550056094,133.8216009508993,9,1,1,0,data36,baseline
88.34273379224878,151.9971637054092,10,1,1,0,data36,baseline
96.36666721874485,161.5961593552068,11,1,1,0,data36,baseline
152.39564063869196,172.84235013986842,13,1,1,0,data36,baseline
168.43070898492047,182.71485079126762,14,2,1,0,data36,baseline
176.4500949954106,191.79965273459237,15,1,1,0,data36,baseline
184.49073005600488,209.04852292703603,16,1,1,0,data36,baseline
192.54169725577802,232.94314464646584,17,1,1,0,data36,baseline
200.56727246294403,244.60842777168327,18,1,1,0,data36,baseline
208.58253355832673,251.14933649043175,19,1,1,0,data36,baseline
224.62279613498987,269.43332314625167,20,2,1,0,data36,baseline
240.64554998674484,277.2538190493815,21,2,1,0,data36,baseline
248.66736793499976,286.3374909421094,22,1,1,0,data36,baseline
256.7034302437206,303.81246921306786,23,1,1,0,data36,baseline
272.738295914898,317.98592114030004,24,2,1,0,data36,baseline
361.2578624591068,574.6223131294828,26,5,1,0,data36,baseline
417.3143736891066,599.0700514101158,28,1,1,0,data36,baseline
425.34021805709824,610.6910277390087,29,1,1,0,data36,baseline
433.36278404571016,621.1239650523967,30,1,1,0,data36,baseline
449.39135481024726,633.8487991824588,31,2,1,0,data36,baseline
457.4223206628691,646.7849911165083,32,1,1,0,data36,baseline
482.2303598562162,1047.7567118423663,33,3,1,0,data36,baseline
490.2433489020291,1052.7990229097093,34,1,1,0,data36,baseline
498.2804929811807,1069.9291522438793,35,1,1,0,data36,baseline
506.3141704885312,1082.2227250356796,36,1,1,0,data36,baseline
522.3528470435971,1101.1068400578076,37,2,1,0,data36,baseline
530.3879874971622,1115.8686215020225,38,1,1,0,data36,baseline
546.4258776585846,1133.4620937906113,39,2,1,0,data36,baseline
562.4559542548416,1146.5050847302023,40,2,1,0,data36,baseline
570.4944202771715,1163.6951977173107,41,1,1,0,data36,baseline
666.5218737959835,1174.999015560035,43,6,1,0,data36,baseline
674.5532381311424,1189.4630431842295,44,1,1,0,data36,baseline
682.5796632918275,1202.0319567554639,45,1,1,0,data36,baseline
690.6303108410818,1224.9968657267611,46,1,1,0,data36,baseline
706.6651804451753,1237.827157731711,47,2,1,0,data36,baseline
738.6910372705898,1249.1636967251918,48,4,1,0,data36,baseline
746.7191436924882,1261.272312155371,49,1,1,0,data36,baseline
754.7486562403963,1275.59372524378,50,1,1,0,data36,baseline
762.7741900236967,1286.6262001554169,51,1,1,0,data36,baseline
795.4839017952529,1637.5786255227467,52,4,1,0,data36,baseline
819.5225984877741,1653.3646347982321,53,3,1,0,data36,baseline
827.5540343660662,1667.7872677486134,54,1,1,0,data36,baseline
836.3186290915193,2048.649283919033,55,1,1,0,data36,baseline
860.3462325651526,2062.052508529959,56,3,1,0,data36,baseline
876.3803933476512,2076.029426002571,57,2,1,0,data36,baseline
884.4190820544195,2092.3847347462824,58,1,1,0,data36,baseline
892.4762735104409,2118.6087677763353,59,1,1,0,data36,baseline
908.5042230710552,2129.670758224541,60,2,1,0,data36,baseline
932.5594640462384,2154.288880285267,61,3,1,0,data36,baseline
1036.5956192289937,2167.5919488193763,64,1,1,0,data36,baseline
1085.3280435928127,2531.850067876184,65,6,1,0,data36,baseline
1093.3673155614474,2550.345529785484,66,1,1,0,data36,baseline
1157.3965359653191,2562.9392891163666,68,2,1,0,data36,baseline
1165.410774141429,2567.9392891163666,69,1,1,0,data36,baseline
1181.4388542983838,2580.839051793229,70,2,1,0,data36,baseline
1189.4710525478488,2596.535072348013,71,1,1,0,data36,baseline
1197.5031587860447,2611.544140403986,72,1,1,0,data36,baseline
1253.5652126949972,2636.2118535511363,74,1,1,0,data36,baseline
1333.62277925111,2654.0506953899244,76,4,1,0,data36,baseline
1341.6558340643526,2669.7916040468203,77,1,1,0,data36,baseline
1365.7025075785982,2690.6537829587814,78,3,1,0,data36,baseline
1421.7472601315326,2709.399311343603,80,1,1,0,data36,baseline
1429.7976940261146,2733.444095488704,81,1,1,0,data36,baseline
1437.8320826457846,2749.579016994801,82,1,1,0,data36,baseline
1445.8608599448528,2763.2242056839623,83,1,1,0,data36,baseline
1509.9116392955289,2783.9054172695587,85,2,1,0,data36,baseline
1613.9482927296876,2795.5605431329755,88,1,1,0,data36,baseline
1629.9748333354019,2806.220122005953,89,2,1,0,data36,baseline
1670.9148901311778,3274.538098891381,90,5,1,0,data36,baseline
1678.9374233649748,3283.2011873838196,91,1,1,0,data36,baseline
1686.9720999188078,3298.7526852769865,92,1,1,0,data36,baseline
1719.9672872683116,3795.1465190192725,93,4,1,0,data36,baseline
1728.0105210668069,3816.297575787494,94,1,1,0,data36,baseline
1736.0306768105988,3824.8414539765067,95,1,1,0,data36,baseline
1752.078389668831,3847.6160673596896,96,2,1,0,data36,baseline
1792.1018289546419,3857.710065683502,97,5,1,0,data36,baseline
1800.1201522302642,3866.51891142776,98,1,1,0,data36,baseline
1808.1452940957809,3877.3956547895045,99,1,1,0,data36,baseline
8.036715322321612,16.68199381893126,0,1,1,0,data36,lya
16.067891583648038,31.935142873507093,1,1,1,0,data36,lya
24.101818534204497,45.84785798898697,2,1,1,0,data36,lya
32.1329371978825,58.471571246984595,3,1,1,0,data36,lya
64.1612925234906,69.40396576218448,5,1,1,0,data36,lya
72.17687076218216,74.40396576218448,6,1,1,0,data36,lya
80.20493376670521,88.06387400297012,7,1,1,0,data36,lya
88.2504235941642,108.54552295067558,8,1,1,0,data36,lya
120.29218163624833,126.72108570518547,10,1,1,0,data36,lya
128.31611506274442,136.32008135498305,11,1,1,0,data36,lya
160.34508848269152,147.5662721396447,13,1,1,0,data36,lya
176.38015682892004,157.4387727910439,14,2,1,0,data36,lya
184.39954283941017,166.52357473436865,15,1,1,0,data36,lya
192.44017790000444,183.7724449268123,16,1,1,0,data36,lya
200.49114509977758,207.66706664624212,17,1,1,0,data36,lya
208.5167203069436,219.33234977145955,18,1,1,0,data36,lya
216.5319814023263,225.87325849020803,19,1,1,0,data36,lya
232.57224397898943,244.15724514602792,20,2,1,0,data36,lya
240.5949978307444,251.97774104915777,21,1,1,0,data36,lya
248.61681577899932,261.0614129418857,22,1,1,0,data36,lya
256.6528780877202,278.53639121284414,23,1,1,0,data36,lya
272.68774375889757,292.7098431400763,24,2,1,0,data36,lya
304.69403751912796,292.7098431400763,26,1,0,1,data36,lya
313.64558182326857,767.1845698580026,27,1,1,0,data36,lya
321.69949820256363,791.6323081386356,28,1,1,0,data36,lya
329.72534257055526,803.2532844675286,29,1,1,0,data36,lya
337.7479085591672,813.6862217809165,30,1,1,0,data36,lya
361.7764793237043,826.4110559109787,31,3,1,0,data36,lya
377.8074451763261,839.3472478450282,32,2,1,0,data36,lya
402.6154843696732,1240.3189685708862,33,3,1,0,data36,lya
410.6284734154861,1245.3612796382292,34,1,1,0,data36,lya
426.66561749463773,1262.4914089723993,35,2,1,0,data36,lya
442.6992950019882,1274.7849817641995,36,2,1,0,data36,lya
450.73797155705415,1293.6690967863276,37,1,1,0,data36,lya
458.7731120106191,1308.4308782305425,38,1,1,0,data36,lya
466.8110021720415,1326.0243505191313,39,1,1,0,data36,lya
490.84107876829853,1339.0673414587222,40,3,1,0,data36,lya
514.8795447906284,1356.2574544458307,41,3,1,0,data36,lya
539.6173028165642,1723.6242262241271,42,3,1,0,data36,lya
563.641731852997,1734.9280440668515,43,3,1,0,data36,lya
571.6730961881559,1749.3920716910459,44,1,1,0,data36,lya
595.699521348841,1761.9609852622802,45,3,1,0,data36,lya
627.7391086842463,1774.79127726723,47,1,1,0,data36,lya
659.7703988535721,1786.8998926974093,49,1,1,0,data36,lya
667.7999114014802,1801.2213057858182,50,1,1,0,data36,lya
675.8254451847807,1812.253780697455,51,1,1,0,data36,lya
707.8403767795725,1812.253780697455,53,1,0,1,data36,lya
715.8718126578646,1826.6764136478364,54,1,1,0,data36,lya
723.8746833509769,1826.6764136478364,55,1,0,1,data36,lya
731.9022868246102,1840.0796382587625,56,1,1,0,data36,lya
739.9364476071088,1854.0565557313746,57,1,1,0,data36,lya
747.9751363138771,1870.4118644750858,58,1,1,0,data36,lya
756.0323277698985,1896.6358975051387,59,1,1,0,data36,lya
764.0602773305128,1907.6978879533444,60,1,1,0,data36,lya
772.115518305696,1932.3160100140708,61,1,1,0,data36,lya
780.138057711233,1941.398144174348,62,1,1,0,data36,lya
812.1698377567717,1954.7012127084572,64,1,1,0,data36,lya
844.2130178511118,1973.1966746177573,66,1,1,0,data36,lya
860.2507366399434,1991.1961577863124,67,2,1,0,data36,lya
868.2782372213204,2003.7899171171948,68,1,1,0,data36,lya
876.2924753974305,2008.7899171171948,69,1,1,0,data36,lya
884.3205555543854,2021.6896797940572,70,1,1,0,data36,lya
900.3527538038504,2037.3857003488413,71,2,1,0,data36,lya
932.3948708419645,2056.1653767577995,73,1,1,0,data36,lya
940.4544551677047,2080.8330899049497,74,1,1,0,data36,lya
972.5120217238174,2098.671931743738,76,1,1,0,data36,lya
988.5450765370601,2114.4128404006337,77,2,1,0,data36,lya
1004.5917500513056,2135.275019312595,78,2,1,0,data36,lya
1021.351138112847,2513.5917823295113,79,2,1,0,data36,lya
1029.393136130274,2532.337310714333,80,1,1,0,data36,lya
1037.443570024856,2556.382094859434,81,1,1,0,data36,lya
1045.4779586445259,2572.5170163655307,82,1,1,0,data36,lya
1061.506735943594,2586.162205054692,83,2,1,0,data36,lya
1070.4804305951118,3071.3803716584457,84,1,1,0,data36,lya
1102.4942815117668,3071.3803716584457,86,1,0,1,data36,lya
1110.495312311517,3071.3803716584457,87,1,0,1,data36,lya
1118.5232426384653,3083.0354975218625,88,1,1,0,data36,lya
1126.5284640864336,3083.0354975218625,89,1,0,1,data36,lya
1134.5318849284388,3083.0354975218625,90,1,0,1,data36,lya
1142.5544181622358,3091.698586014301,91,1,1,0,data36,lya
1150.5579917202824,3091.698586014301,92,1,0,1,data36,lya
1159.5531790697862,3588.092419756587,93,1,1,0,data36,lya
1167.5964128682815,3609.2434765248086,94,1,1,0,data36,lya
1175.5994808556954,3609.2434765248086,95,1,0,1,data36,lya
1183.6016444871614,3609.2434765248086,96,1,0,1,data36,lya
1191.6048957763246,3609.2434765248086,97,1,0,1,data36,lya
1199.623219051947,3618.0523222690667,98,1,1,0,data36,lya
1207.6483609174636,3628.9290656308112,99,1,1,0,data36,lya
8.04089328486702,16.68199381893126,0,1,1,0,data37,baseline
16.07537677099819,31.935142873507093,1,1,1,0,data37,baseline
24.106731088113143,45.84785798898697,2,1,1,0,data37,baseline
32.13470621727056,58.471571246984595,3,1,1,0,data37,baseline
40.16314449921033,70.42470436756253,4,1,1,0,data37,baseline
48.188394251119774,81.35709888276241,5,1,1,0,data37,baseline
56.199628963362564,86.35709888276241,6,1,1,0,data37,baseline
64.23128502486142,100.01700712354805,7,1,1,0,data37,baseline
72.28005946575786,120.49865607125349,8,1,1,0,data37,baseline
80.30801032475817,133.8216009508993,9,1,1,0,data37,baseline
88.34586088987083,151.9971637054092,10,1,1,0,data37,baseline
96.36801332011758,161.5961593552068,11,1,1,0,data37,baseline
152.3998094660459,172.84235013986842,13,1,1,0,data37,baseline
168.42379033822283,182.71485079126762,14,2,1,0,data37,baseline
176.44389344598395,191.79965273459237,15,1,1,0,data37,baseline
184.4798075608894,209.04852292703603,16,1,1,0,data37,baseline
192.53442854302426,232.94314464646584,17,1,1,0,data37,baseline
200.56146613382612,244.60842777168327,18,1,1,0,data37,baseline
208.58039057323603,251.14933649043175,19,1,1,0,data37,baseline
224.62050487838846,269.43332314625167,20,2,1,0,data37,baseline
240.64196481594223,277.2538190493815,21,2,1,0,data37,baseline
248.67353449392382,286.3374909421094,22,1,1,0,data37,baseline
256.71198096541997,303.81246921306786,23,1,1,0,data37,baseline
272.74494619219786,317.98592114030004,24,2,1,0,data37,baseline
361.26659278935875,574.6223131294828,26,5,1,0,data37,baseline
417.32623235808506,599.0700514101158,28,1,1,0,data37,baseline
425.3530095456466,610.6910277390087,29,1,1,0,data37,baseline
433.3777193877681,621.1239650523967,30,1,1,0,data37,baseline
449.4036466126348,633.8487991824588,31,2,1,0,data37,baseline
457.4318701958777,646.7849911165083,32,1,1,0,data37,baseline
482.2365259810839,1047.7567118423663,33,3,1,0,data37,baseline
490.2520067996209,1052.7990229097093,34,1,1,0,data37,baseline
498.2864447050455,1069.9291522438793,35,1,1,0,data37,baseline
506.31388737108296,1082.2227250356796,36,1,1,0,data37,baseline
522.3543727150969,1101.1068400578076,37,2,1,0,data37,baseline
530.3848904880085,1115.8686215020225,38,1,1,0,data37,baseline
546.4227934129083,1133.4620937906113,39,2,1,0,data37,baseline
562.4516033225765,1146.5050847302023,40,2,1,0,data37,baseline
570.4876115627284,1163.6951977173107,41,1,1,0,data37,baseline
666.5160188881093,1174.999015560035,43,6,1,0,data37,baseline
674.5519220151856,1189.4630431842295,44,1,1,0,data37,baseline
682.5797952032859,1202.0319567554639,45,1,1,0,data37,baseline
690.6296667969962,1224.9968657267611,46,1,1,0,data37,baseline
706.6595663741796,1237.827157731711,47,2,1,0,data37,baseline
738.6831509489575,1249.1636967251918,48,4,1,0,data37,baseline
746.7117732507594,1261.272312155371,49,1,1,0,data37,baseline
754.7446666651734,1275.59372524378,50,1,1,0,data37,baseline
762.7723484299491,1286.6262001554169,51,1,1,0,data37,baseline
795.4785867742839,1637.5786255227467,52,4,1,0,data37,baseline
819.5170141330606,1653.3646347982321,53,3,1,0,data37,baseline
827.5485617227506,1667.7872677486134,54,1,1,0,data37,baseline
836.3157828208141,2048.649283919033,55,1,1,0,data37,baseline
860.3476581706664,2062.052508529959,56,3,1,0,data37,baseline
876.3819022353096,2076.029426002571,57,2,1,0,data37,baseline
884.4226066558897,2092.3847347462824,58,1,1,0,data37,baseline
892.4883033866496,2118.6087677763353,59,1,1,0,data37,baseline
908.5110835793354,2129.670758224541,60,2,1,0,data37,baseline
932.5678479559451,2154.288880285267,61,3,1,0,data37,baseline
1036.6060580789908,2167.5919488193763,64,1,1,0,data37,baseline
1085.3369777716025,2531.850067876184,65,6,1,0,data37,baseline
1093.376037284291,2550.345529785484,66,1,1,0,data37,baseline
1157.4116551584948,2562.9392891163666,68,2,1,0,data37,baseline
1165.4231852680211,2567.9392891163666,69,1,1,0,data37,baseline
1181.452704707592,2580.839051793229,70,2,1,0,data37,baseline
1189.4887871748654,2596.535072348013,71,1,1,0,data37,baseline
1197.519891934966,2611.544140403986,72,1,1,0,data37,baseline
1253.5755803695283,2636.2118535511363,74,1,1,0,data37,baseline
1333.6150851272134,2654.0506953899244,76,4,1,0,data37,baseline
1341.6483459351582,2669.7916040468203,77,1,1,0,data37,baseline
1365.6971994043372,2690.6537829587814,78,3,1,0,data37,baseline
1421.739442274887,2709.399311343603,80,1,1,0,data37,baseline
1429.790980708014,2733.444095488704,81,1,1,0,data37,baseline
1437.826182874918,2749.579016994801,82,1,1,0,data37,baseline
1445.8593935639833,2763.2242056839623,83,1,1,0,data37,baseline
1509.9051492830527,2783.9054172695587,85,2,1,0,data37,baseline
1613.9434087227878,2795.5605431329755,88,1,1,0,data37,baseline
1629.9676252559539,2806.220122005953,89,2,1,0,data37,baseline
1670.9075398797386,3274.538098891381,90,5,1,0,data37,baseline
1678.9269825349597,3283.2011873838196,91,1,1,0,data37,baseline
1686.960822108472,3298.7526852769865,92,1,1,0,data37,baseline
1719.9566723709956,3795.1465190192725,93,4,1,0,data37,baseline
1728.0112857210372,3816.297575787494,94,1,1,0,data37,baseline
1736.031162332034,3824.8414539765067,95,1,1,0,data37,baseline
1752.0770528004523,3847.6160673596896,96,2,1,0,data37,baseline
1792.100302388138,3857.710065683502,97,5,1,0,data37,baseline
1800.1209710841517,3866.51891142776,98,1,1,0,data37,baseline
1808.1440989555858,3877.3956547895045,99,1,1,0,data37,baseline
8.04089328486702,16.68199381893126,0,1,1,0,data37,lya
16.07537677099819,31.935142873507093,1,1,1,0,data37,lya
24.106731088113143,45.84785798898697,2,1,1,0,data37,lya
32.13470621727056,58.471571246984595,3,1,1,0,data37,lya
64.16448798487862,69.40396576218448,5,1,1,0,data37,lya
72.17572269712142,74.40396576218448,6,1,1,0,data37,lya
80.20737875862028,88.06387400297012,7,1,1,0,data37,lya
88.25615319951672,108.54552295067558,8,1,1,0,data37,lya
120.2953087338704,126.72108570518547,10,1,1,0,data37,lya
128.31746116411716,136.32008135498305,11,1,1,0,data37,lya
160.3492573100455,147.5662721396447,13,1,1,0,data37,lya
176.37323818222242,157.4387727910439,14,2,1,0,data37,lya
184.39334128998354,166.52357473436865,15,1,1,0,data37,lya
192.429255404889,183.7724449268123,16,1,1,0,data37,lya
200.48387638702386,207.66706664624212,17,1,1,0,data37,lya
208.5109139778257,219.33234977145955,18,1,1,0,data37,lya
216.52983841723562,225.87325849020803,19,1,1,0,data37,lya
232.56995272238805,244.15724514602792,20,2,1,0,data37,lya
240.59141265994182,251.97774104915777,21,1,1,0,data37,lya
248.62298233792342,261.0614129418857,22,1,1,0,data37,lya
256.66142880941953,278.53639121284414,23,1,1,0,data37,lya
272.6943940361974,292.7098431400763,24,2,1,0,data37,lya
304.70276784937994,292.7098431400763,26,1,0,1,data37,lya
313.65465125866285,767.1845698580026,27,1,1,0,data37,lya
321.7113568715421,791.6323081386356,28,1,1,0,data37,lya
329.73813405910363,803.2532844675286,29,1,1,0,data37,lya
337.7628439012251,813.6862217809165,30,1,1,0,data37,lya
361.78877112609183,826.4110559109787,31,3,1,0,data37,lya
377.8169947093347,839.3472478450282,32,2,1,0,data37,lya
402.6216504945409,1240.3189685708862,33,3,1,0,data37,lya
410.63713131307793,1245.3612796382292,34,1,1,0,data37,lya
426.6715692185025,1262.4914089723993,35,2,1,0,data37,lya
442.69901188453997,1274.7849817641995,36,2,1,0,data37,lya
450.73949722855406,1293.6690967863276,37,1,1,0,data37,lya
458.77001500146554,1308.4308782305425,38,1,1,0,data37,lya
466.80791792636523,1326.0243505191313,39,1,1,0,data37,lya
490.8367278360335,1339.0673414587222,40,3,1,0,data37,lya
514.8727360761853,1356.2574544458307,41,3,1,0,data37,lya
539.610269238924,1723.6242262241271,42,3,1,0,data37,lya
563.6358769451228,1734.9280440668515,43,3,1,0,data37,lya
571.6717800721991,1749.3920716910459,44,1,1,0,data37,lya
595.6996532602994,1761.9609852622802,45,3,1,0,data37,lya
627.7334946132505,1774.79127726723,47,1,1,0,data37,lya
659.7630284118434,1786.8998926974093,49,1,1,0,data37,lya
667.7959218262574,1801.2213057858182,50,1,1,0,data37,lya
675.8236035910331,1812.253780697455,51,1,1,0,data37,lya
707.834792424859,1812.253780697455,53,1,0,1,data37,lya
715.866340014549,1826.6764136478364,54,1,1,0,data37,lya
723.8718370802717,1826.6764136478364,55,1,0,1,data37,lya
731.903712430124,1840.0796382587625,56,1,1,0,data37,lya
739.9379564947671,1854.0565557313746,57,1,1,0,data37,lya
747.9786609153473,1870.4118644750858,58,1,1,0,data37,lya
756.0443576461072,1896.6358975051387,59,1,1,0,data37,lya
764.067137838793,1907.6978879533444,60,1,1,0,data37,lya
772.1239022154027,1932.3160100140708,61,1,1,0,data37,lya
780.146304591733,1941.398144174348,62,1,1,0,data37,lya
812.1802766067689,1954.7012127084572,64,1,1,0,data37,lya
844.2217395739556,1973.1966746177573,66,1,1,0,data37,lya
860.2609385758816,1991.1961577863124,67,2,1,0,data37,lya
868.2933564144964,2003.7899171171948,68,1,1,0,data37,lya
876.3048865240228,2008.7899171171948,69,1,1,0,data37,lya
884.3344059635936,2021.6896797940572,70,1,1,0,data37,lya
900.3704884308671,2037.3857003488413,71,2,1,0,data37,lya
932.4128584296693,2056.1653767577995,73,1,1,0,data37,lya
940.4648228422359,2080.8330899049497,74,1,1,0,data37,lya
972.5043275999211,2098.671931743738,76,1,1,0,data37,lya
988.5375884078658,2114.4128404006337,77,2,1,0,data37,lya
1004.5864418770448,2135.275019312595,78,2,1,0,data37,lya
1021.3463459815052,2513.5917823295113,79,2,1,0,data37,lya
1029.3853182736284,2532.337310714333,80,1,1,0,data37,lya
1037.4368567067554,2556.382094859434,81,1,1,0,data37,lya
1045.4720588736593,2572.5170163655307,82,1,1,0,data37,lya
1061.5052695627246,2586.162205054692,83,2,1,0,data37,lya
1070.4791770675802,3071.3803716584457,84,1,1,0,data37,lya
1102.484702096568,3071.3803716584457,86,1,0,1,data37,lya
1110.4897158832832,3071.3803716584457,87,1,0,1,data37,lya
1118.5183586315654,3083.0354975218625,88,1,1,0,data37,lya
1126.5212560069856,3083.0354975218625,89,1,0,1,data37,lya
1134.5245346769996,3083.0354975218625,90,1,0,1,data37,lya
1142.5439773322207,3091.698586014301,91,1,1,0,data37,lya
1150.5467139099467,3091.698586014301,92,1,0,1,data37,lya
1159.5425641724703,3588.092419756587,93,1,1,0,data37,lya
1167.5971775225119,3609.2434765248086,94,1,1,0,data37,lya
1175.5999663771306,3609.2434765248086,95,1,0,1,data37,lya
1183.6003076187826,3609.2434765248086,96,1,0,1,data37,lya
1191.6033692098208,3609.2434765248086,97,1,0,1,data37,lya
1199.6240379058345,3618.0523222690667,98,1,1,0,data37,lya
1207.6471657772686,3628.9290656308112,99,1,1,0,data37,lya
8.03935110786799,16.68199381893126,0,1,1,0,data38,baseline
16.07095408345024,31.935142873507093,1,1,1,0,data38,baseline
24.103381292509546,45.84785798898697,2,1,1,0,data38,baseline
32.13333437641984,58.471571246984595,3,1,1,0,data38,baseline
40.16355649794057,70.42470436756253,4,1,1,0,data38,baseline
48.18634285677571,81.35709888276241,5,1,1,0,data38,baseline
56.19872563793488,86.35709888276241,6,1,1,0,data38,baseline
64.22700629178301,100.01700712354805,7,1,1,0,data38,baseline
72.2729875626382,120.49865607125349,8,1,1,0,data38,baseline
80.30396842029155,133.8216009508993,9,1,1,0,data38,baseline
88.34129287731655,151.9971637054092,10,1,1,0,data38,baseline
96.36265794285863,161.5961593552068,11,1,1,0,data38,baseline
152.39455713270638,172.84235013986842,13,1,1,0,data38,baseline
168.41704656658806,182.71485079126762,14,2,1,0,data38,baseline
176.43763998703542,191.79965273459237,15,1,1,0,data38,baseline
184.48010358858718,209.04852292703603,16,1,1,0,data38,baseline
192.5284375563646,232.94314464646584,17,1,1,0,data38,baseline
200.55283191282226,244.60842777168327,18,1,1,0,data38,baseline
208.57498298813968,251.14933649043175,19,1,1,0,data38,baseline
224.6143794124059,269.43332314625167,20,2,1,0,data38,baseline
240.63166889693053,277.2538190493815,21,2,1,0,data38,baseline
248.66285497662554,286.3374909421094,22,1,1,0,data38,baseline
256.7035380754769,303.81246921306786,23,1,1,0,data38,baseline
272.7344201159455,317.98592114030004,24,2,1,0,data38,baseline
361.25826857687093,574.6223131294828,26,5,1,0,data38,baseline
417.3115896926947,599.0700514101158,28,1,1,0,data38,baseline
425.3399585668823,610.6910277390087,29,1,1,0,data38,baseline
433.3636389932163,621.1239650523967,30,1,1,0,data38,baseline
449.39495443401654,633.8487991824588,31,2,1,0,data38,baseline
457.4214514967001,646.7849911165083,32,1,1,0,data38,baseline
482.22745872472257,1047.7567118423663,33,3,1,0,data38,baseline
490.2409228541068,1052.7990229097093,34,1,1,0,data38,baseline
498.27856162028587,1069.9291522438793,35,1,1,0,data38,baseline
506.3072082783097,1082.2227250356796,36,1,1,0,data38,baseline
522.3478042227463,1101.1068400578076,37,2,1,0,data38,baseline
530.3826123505743,1115.8686215020225,38,1,1,0,data38,baseline
546.4184762442227,1133.4620937906113,39,2,1,0,data38,baseline
562.4457847046957,1146.5050847302023,40,2,1,0,data38,baseline
570.4810347170949,1163.6951977173107,41,1,1,0,data38,baseline
666.5079703577734,1174.999015560035,43,6,1,0,data38,baseline
674.5418082315285,1189.4630431842295,44,1,1,0,data38,baseline
682.5680427338325,1202.0319567554639,45,1,1,0,data38,baseline
690.6148146918006,1224.9968657267611,46,1,1,0,data38,baseline
706.6423666345158,1237.827157731711,47,2,1,0,data38,baseline
738.6690570199745,1249.1636967251918,48,4,1,0,data38,baseline
746.6941031427458,1261.272312155371,49,1,1,0,data38,baseline
754.7252217743699,1275.59372524378,50,1,1,0,data38,baseline
762.7494264148629,1286.6262001554169,51,1,1,0,data38,baseline
795.451485997309,1637.5786255227467,52,4,1,0,data38,baseline
819.4869980711672,1653.3646347982321,53,3,1,0,data38,baseline
827.5170524088793,1667.7872677486134,54,1,1,0,data38,baseline
836.2812925098012,2048.649283919033,55,1,1,0,data38,baseline
860.3094524511962,2062.052508529959,56,3,1,0,data38,baseline
876.3377928299876,2076.029426002571,57,2,1,0,data38,baseline
884.3740245756198,2092.3847347462824,58,1,1,0,data38,baseline
892.4300906684464,2118.6087677763353,59,1,1,0,data38,baseline
908.4564192841239,2129.670758224541,60,2,1,0,data38,baseline
932.5089124755008,2154.288880285267,61,3,1,0,data38,baseline
1036.5449819874618,2167.5919488193763,64,1,1,0,data38,baseline
1085.279157173132,2531.850067876184,65,6,1,0,data38,baseline
1093.321741650657,2550.345529785484,66,1,1,0,data38,baseline
1157.3523383496897,2562.9392891163666,68,2,1,0,data38,baseline
1165.363835325725,2567.9392891163666,69,1,1,0,data38,baseline
1181.3977537434687,2580.839051793229,70,2,1,0,data38,baseline
1189.433519002964,2596.535072348013,71,1,1,0,data38,baseline
1197.4689179772506,2611.544140403986,72,1,1,0,data38,baseline
1253.5267200943854,2636.2118535511363,74,1,1,0,data38,baseline
1333.5762368194094,2654.0506953899244,76,4,1,0,data38,baseline
1341.6136250806892,2669.7916040468203,77,1,1,0,data38,baseline
1365.6648995568996,2690.6537829587814,78,3,1,0,data38,baseline
1421.7070669583031,2709.399311343603,80,1,1,0,data38,baseline
1429.7600280355032,2733.444095488704,81,1,1,0,data38,baseline
1437.7943348650754,2749.579016994801,82,1,1,0,data38,baseline
1445.822406305284,2763.2242056839623,83,1,1,0,data38,baseline
1509.8713894409302,2783.9054172695587,85,2,1,0,data38,baseline
1613.9081031967676,2795.5605431329755,88,1,1,0,data38,baseline
1629.9372302613472,2806.220122005953,89,2,1,0,data38,baseline
1670.8782138655897,3274.538098891381,90,5,1,0,data38,baseline
1678.8998758826906,3283.2011873838196,91,1,1,0,data38,baseline
1686.9378268139267,3298.7526852769865,92,1,1,0,data38,baseline
1719.9343988419762,3795.1465190192725,93,4,1,0,data38,baseline
1727.9790262144024,3816.297575787494,94,1,1,0,data38,baseline
1736.0017122146,3824.8414539765067,95,1,1,0,data38,baseline
1752.0530728870815,3847.6160673596896,96,2,1,0,data38,baseline
1792.075770347999,3857.710065683502,97,5,1,0,data38,baseline
1800.097599337906,3866.51891142776,98,1,1,0,data38,baseline
1808.1214272609218,3877.3956547895045,99,1,1,0,data38,baseline
8.03935110786799,16.68199381893126,0,1,1,0,data38,lya
16.07095408345024,31.935142873507093,1,1,1,0,data38,lya
24.103381292509546,45.84785798898697,2,1,1,0,data38,lya
32.13333437641984,58.471571246984595,3,1,1,0,data38,lya
64.16243659053455,69.40396576218448,5,1,1,0,data38,lya
72.17481937169373,74.40396576218448,6,1,1,0,data38,lya
80.20310002554187,88.06387400297012,7,1,1,0,data38,lya
88.24908129639707,108.54552295067558,8,1,1,0,data38,lya
120.29074072131611,126.72108570518547,10,1,1,0,data38,lya
128.3121057868582,136.32008135498305,11,1,1,0,data38,lya
160.34400497670595,147.5662721396447,13,1,1,0,data38,lya
176.36649441058762,157.4387727910439,14,2,1,0,data38,lya
184.387087831035,166.52357473436865,15,1,1,0,data38,lya
192.42955143258675,183.7724449268123,16,1,1,0,data38,lya
200.47788540036416,207.66706664624212,17,1,1,0,data38,lya
208.50227975682182,219.33234977145955,18,1,1,0,data38,lya
216.52443083213925,225.87325849020803,19,1,1,0,data38,lya
232.56382725640546,244.15724514602792,20,2,1,0,data38,lya
240.5811167409301,251.97774104915777,21,1,1,0,data38,lya
248.6123028206251,261.0614129418857,22,1,1,0,data38,lya
256.65298591947646,278.53639121284414,23,1,1,0,data38,lya
272.6838679599451,292.7098431400763,24,2,1,0,data38,lya
304.6944436368921,292.7098431400763,26,1,0,1,data38,lya
313.6456165831506,767.1845698580026,27,1,1,0,data38,lya
321.69671420615174,791.6323081386356,28,1,1,0,data38,lya
329.7250830803393,803.2532844675286,29,1,1,0,data38,lya
337.7487635066733,813.6862217809165,30,1,1,0,data38,lya
361.78007894747356,826.4110559109787,31,3,1,0,data38,lya
377.80657601015713,839.3472478450282,32,2,1,0,data38,lya
402.6125832381796,1240.3189685708862,33,3,1,0,data38,lya
410.62604736756384,1245.3612796382292,34,1,1,0,data38,lya
426.6636861337429,1262.4914089723993,35,2,1,0,data38,lya
442.6923327917667,1274.7849817641995,36,2,1,0,data38,lya
450.7329287362034,1293.6690967863276,37,1,1,0,data38,lya
458.76773686403135,1308.4308782305425,38,1,1,0,data38,lya
466.8036007576797,1326.0243505191313,39,1,1,0,data38,lya
490.8309092181528,1339.0673414587222,40,3,1,0,data38,lya
514.866159230552,1356.2574544458307,41,3,1,0,data38,lya
539.6048698462804,1723.6242262241271,42,3,1,0,data38,lya
563.627828414787,1734.9280440668515,43,3,1,0,data38,lya
571.6616662885422,1749.3920716910459,44,1,1,0,data38,lya
595.6879007908461,1761.9609852622802,45,3,1,0,data38,lya
627.7162948735869,1774.79127726723,47,1,1,0,data38,lya
659.7453583038299,1786.8998926974093,49,1,1,0,data38,lya
667.776476935454,1801.2213057858182,50,1,1,0,data38,lya
675.800681575947,1812.253780697455,51,1,1,0,data38,lya
707.8047763629658,1812.253780697455,53,1,0,1,data38,lya
715.8348307006778,1826.6764136478364,54,1,1,0,data38,lya
723.8373467692589,1826.6764136478364,55,1,0,1,data38,lya
731.8655067106538,1840.0796382587625,56,1,1,0,data38,lya
739.8938470894452,1854.0565557313746,57,1,1,0,data38,lya
747.9300788350774,1870.4118644750858,58,1,1,0,data38,lya
755.986144927904,1896.6358975051387,59,1,1,0,data38,lya
764.0124735435815,1907.6978879533444,60,1,1,0,data38,lya
772.0649667349584,1932.3160100140708,61,1,1,0,data38,lya
780.0865278535572,1941.398144174348,62,1,1,0,data38,lya
812.11920051524,1954.7012127084572,64,1,1,0,data38,lya
844.1674439403216,1973.1966746177573,66,1,1,0,data38,lya
860.2049382947188,1991.1961577863124,67,2,1,0,data38,lya
868.2340396056914,2003.7899171171948,68,1,1,0,data38,lya
876.2455365817266,2008.7899171171948,69,1,1,0,data38,lya
884.2794549994704,2021.6896797940572,70,1,1,0,data38,lya
900.3152202589658,2037.3857003488413,71,2,1,0,data38,lya
932.3637623383188,2056.1653767577995,73,1,1,0,data38,lya
940.4159625670932,2080.8330899049497,74,1,1,0,data38,lya
972.4654792921172,2098.671931743738,76,1,1,0,data38,lya
988.5028675533971,2114.4128404006337,77,2,1,0,data38,lya
1004.5541420296073,2135.275019312595,78,2,1,0,data38,lya
1021.3128977346022,2513.5917823295113,79,2,1,0,data38,lya
1029.352942957045,2532.337310714333,80,1,1,0,data38,lya
1037.405904034245,2556.382094859434,81,1,1,0,data38,lya
1045.4402108638171,2572.5170163655307,82,1,1,0,data38,lya
1061.4682823040257,2586.162205054692,83,2,1,0,data38,lya
1070.4457596370446,3071.3803716584457,84,1,1,0,data38,lya
1102.4550488974687,3071.3803716584457,86,1,0,1,data38,lya
1110.458420610025,3071.3803716584457,87,1,0,1,data38,lya
1118.4830531055457,3083.0354975218625,88,1,1,0,data38,lya
1126.4908610123794,3083.0354975218625,89,1,0,1,data38,lya
1134.4952086628512,3083.0354975218625,90,1,0,1,data38,lya
1142.516870679952,3091.698586014301,91,1,1,0,data38,lya
1150.5237186154018,3091.698586014301,92,1,0,1,data38,lya
1159.5202906434513,3588.092419756587,93,1,1,0,data38,lya
1167.5649180158775,3609.2434765248086,94,1,1,0,data38,lya
1175.5705162596971,3609.2434765248086,95,1,0,1,data38,lya
1183.5763277054123,3609.2434765248086,96,1,0,1,data38,lya
1191.5788371696822,3609.2434765248086,97,1,0,1,data38,lya
1199.6006661595893,3618.0523222690667,98,1,1,0,data38,lya
1207.624494082605,3628.9290656308112,99,1,1,0,data38,lya
8.034997805930239,16.68199381893126,0,1,1,0,data39,baseline
16.06928725163498,31.935142873507093,1,1,1,0,data39,baseline
24.102539914053942,45.84785798898697,2,1,1,0,data39,baseline
32.13207774625734,58.471571246984595,3,1,1,0,data39,baseline
40.16428571833103,70.42470436756253,4,1,1,0,data39,baseline
48.190952065719145,81.35709888276241,5,1,1,0,data39,baseline
56.20285880117339,86.35709888276241,6,1,1,0,data39,baseline
64.23200328746756,100.01700712354805,7,1,1,0,data39,baseline
72.2740374172884,120.49865607125349,8,1,1,0,data39,baseline
80.3059226756578,133.8216009508993,9,1,1,0,data39,baseline
88.34405276123171,151.9971637054092,10,1,1,0,data39,baseline
96.37190807574348,161.5961593552068,11,1,1,0,data39,baseline
152.40268828649926,172.84235013986842,13,1,1,0,data39,baseline
168.42544862950948,182.71485079126762,14,2,1,0,data39,baseline
176.446446625594,191.79965273459237,15,1,1,0,data39,baseline
184.48443183424686,209.04852292703603,16,1,1,0,data39,baseline
192.53432542054813,232.94314464646584,17,1,1,0,data39,baseline
200.56154221989823,244.60842777168327,18,1,1,0,data39,baseline
208.5810057469315,251.14933649043175,19,1,1,0,data39,baseline
224.62322093106022,269.43332314625167,20,2,1,0,data39,baseline
240.64727546578072,277.2538190493815,21,2,1,0,data39,baseline
248.6714007977218,286.3374909421094,22,1,1,0,data39,baseline
256.7115149367571,303.81246921306786,23,1,1,0,data39,baseline
272.74418704172393,317.98592114030004,24,2,1,0,data39,baseline
361.26125879211173,574.6223131294828,26,5,1,0,data39,baseline
417.3151826248778,599.0700514101158,28,1,1,0,data39,baseline
425.33948691919437,610.6910277390087,29,1,1,0,data39,baseline
433.36239336598663,621.1239650523967,30,1,1,0,data39,baseline
449.3915323501119,633.8487991824588,31,2,1,0,data39,baseline
457.42686299257366,646.7849911165083,32,1,1,0,data39,baseline
482.23824149763,1047.7567118423663,33,3,1,0,data39,baseline
490.24995156985693,1052.7990229097093,34,1,1,0,data39,baseline
498.29118064577085,1069.9291522438793,35,1,1,0,data39,baseline
506.3184251755217,1082.2227250356796,36,1,1,0,data39,baseline
522.3601647217621,1101.1068400578076,37,2,1,0,data39,baseline
530.3935374858161,1115.8686215020225,38,1,1,0,data39,baseline
546.4320410850771,1133.4620937906113,39,2,1,0,data39,baseline
562.4606899598144,1146.5050847302023,40,2,1,0,data39,baseline
570.5002047421086,1163.6951977173107,41,1,1,0,data39,baseline
666.5285141912926,1174.999015560035,43,6,1,0,data39,baseline
674.5617894585101,1189.4630431842295,44,1,1,0,data39,baseline
682.5884000780828,1202.0319567554639,45,1,1,0,data39,baseline
690.6379910739851,1224.9968657267611,46,1,1,0,data39,baseline
706.6705542784553,1237.827157731711,47,2,1,0,data39,baseline
738.6935882294704,1249.1636967251918,48,4,1,0,data39,baseline
746.7215504316207,1261.272312155371,49,1,1,0,data39,baseline
754.7527063271962,1275.59372524378,50,1,1,0,data39,baseline
762.7817759993845,1286.6262001554169,51,1,1,0,data39,baseline
795.4872948979817,1637.5786255227467,52,4,1,0,data39,baseline
819.5235144440755,1653.3646347982321,53,3,1,0,data39,baseline
827.5547028902361,1667.7872677486134,54,1,1,0,data39,baseline
836.3208662181473,2048.649283919033,55,1,1,0,data39,baseline
860.3550280261265,2062.052508529959,56,3,1,0,data39,baseline
876.3855191099584,2076.029426002571,57,2,1,0,data39,baseline
884.4219945413233,2092.3847347462824,58,1,1,0,data39,baseline
892.4758356352457,2118.6087677763353,59,1,1,0,data39,baseline
908.4998455065664,2129.670758224541,60,2,1,0,data39,baseline
932.5505973068003,2154.288880285267,61,3,1,0,data39,baseline
1036.5886994252407,2167.5919488193763,64,1,1,0,data39,baseline
1085.3221287936624,2531.850067876184,65,6,1,0,data39,baseline
1093.3654704082296,2550.345529785484,66,1,1,0,data39,baseline
1157.3973798475013,2562.9392891163666,68,2,1,0,data39,baseline
1165.419778066019,2567.9392891163666,69,1,1,0,data39,baseline
1181.44761568263,2580.839051793229,70,2,1,0,data39,baseline
1189.485125320925,2596.535072348013,71,1,1,0,data39,baseline
1197.5169756337348,2611.544140403986,72,1,1,0,data39,baseline
1253.5683367315976,2636.2118535511363,74,1,1,0,data39,baseline
1333.6126764391402,2654.0506953899244,76,4,1,0,data39,baseline
1341.6472793766427,2669.7916040468203,77,1,1,0,data39,baseline
1365.693438216861,2690.6537829587814,78,3,1,0,data39,baseline
1421.7354168334055,2709.399311343603,80,1,1,0,data39,baseline
1429.7856515896972,2733.444095488704,81,1,1,0,data39,baseline
1437.8199166409893,2749.579016994801,82,1,1,0,data39,baseline
1445.8503821093086,2763.2242056839623,83,1,1,0,data39,baseline
1509.8993935579676,2783.9054172695587,85,2,1,0,data39,baseline
1613.9336071511148,2795.5605431329755,88,1,1,0,data39,baseline
1629.9602956993424,2806.220122005953,89,2,1,0,data39,baseline
1670.9038030103118,3274.538098891381,90,5,1,0,data39,baseline
1678.9240374757233,3283.2011873838196,91,1,1,0,data39,baseline
1686.9559066866557,3298.7526852769865,92,1,1,0,data39,baseline
1719.9490628818903,3795.1465190192725,93,4,1,0,data39,baseline
1727.992742486198,3816.297575787494,94,1,1,0,data39,baseline
1736.014419336563,3824.8414539765067,95,1,1,0,data39,baseline
1752.0643515402953,3847.6160673596896,96,2,1,0,data39,baseline
1792.0891384440924,3857.710065683502,97,5,1,0,data39,baseline
1800.109867854753,3866.51891142776,98,1,1,0,data39,baseline
1808.1354858170132,3877.3956547895045,99,1,1,0,data39,baseline
8.034997805930239,16.68199381893126,0,1,1,0,data39,lya
16.06928725163498,31.935142873507093,1,1,1,0,data39,lya
24.102539914053942,45.84785798898697,2,1,1,0,data39,lya
32.13207774625734,58.471571246984595,3,1,1,0,data39,lya
64.16704579947799,69.40396576218448,5,1,1,0,data39,lya
72.17895253493225,74.40396576218448,6,1,1,0,data39,lya
80.20809702122641,88.06387400297012,7,1,1,0,data39,lya
88.25013115104724,108.54552295067558,8,1,1,0,data39,lya
120.29350060523126,126.72108570518547,10,1,1,0,data39,lya
128.32135591974304,136.32008135498305,11,1,1,0,data39,lya
160.35213613049882,147.5662721396447,13,1,1,0,data39,lya
176.37489647350904,157.4387727910439,14,2,1,0,data39,lya
184.39589446959357,166.52357473436865,15,1,1,0,data39,lya
192.43387967824643,183.7724449268123,16,1,1,0,data39,lya
200.4837732645477,207.66706664624212,17,1,1,0,data39,lya
208.5109900638978,219.33234977145955,18,1,1,0,data39,lya
216.53045359093107,225.87325849020803,19,1,1,0,data39,lya
232.57266877505978,244.15724514602792,20,2,1,0,data39,lya
240.5967233097803,251.97774104915777,21,1,1,0,data39,lya
248.62084864172135,261.0614129418857,22,1,1,0,data39,lya
256.6609627807567,278.53639121284414,23,1,1,0,data39,lya
272.6936348857235,292.7098431400763,24,2,1,0,data39,lya
304.6974338521329,292.7098431400763,26,1,0,1,data39,lya
313.64906467312375,767.1845698580026,27,1,1,0,data39,lya
321.70030713833484,791.6323081386356,28,1,1,0,data39,lya
329.7246114326514,803.2532844675286,29,1,1,0,data39,lya
337.74751787944365,813.6862217809165,30,1,1,0,data39,lya
361.7766568635689,826.4110559109787,31,3,1,0,data39,lya
377.8119875060307,839.3472478450282,32,2,1,0,data39,lya
402.623366011087,1240.3189685708862,33,3,1,0,data39,lya
410.63507608331395,1245.3612796382292,34,1,1,0,data39,lya
426.67630515922787,1262.4914089723993,35,2,1,0,data39,lya
442.70354968897874,1274.7849817641995,36,2,1,0,data39,lya
450.74528923521916,1293.6690967863276,37,1,1,0,data39,lya
458.7786619992731,1308.4308782305425,38,1,1,0,data39,lya
466.8171655985342,1326.0243505191313,39,1,1,0,data39,lya
490.84581447327156,1339.0673414587222,40,3,1,0,data39,lya
514.8853292555657,1356.2574544458307,41,3,1,0,data39,lya
539.6227566324825,1723.6242262241271,42,3,1,0,data39,lya
563.6483722483063,1734.9280440668515,43,3,1,0,data39,lya
571.6816475155238,1749.3920716910459,44,1,1,0,data39,lya
595.7082581350965,1761.9609852622802,45,3,1,0,data39,lya
627.7444825175263,1774.79127726723,47,1,1,0,data39,lya
659.7728055927048,1786.8998926974093,49,1,1,0,data39,lya
667.8039614882803,1801.2213057858182,50,1,1,0,data39,lya
675.8330311604686,1812.253780697455,51,1,1,0,data39,lya
707.841292735874,1812.253780697455,53,1,0,1,data39,lya
715.8724811820346,1826.6764136478364,54,1,1,0,data39,lya
723.876920477605,1826.6764136478364,55,1,0,1,data39,lya
731.9110822855844,1840.0796382587625,56,1,1,0,data39,lya
739.9415733694162,1854.0565557313746,57,1,1,0,data39,lya
747.9780488007812,1870.4118644750858,58,1,1,0,data39,lya
756.0318898947036,1896.6358975051387,59,1,1,0,data39,lya
764.0558997660243,1907.6978879533444,60,1,1,0,data39,lya
772.1066515662582,1932.3160100140708,61,1,1,0,data39,lya
780.1292248432728,1941.398144174348,62,1,1,0,data39,lya
812.1629179530191,1954.7012127084572,64,1,1,0,data39,lya
844.2111726978945,1973.1966746177573,66,1,1,0,data39,lya
860.2502426884843,1991.1961577863124,67,2,1,0,data39,lya
868.279081103503,2003.7899171171948,68,1,1,0,data39,lya
876.3014793220207,2008.7899171171948,69,1,1,0,data39,lya
884.3293169386316,2021.6896797940572,70,1,1,0,data39,lya
900.3668265769268,2037.3857003488413,71,2,1,0,data39,lya
932.4080572360255,2056.1653767577995,73,1,1,0,data39,lya
940.4575792043056,2080.8330899049497,74,1,1,0,data39,lya
972.5019189118482,2098.671931743738,76,1,1,0,data39,lya
988.5365218493507,2114.4128404006337,77,2,1,0,data39,lya
1004.5826806895689,2135.275019312595,78,2,1,0,data39,lya
1021.3412980292791,2513.5917823295113,79,2,1,0,data39,lya
1029.381292832147,2532.337310714333,80,1,1,0,data39,lya
1037.4315275884387,2556.382094859434,81,1,1,0,data39,lya
1045.4657926397308,2572.5170163655307,82,1,1,0,data39,lya
1061.4962581080501,2586.162205054692,83,2,1,0,data39,lya
1070.4698089532744,3071.3803716584457,84,1,1,0,data39,lya
1102.4827292844757,3071.3803716584457,86,1,0,1,data39,lya
1110.4832526882515,3071.3803716584457,87,1,0,1,data39,lya
1118.5085570598926,3083.0354975218625,88,1,1,0,data39,lya
1126.5139264503744,3083.0354975218625,89,1,0,1,data39,lya
1134.520797807573,3083.0354975218625,90,1,0,1,data39,lya
1142.5410322729845,3091.698586014301,91,1,1,0,data39,lya
1150.5417984881306,3091.698586014301,92,1,0,1,data39,lya
1159.5349546833652,3588.092419756587,93,1,1,0,data39,lya
1167.578634287673,3609.2434765248086,94,1,1,0,data39,lya
1175.5832233816598,3609.2434765248086,95,1,0,1,data39,lya
1183.5876063586259,3609.2434765248086,96,1,0,1,data39,lya
1191.5922052657754,3609.2434765248086,97,1,0,1,data39,lya
1199.612934676436,3618.0523222690667,98,1,1,0,data39,lya
1207.6385526386962,3628.9290656308112,99,1,1,0,data39,lya
8.037062161419609,16.68199381893126,0,1,1,0,data40,baseline
16.069993198257986,31.935142873507093,1,1,1,0,data40,baseline
24.09913034340653,45.84785798898697,2,1,1,0,data40,baseline
32.12961705494722,58.471571246984595,3,1,1,0,data40,baseline
40.156430016934834,70.42470436756253,4,1,1,0,data40,baseline
48.18287728797965,81.35709888276241,5,1,1,0,data40,baseline
56.19782566696675,86.35709888276241,6,1,1,0,data40,baseline
64.22956171556999,100.01700712354805,7,1,1,0,data40,baseline
72.27537564746339,120.49865607125349,8,1,1,0,data40,baseline
80.30496905573577,133.8216009508993,9,1,1,0,data40,baseline
88.34285080417762,151.9971637054092,10,1,1,0,data40,baseline
96.37235669008098,161.5961593552068,11,1,1,0,data40,baseline
152.40331072654098,172.84235013986842,13,1,1,0,data40,baseline
168.42674790461365,182.71485079126762,14,2,1,0,data40,baseline
176.44741793470848,191.79965273459237,15,1,1,0,data40,baseline
184.48555143620524,209.04852292703603,16,1,1,0,data40,baseline
192.5350676422957,232.94314464646584,17,1,1,0,data40,baseline
200.55916498374296,244.60842777168327,18,1,1,0,data40,baseline
208.57628034674235,251.14933649043175,19,1,1,0,data40,baseline
224.61706365494697,269.43332314625167,20,2,1,0,data40,baseline
240.64066841686937,277.2538190493815,21,2,1,0,data40,baseline
248.66137283144218,286.3374909421094,22,1,1,0,data40,baseline
256.6998260523165,303.81246921306786,23,1,1,0,data40,baseline
272.7311103436514,317.98592114030004,24,2,1,0,data40,baseline
361.24998341333685,574.6223131294828,26,5,1,0,data40,baseline
417.30392397873965,599.0700514101158,28,1,1,0,data40,baseline
425.3323074686116,610.6910277390087,29,1,1,0,data40,baseline
433.3656367548846,621.1239650523967,30,1,1,0,data40,baseline
449.39623102516555,633.8487991824588,31,2,1,0,data40,baseline
457.4238318934022,646.7849911165083,32,1,1,0,data40,baseline
482.2287266632413,1047.7567118423663,33,3,1,0,data40,baseline
490.2410951027176,1052.7990229097093,34,1,1,0,data40,baseline
498.280476848442,1069.9291522438793,35,1,1,0,data40,baseline
506.30816922882065,1082.2227250356796,36,1,1,0,data40,baseline
522.3499438082383,1101.1068400578076,37,2,1,0,data40,baseline
530.3837687401603,1115.8686215020225,38,1,1,0,data40,baseline
546.4232264962778,1133.4620937906113,39,2,1,0,data40,baseline
562.4510212130239,1146.5050847302023,40,2,1,0,data40,baseline
570.4898359540293,1163.6951977173107,41,1,1,0,data40,baseline
666.5162515445229,1174.999015560035,43,6,1,0,data40,baseline
674.5472708581849,1189.4630431842295,44,1,1,0,data40,baseline
682.578254868548,1202.0319567554639,45,1,1,0,data40,baseline
690.6317825906604,1224.9968657267611,46,1,1,0,data40,baseline
706.6656201889153,1237.827157731711,47,2,1,0,data40,baseline
738.6906004118138,1249.1636967251918,48,4,1,0,data40,baseline
746.7187313569259,1261.272312155371,49,1,1,0,data40,baseline
754.752636034815,1275.59372524378,50,1,1,0,data40,baseline
762.7768719798278,1286.6262001554169,51,1,1,0,data40,baseline
795.4848875911338,1637.5786255227467,52,4,1,0,data40,baseline
819.5187738759729,1653.3646347982321,53,3,1,0,data40,baseline
827.550603112219,1667.7872677486134,54,1,1,0,data40,baseline
836.3189993048219,2048.649283919033,55,1,1,0,data40,baseline
860.3534713874456,2062.052508529959,56,3,1,0,data40,baseline
876.3843726758722,2076.029426002571,57,2,1,0,data40,baseline
884.4206391547524,2092.3847347462824,58,1,1,0,data40,baseline
892.4764149455502,2118.6087677763353,59,1,1,0,data40,baseline
908.5047703112406,2129.670758224541,60,2,1,0,data40,baseline
932.5591918663006,2154.288880285267,61,3,1,0,data40,baseline
1036.5991821586283,2167.5919488193763,64,1,1,0,data40,baseline
1085.3355177053293,2531.850067876184,65,6,1,0,data40,baseline
1093.3766640065835,2550.345529785484,66,1,1,0,data40,baseline
1157.4105785587667,2562.9392891163666,68,2,1,0,data40,baseline
1165.4292884513136,2567.9392891163666,69,1,1,0,data40,baseline
1181.460042134826,2580.839051793229,70,2,1,0,data40,baseline
1189.4946488014302,2596.535072348013,71,1,1,0,data40,baseline
1197.5280142360625,2611.544140403986,72,1,1,0,data40,baseline
1253.5888022307827,2636.2118535511363,74,1,1,0,data40,baseline
1333.630275752306,2654.0506953899244,76,4,1,0,data40,baseline
1341.6662819594885,2669.7916040468203,77,1,1,0,data40,baseline
1365.7117293220736,2690.6537829587814,78,3,1,0,data40,baseline
1421.7520960517604,2709.399311343603,80,1,1,0,data40,baseline
1429.8055477160235,2733.444095488704,81,1,1,0,data40,baseline
1437.8451403718452,2749.579016994801,82,1,1,0,data40,baseline
1445.8751255382467,2763.2242056839623,83,1,1,0,data40,baseline
1509.929351365674,2783.9054172695587,85,2,1,0,data40,baseline
1613.9610895991254,2795.5605431329755,88,1,1,0,data40,baseline
1629.9827756593822,2806.220122005953,89,2,1,0,data40,baseline
1670.9229493723128,3274.538098891381,90,5,1,0,data40,baseline
1678.941811151607,3283.2011873838196,91,1,1,0,data40,baseline
1686.9757805012532,3298.7526852769865,92,1,1,0,data40,baseline
1719.9705412741741,3795.1465190192725,93,4,1,0,data40,baseline
1728.0141771246983,3816.297575787494,94,1,1,0,data40,baseline
1736.032797216344,3824.8414539765067,95,1,1,0,data40,baseline
1752.0818335005335,3847.6160673596896,96,2,1,0,data40,baseline
1792.1066732960926,3857.710065683502,97,5,1,0,data40,baseline
1800.1265669623706,3866.51891142776,98,1,1,0,data40,baseline
1808.1521355853974,3877.3956547895045,99,1,1,0,data40,baseline
8.037062161419609,16.68199381893126,0,1,1,0,data40,lya
16.069993198257986,31.935142873507093,1,1,1,0,data40,lya
24.09913034340653,45.84785798898697,2,1,1,0,data40,lya
32.12961705494722,58.471571246984595,3,1,1,0,data40,lya
64.1589710217385,69.40396576218448,5,1,1,0,data40,lya
72.17391940072561,74.40396576218448,6,1,1,0,data40,lya
80.20565544932884,88.06387400297012,7,1,1,0,data40,lya
88.25146938122225,108.54552295067558,8,1,1,0,data40,lya
120.29229864817718,126.72108570518547,10,1,1,0,data40,lya
128.32180453408054,136.32008135498305,11,1,1,0,data40,lya
160.35275857054054,147.5662721396447,13,1,1,0,data40,lya
176.3761957486132,157.4387727910439,14,2,1,0,data40,lya
184.39686577870805,166.52357473436865,15,1,1,0,data40,lya
192.4349992802048,183.7724449268123,16,1,1,0,data40,lya
200.48451548629527,207.66706664624212,17,1,1,0,data40,lya
208.50861282774252,219.33234977145955,18,1,1,0,data40,lya
216.52572819074192,225.87325849020803,19,1,1,0,data40,lya
232.56651149894654,244.15724514602792,20,2,1,0,data40,lya
240.59011626086894,251.97774104915777,21,1,1,0,data40,lya
248.61082067544174,261.0614129418857,22,1,1,0,data40,lya
256.64927389631606,278.53639121284414,23,1,1,0,data40,lya
272.68055818765095,292.7098431400763,24,2,1,0,data40,lya
304.68615847335803,292.7098431400763,26,1,0,1,data40,lya
313.63793664165973,767.1845698580026,27,1,1,0,data40,lya
321.68904849219666,791.6323081386356,28,1,1,0,data40,lya
329.7174319820686,803.2532844675286,29,1,1,0,data40,lya
337.7507612683416,813.6862217809165,30,1,1,0,data40,lya
361.78135553862256,826.4110559109787,31,3,1,0,data40,lya
377.80895640685924,839.3472478450282,32,2,1,0,data40,lya
402.6138511766983,1240.3189685708862,33,3,1,0,data40,lya
410.62621961617464,1245.3612796382292,34,1,1,0,data40,lya
426.665601361899,1262.4914089723993,35,2,1,0,data40,lya
442.69329374227766,1274.7849817641995,36,2,1,0,data40,lya
450.7350683216954,1293.6690967863276,37,1,1,0,data40,lya
458.7688932536173,1308.4308782305425,38,1,1,0,data40,lya
466.80835100973474,1326.0243505191313,39,1,1,0,data40,lya
490.8361457264807,1339.0673414587222,40,3,1,0,data40,lya
514.8749604674862,1356.2574544458307,41,3,1,0,data40,lya
539.6107460250837,1723.6242262241271,42,3,1,0,data40,lya
563.6361096015363,1734.9280440668515,43,3,1,0,data40,lya
571.6671289151983,1749.3920716910459,44,1,1,0,data40,lya
595.6981129255614,1761.9609852622802,45,3,1,0,data40,lya
627.7395484279862,1774.79127726723,47,1,1,0,data40,lya
659.7699865180098,1786.8998926974093,49,1,1,0,data40,lya
667.8038911958989,1801.2213057858182,50,1,1,0,data40,lya
675.8281271409116,1812.253780697455,51,1,1,0,data40,lya
707.8365521677712,1812.253780697455,53,1,0,1,data40,lya
715.8683814040173,1826.6764136478364,54,1,1,0,data40,lya
723.8750535642794,1826.6764136478364,55,1,0,1,data40,lya
731.9095256469029,1840.0796382587625,56,1,1,0,data40,lya
739.9404269353296,1854.0565557313746,57,1,1,0,data40,lya
747.9766934142098,1870.4118644750858,58,1,1,0,data40,lya
756.0324692050076,1896.6358975051387,59,1,1,0,data40,lya
764.060824570698,1907.6978879533444,60,1,1,0,data40,lya
772.115246125758,1932.3160100140708,61,1,1,0,data40,lya
780.1371337395265,1941.398144174348,62,1,1,0,data40,lya
812.1734006864062,1954.7012127084572,64,1,1,0,data40,lya
844.2223662962479,1973.1966746177573,66,1,1,0,data40,lya
860.2644694620053,1991.1961577863124,67,2,1,0,data40,lya
868.2922798147682,2003.7899171171948,68,1,1,0,data40,lya
876.3109897073152,2008.7899171171948,69,1,1,0,data40,lya
884.3417433908274,2021.6896797940572,70,1,1,0,data40,lya
900.376350057432,2037.3857003488413,71,2,1,0,data40,lya
932.4258678861814,2056.1653767577995,73,1,1,0,data40,lya
940.4780447034907,2080.8330899049497,74,1,1,0,data40,lya
972.5195182250142,2098.671931743738,76,1,1,0,data40,lya
988.5555244321968,2114.4128404006337,77,2,1,0,data40,lya
1004.6009717947816,2135.275019312595,78,2,1,0,data40,lya
1021.3579319185573,2513.5917823295113,79,2,1,0,data40,lya
1029.3979720505024,2532.337310714333,80,1,1,0,data40,lya
1037.4514237147655,2556.382094859434,81,1,1,0,data40,lya
1045.4910163705872,2572.5170163655307,82,1,1,0,data40,lya
1061.5210015369887,2586.162205054692,83,2,1,0,data40,lya
1070.4965135389173,3071.3803716584457,84,1,1,0,data40,lya
1102.5074675395272,3071.3803716584457,86,1,0,1,data40,lya
1110.5087827671518,3071.3803716584457,87,1,0,1,data40,lya
1118.5360395079038,3083.0354975218625,88,1,1,0,data40,lya
1126.5364064104147,3083.0354975218625,89,1,0,1,data40,lya
1134.5399441695745,3083.0354975218625,90,1,0,1,data40,lya
1142.5588059488687,3091.698586014301,91,1,1,0,data40,lya
1150.5616723027285,3091.698586014301,92,1,0,1,data40,lya
1159.5564330756495,3588.092419756587,93,1,1,0,data40,lya
1167.6000689261737,3609.2434765248086,94,1,1,0,data40,lya
1175.6016012614414,3609.2434765248086,95,1,0,1,data40,lya
1183.6050883188645,3609.2434765248086,96,1,0,1,data40,lya
1191.609740117776,3609.2434765248086,97,1,0,1,data40,lya
1199.629633784054,3618.0523222690667,98,1,1,0,data40,lya
1207.6552024070809,3628.9290656308112,99,1,1,0,data40,lya
8.040552290919061,16.68199381893126,0,1,1,0,data41,baseline
16.074458730820844,31.935142873507093,1,1,1,0,data41,baseline
24.10571156565478,45.84785798898697,2,1,1,0,data41,baseline
32.13289348638439,58.471571246984595,3,1,1,0,data41,baseline
40.16017764592796,70.42470436756253,4,1,1,0,data41,baseline
48.18342673240653,81.35709888276241,5,1,1,0,data41,baseline
56.19670117765764,86.35709888276241,6,1,1,0,data41,baseline
64.22907239925956,100.01700712354805,7,1,1,0,data41,baseline
72.27326096900593,120.49865607125349,8,1,1,0,data41,baseline
80.3040581420909,133.8216009508993,9,1,1,0,data41,baseline
88.34286926011464,151.9971637054092,10,1,1,0,data41,baseline
96.3626163853915,161.5961593552068,11,1,1,0,data41,baseline
152.39307799034535,172.84235013986842,13,1,1,0,data41,baseline
168.4182810101249,182.71485079126762,14,2,1,0,data41,baseline
176.44147568121758,191.79965273459237,15,1,1,0,data41,baseline
184.4794875633654,209.04852292703603,16,1,1,0,data41,baseline
192.53284905432616,232.94314464646584,17,1,1,0,data41,baseline
200.55863799207822,244.60842777168327,18,1,1,0,data41,baseline
208.5763016779801,251.14933649043175,19,1,1,0,data41,baseline
224.61672832722266,269.43332314625167,20,2,1,0,data41,baseline
240.63618579302104,277.2538190493815,21,2,1,0,data41,baseline
248.65781282598508,286.3374909421094,22,1,1,0,data41,baseline
256.69830029570215,303.81246921306786,23,1,1,0,data41,baseline
272.7323469058861,317.98592114030004,24,2,1,0,data41,baseline
361.25358996376747,574.6223131294828,26,5,1,0,data41,baseline
417.3085538221114,599.0700514101158,28,1,1,0,data41,baseline
425.33508955184493,610.6910277390087,29,1,1,0,data41,baseline
433.3583449038581,621.1239650523967,30,1,1,0,data41,baseline
449.38486005708995,633.8487991824588,31,2,1,0,data41,baseline
457.4121419082058,646.7849911165083,32,1,1,0,data41,baseline
482.2188743536944,1047.7567118423663,33,3,1,0,data41,baseline
490.23023486893294,1052.7990229097093,34,1,1,0,data41,baseline
498.2685990849524,1069.9291522438793,35,1,1,0,data41,baseline
506.29687081843974,1082.2227250356796,36,1,1,0,data41,baseline
522.337723597515,1101.1068400578076,37,2,1,0,data41,baseline
530.3689954171924,1115.8686215020225,38,1,1,0,data41,baseline
546.4073570323608,1133.4620937906113,39,2,1,0,data41,baseline
562.4351185993572,1146.5050847302023,40,2,1,0,data41,baseline
570.4712724427085,1163.6951977173107,41,1,1,0,data41,baseline
666.5024503150313,1174.999015560035,43,6,1,0,data41,baseline
674.535609541936,1189.4630431842295,44,1,1,0,data41,baseline
682.5631982384879,1202.0319567554639,45,1,1,0,data41,baseline
690.6113977828853,1224.9968657267611,46,1,1,0,data41,baseline
706.6424362450051,1237.827157731711,47,2,1,0,data41,baseline
738.6690603334464,1249.1636967251918,48,4,1,0,data41,baseline
746.6997020995789,1261.272312155371,49,1,1,0,data41,baseline
754.731552557463,1275.59372524378,50,1,1,0,data41,baseline
762.7579334244617,1286.6262001554169,51,1,1,0,data41,baseline
795.4713224256117,1637.5786255227467,52,4,1,0,data41,baseline
819.5085067688864,1653.3646347982321,53,3,1,0,data41,baseline
827.5421527460721,1667.7872677486134,54,1,1,0,data41,baseline
836.310392814571,2048.649283919033,55,1,1,0,data41,baseline
860.3408806777959,2062.052508529959,56,3,1,0,data41,baseline
876.3692669725225,2076.029426002571,57,2,1,0,data41,baseline
884.4043068504441,2092.3847347462824,58,1,1,0,data41,baseline
892.4601295928591,2118.6087677763353,59,1,1,0,data41,baseline
908.4852449748975,2129.670758224541,60,2,1,0,data41,baseline
932.5416438645082,2154.288880285267,61,3,1,0,data41,baseline
1036.5772079948736,2167.5919488193763,64,1,1,0,data41,baseline
1085.3083348100445,2531.850067876184,65,6,1,0,data41,baseline
1093.3476230185956,2550.345529785484,66,1,1,0,data41,baseline
1157.3774490308244,2562.9392891163666,68,2,1,0,data41,baseline
1165.3937550054543,2567.9392891163666,69,1,1,0,data41,baseline
1181.4286490698337,2580.839051793229,70,2,1,0,data41,baseline
1189.4613743923135,2596.535072348013,71,1,1,0,data41,baseline
1197.492361788392,2611.544140403986,72,1,1,0,data41,baseline
1253.5486331461252,2636.2118535511363,74,1,1,0,data41,baseline
1333.5881928908716,2654.0506953899244,76,4,1,0,data41,baseline
1341.6245723224004,2669.7916040468203,77,1,1,0,data41,baseline
1365.6705742771035,2690.6537829587814,78,3,1,0,data41,baseline
1421.7202522358766,2709.399311343603,80,1,1,0,data41,baseline
1429.7738414067035,2733.444095488704,81,1,1,0,data41,baseline
1437.8096638633995,2749.579016994801,82,1,1,0,data41,baseline
1445.8398340477331,2763.2242056839623,83,1,1,0,data41,baseline
1509.8903212018056,2783.9054172695587,85,2,1,0,data41,baseline
1613.933115312502,2795.5605431329755,88,1,1,0,data41,baseline
1629.957461479277,2806.220122005953,89,2,1,0,data41,baseline
1670.89711966527,3274.538098891381,90,5,1,0,data41,baseline
1678.9198078797374,3283.2011873838196,91,1,1,0,data41,baseline
1686.961311681482,3298.7526852769865,92,1,1,0,data41,baseline
1719.9574369731793,3795.1465190192725,93,4,1,0,data41,baseline
1728.000918820103,3816.297575787494,94,1,1,0,data41,baseline
1736.0230112288787,3824.8414539765067,95,1,1,0,data41,baseline
1752.0762113494832,3847.6160673596896,96,2,1,0,data41,baseline
1792.100023359877,3857.710065683502,97,5,1,0,data41,baseline
1800.1238042317405,3866.51891142776,98,1,1,0,data41,baseline
1808.1476073318893,3877.3956547895045,99,1,1,0,data41,baseline
8.040552290919061,16.68199381893126,0,1,1,0,data41,lya
16.074458730820844,31.935142873507093,1,1,1,0,data41,lya
24.10571156565478,45.84785798898697,2,1,1,0,data41,lya
32.13289348638439,58.471571246984595,3,1,1,0,data41,lya
64.15952046616538,69.40396576218448,5,1,1,0,data41,lya
72.17279491141649,74.40396576218448,6,1,1,0,data41,lya
80.20516613301841,88.06387400297012,7,1,1,0,data41,lya
88.24935470276478,108.54552295067558,8,1,1,0,data41,lya
120.29231710411419,126.72108570518547,10,1,1,0,data41,lya
128.31206422939107,136.32008135498305,11,1,1,0,data41,lya
160.3425258343449,147.5662721396447,13,1,1,0,data41,lya
176.36772885412446,157.4387727910439,14,2,1,0,data41,lya
184.39092352521715,166.52357473436865,15,1,1,0,data41,lya
192.42893540736497,183.7724449268123,16,1,1,0,data41,lya
200.48229689832573,207.66706664624212,17,1,1,0,data41,lya
208.50808583607778,219.33234977145955,18,1,1,0,data41,lya
216.52574952197966,225.87325849020803,19,1,1,0,data41,lya
232.56617617122222,244.15724514602792,20,2,1,0,data41,lya
240.5856336370206,251.97774104915777,21,1,1,0,data41,lya
248.60726066998464,261.0614129418857,22,1,1,0,data41,lya
256.6477481397017,278.53639121284414,23,1,1,0,data41,lya
272.6817947498857,292.7098431400763,24,2,1,0,data41,lya
304.68976502378865,292.7098431400763,26,1,0,1,data41,lya
313.64043271775625,767.1845698580026,27,1,1,0,data41,lya
321.6936783355684,791.6323081386356,28,1,1,0,data41,lya
329.72021406530195,803.2532844675286,29,1,1,0,data41,lya
337.7434694173151,813.6862217809165,30,1,1,0,data41,lya
361.76998457054697,826.4110559109787,31,3,1,0,data41,lya
377.7972664216628,839.3472478450282,32,2,1,0,data41,lya
402.6039988671514,1240.3189685708862,33,3,1,0,data41,lya
410.61535938238995,1245.3612796382292,34,1,1,0,data41,lya
426.65372359840944,1262.4914089723993,35,2,1,0,data41,lya
442.68199533189676,1274.7849817641995,36,2,1,0,data41,lya
450.72284811097205,1293.6690967863276,37,1,1,0,data41,lya
458.7541199306494,1308.4308782305425,38,1,1,0,data41,lya
466.79248154581774,1326.0243505191313,39,1,1,0,data41,lya
490.8202431128141,1339.0673414587222,40,3,1,0,data41,lya
514.8563969561653,1356.2574544458307,41,3,1,0,data41,lya
539.5963300169576,1723.6242262241271,42,3,1,0,data41,lya
563.6223083720447,1734.9280440668515,43,3,1,0,data41,lya
571.6554675989494,1749.3920716910459,44,1,1,0,data41,lya
595.6830562955013,1761.9609852622802,45,3,1,0,data41,lya
627.7163644840759,1774.79127726723,47,1,1,0,data41,lya
659.7509572606627,1786.8998926974093,49,1,1,0,data41,lya
667.7828077185469,1801.2213057858182,50,1,1,0,data41,lya
675.8091885855456,1812.253780697455,51,1,1,0,data41,lya
707.8262850606847,1812.253780697455,53,1,0,1,data41,lya
715.8599310378704,1826.6764136478364,54,1,1,0,data41,lya
723.8664470740284,1826.6764136478364,55,1,0,1,data41,lya
731.8969349372535,1840.0796382587625,56,1,1,0,data41,lya
739.9253212319801,1854.0565557313746,57,1,1,0,data41,lya
747.9603611099017,1870.4118644750858,58,1,1,0,data41,lya
756.0161838523167,1896.6358975051387,59,1,1,0,data41,lya
764.041299234355,1907.6978879533444,60,1,1,0,data41,lya
772.0976981239658,1932.3160100140708,61,1,1,0,data41,lya
780.1164550689351,1941.398144174348,62,1,1,0,data41,lya
812.1514265226515,1954.7012127084572,64,1,1,0,data41,lya
844.19332530826,1973.1966746177573,66,1,1,0,data41,lya
860.2325540195422,1991.1961577863124,67,2,1,0,data41,lya
868.259150286826,2003.7899171171948,68,1,1,0,data41,lya
876.2754562614558,2008.7899171171948,69,1,1,0,data41,lya
884.3103503258352,2021.6896797940572,70,1,1,0,data41,lya
900.3430756483151,2037.3857003488413,71,2,1,0,data41,lya
932.3844209414384,2056.1653767577995,73,1,1,0,data41,lya
940.4378756188328,2080.8330899049497,74,1,1,0,data41,lya
972.4774353635795,2098.671931743738,76,1,1,0,data41,lya
988.5138147951084,2114.4128404006337,77,2,1,0,data41,lya
1004.5598167498114,2135.275019312595,78,2,1,0,data41,lya
1021.3263459746171,2513.5917823295113,79,2,1,0,data41,lya
1029.3661282346186,2532.337310714333,80,1,1,0,data41,lya
1037.4197174054455,2556.382094859434,81,1,1,0,data41,lya
1045.4555398621414,2572.5170163655307,82,1,1,0,data41,lya
1061.485710046475,2586.162205054692,83,2,1,0,data41,lya
1070.4586528602756,3071.3803716584457,84,1,1,0,data41,lya
1102.4732883909612,3071.3803716584457,86,1,0,1,data41,lya
1110.4826462763083,3071.3803716584457,87,1,0,1,data41,lya
1118.5080652212803,3083.0354975218625,88,1,1,0,data41,lya
1126.5110922303095,3083.0354975218625,89,1,0,1,data41,lya
1134.5141144625318,3083.0354975218625,90,1,0,1,data41,lya
1142.536802676999,3091.698586014301,91,1,1,0,data41,lya
1150.5472034829572,3091.698586014301,92,1,0,1,data41,lya
1159.5433287746546,3588.092419756587,93,1,1,0,data41,lya
1167.5868106215783,3609.2434765248086,94,1,1,0,data41,lya
1175.591815273976,3609.2434765248086,95,1,0,1,data41,lya
1183.5994661678142,3609.2434765248086,96,1,0,1,data41,lya
1191.6030901815604,3609.2434765248086,97,1,0,1,data41,lya
1199.6268710534239,3618.0523222690667,98,1,1,0,data41,lya
1207.6506741535727,3628.9290656308112,99,1,1,0,data41,lya
8.043285343041486,16.68199381893126,0,1,1,0,data42,baseline
16.076514205472193,31.935142873507093,1,1,1,0,data42,baseline
24.109507734117948,45.84785798898697,2,1,1,0,data42,baseline
32.13887911016443,58.471571246984595,3,1,1,0,data42,baseline
40.167232640634865,70.42470436756253,4,1,1,0,data42,baseline
48.19147921240619,81.35709888276241,5,1,1,0,data42,baseline
56.20619106435129,86.35709888276241,6,1,1,0,data42,baseline
64.23545949235455,100.01700712354805,7,1,1,0,data42,baseline
72.27878195368326,120.49865607125349,8,1,1,0,data42,baseline
80.30826599986223,133.8216009508993,9,1,1,0,data42,baseline
88.3484609838006,151.9971637054092,10,1,1,0,data42,baseline
96.3743422936176,161.5961593552068,11,1,1,0,data42,baseline
152.4049381728323,172.84235013986842,13,1,1,0,data42,baseline
168.42672628106573,182.71485079126762,14,2,1,0,data42,baseline
176.4506372570891,191.79965273459237,15,1,1,0,data42,baseline
184.49159505742438,209.04852292703603,16,1,1,0,data42,baseline
192.5426849506542,232.94314464646584,17,1,1,0,data42,baseline
200.56839634355939,244.60842777168327,18,1,1,0,data42,baseline
208.58609529212183,251.14933649043175,19,1,1,0,data42,baseline
224.62450987518716,269.43332314625167,20,2,1,0,data42,baseline
240.64241501286438,277.2538190493815,21,2,1,0,data42,baseline
248.66500191562557,286.3374909421094,22,1,1,0,data42,baseline
256.70453161670105,303.81246921306786,23,1,1,0,data42,baseline
272.7371835860501,317.98592114030004,24,2,1,0,data42,baseline
361.2523678825412,574.6223131294828,26,5,1,0,data42,baseline
417.3085920673052,599.0700514101158,28,1,1,0,data42,baseline
425.33749774598147,610.6910277390087,29,1,1,0,data42,baseline
433.35849725900096,621.1239650523967,30,1,1,0,data42,baseline
449.3873975380041,633.8487991824588,31,2,1,0,data42,baseline
457.4192194001638,646.7849911165083,32,1,1,0,data42,baseline
482.2257365237219,1047.7567118423663,33,3,1,0,data42,baseline
490.2388459363373,1052.7990229097093,34,1,1,0,data42,baseline
498.27620508850373,1069.9291522438793,35,1,1,0,data42,baseline
506.30373189712117,1082.2227250356796,36,1,1,0,data42,baseline
522.3434586387187,1101.1068400578076,37,2,1,0,data42,baseline
530.3758109184621,1115.8686215020225,38,1,1,0,data42,baseline
546.4141050024491,1133.4620937906113,39,2,1,0,data42,baseline
562.4426521109814,1146.5050847302023,40,2,1,0,data42,baseline
570.4806843141835,1163.6951977173107,41,1,1,0,data42,baseline
666.514661057005,1174.999015560035,43,6,1,0,data42,baseline
674.547938645747,1189.4630431842295,44,1,1,0,data42,baseline
682.578883195781,1202.0319567554639,45,1,1,0,data42,baseline
690.6259911548707,1224.9968657267611,46,1,1,0,data42,baseline
706.6593461003134,1237.827157731711,47,2,1,0,data42,baseline
738.6858012915552,1249.1636967251918,48,4,1,0,data42,baseline
746.7123735613537,1261.272312155371,49,1,1,0,data42,baseline
754.7455449656089,1275.59372524378,50,1,1,0,data42,baseline
762.7730271402614,1286.6262001554169,51,1,1,0,data42,baseline
795.4818908620999,1637.5786255227467,52,4,1,0,data42,baseline
819.5153452048365,1653.3646347982321,53,3,1,0,data42,baseline
827.5500069867378,1667.7872677486134,54,1,1,0,data42,baseline
836.3151763617368,2048.649283919033,55,1,1,0,data42,baseline
860.3446439580821,2062.052508529959,56,3,1,0,data42,baseline
876.3755543261935,2076.029426002571,57,2,1,0,data42,baseline
884.4091431464266,2092.3847347462824,58,1,1,0,data42,baseline
892.4627569869642,2118.6087677763353,59,1,1,0,data42,baseline
908.4857927377342,2129.670758224541,60,2,1,0,data42,baseline
932.5382921797388,2154.288880285267,61,3,1,0,data42,baseline
1036.5767880567203,2167.5919488193763,64,1,1,0,data42,baseline
1085.306470581784,2531.850067876184,65,6,1,0,data42,baseline
1093.346436308741,2550.345529785484,66,1,1,0,data42,baseline
1157.3766400075917,2562.9392891163666,68,2,1,0,data42,baseline
1165.3890515832095,2567.9392891163666,69,1,1,0,data42,baseline
1181.419603745142,2580.839051793229,70,2,1,0,data42,baseline
1189.4555074631141,2596.535072348013,71,1,1,0,data42,baseline
1197.4910215343798,2611.544140403986,72,1,1,0,data42,baseline
1253.5482753241376,2636.2118535511363,74,1,1,0,data42,baseline
1333.5900701921457,2654.0506953899244,76,4,1,0,data42,baseline
1341.6220397668274,2669.7916040468203,77,1,1,0,data42,baseline
1365.669060955066,2690.6537829587814,78,3,1,0,data42,baseline
1421.7135807088032,2709.399311343603,80,1,1,0,data42,baseline
1429.7653725242521,2733.444095488704,81,1,1,0,data42,baseline
1437.803592335349,2749.579016994801,82,1,1,0,data42,baseline
1445.837353956632,2763.2242056839623,83,1,1,0,data42,baseline
1509.8865320268665,2783.9054172695587,85,2,1,0,data42,baseline
1613.9216964234697,2795.5605431329755,88,1,1,0,data42,baseline
1629.9456035895898,2806.220122005953,89,2,1,0,data42,baseline
1670.883914446272,3274.538098891381,90,5,1,0,data42,baseline
1678.905755343234,3283.2011873838196,91,1,1,0,data42,baseline
1686.938004002768,3298.7526852769865,92,1,1,0,data42,baseline
1719.9361898724312,3795.1465190192725,93,4,1,0,data42,baseline
1727.980337358711,3816.297575787494,94,1,1,0,data42,baseline
1736.0014996336547,3824.8414539765067,95,1,1,0,data42,baseline
1752.0518508766395,3847.6160673596896,96,2,1,0,data42,baseline
1792.075121893148,3857.710065683502,97,5,1,0,data42,baseline
1800.104715940652,3866.51891142776,98,1,1,0,data42,baseline
1808.1276556911785,3877.3956547895045,99,1,1,0,data42,baseline
8.043285343041486,16.68199381893126,0,1,1,0,data42,lya
16.076514205472193,31.935142873507093,1,1,1,0,data42,lya
24.109507734117948,45.84785798898697,2,1,1,0,data42,lya
32.13887911016443,58.471571246984595,3,1,1,0,data42,lya
64.16757294616504,69.40396576218448,5,1,1,0,data42,lya
72.18228479811013,74.40396576218448,6,1,1,0,data42,lya
80.2115532261134,88.06387400297012,7,1,1,0,data42,lya
88.25487568744211,108.54552295067558,8,1,1,0,data42,lya
120.29790882780016,126.72108570518547,10,1,1,0,data42,lya
128.32379013761715,136.32008135498305,11,1,1,0,data42,lya
160.35438601683185,147.5662721396447,13,1,1,0,data42,lya
176.3761741250653,157.4387727910439,14,2,1,0,data42,lya
184.40008510108868,166.52357473436865,15,1,1,0,data42,lya
192.44104290142394,183.7724449268123,16,1,1,0,data42,lya
200.49213279465377,207.66706664624212,17,1,1,0,data42,lya
208.51784418755895,219.33234977145955,18,1,1,0,data42,lya
216.5355431361214,225.87325849020803,19,1,1,0,data42,lya
232.57395771918672,244.15724514602792,20,2,1,0,data42,lya
240.59186285686394,251.97774104915777,21,1,1,0,data42,lya
248.61444975962513,261.0614129418857,22,1,1,0,data42,lya
256.6539794607006,278.53639121284414,23,1,1,0,data42,lya
272.68663143004966,292.7098431400763,24,2,1,0,data42,lya
304.6885429425624,292.7098431400763,26,1,0,1,data42,lya
313.63808226258055,767.1845698580026,27,1,1,0,data42,lya
321.6937165807622,791.6323081386356,28,1,1,0,data42,lya
329.7226222594385,803.2532844675286,29,1,1,0,data42,lya
337.74362177245797,813.6862217809165,30,1,1,0,data42,lya
361.7725220514611,826.4110559109787,31,3,1,0,data42,lya
377.8043439136208,839.3472478450282,32,2,1,0,data42,lya
402.6108610371789,1240.3189685708862,33,3,1,0,data42,lya
410.62397044979434,1245.3612796382292,34,1,1,0,data42,lya
426.66132960196074,1262.4914089723993,35,2,1,0,data42,lya
442.6888564105782,1274.7849817641995,36,2,1,0,data42,lya
450.7285831521759,1293.6690967863276,37,1,1,0,data42,lya
458.76093543191917,1308.4308782305425,38,1,1,0,data42,lya
466.79922951590623,1326.0243505191313,39,1,1,0,data42,lya
490.8277766244385,1339.0673414587222,40,3,1,0,data42,lya
514.8658088276405,1356.2574544458307,41,3,1,0,data42,lya
539.6095881482851,1723.6242262241271,42,3,1,0,data42,lya
563.6345191140186,1734.9280440668515,43,3,1,0,data42,lya
571.6677967027606,1749.3920716910459,44,1,1,0,data42,lya
595.6987412527947,1761.9609852622802,45,3,1,0,data42,lya
627.7332743393845,1774.79127726723,47,1,1,0,data42,lya
659.7636287224378,1786.8998926974093,49,1,1,0,data42,lya
667.796800126693,1801.2213057858182,50,1,1,0,data42,lya
675.8242823013455,1812.253780697455,51,1,1,0,data42,lya
707.833123496635,1812.253780697455,53,1,0,1,data42,lya
715.8677852785363,1826.6764136478364,54,1,1,0,data42,lya
723.8712306211945,1826.6764136478364,55,1,0,1,data42,lya
731.9006982175397,1840.0796382587625,56,1,1,0,data42,lya
739.9316085856511,1854.0565557313746,57,1,1,0,data42,lya
747.9651974058842,1870.4118644750858,58,1,1,0,data42,lya
756.0188112464218,1896.6358975051387,59,1,1,0,data42,lya
764.0418469971918,1907.6978879533444,60,1,1,0,data42,lya
772.0943464391964,1932.3160100140708,61,1,1,0,data42,lya
780.1145124490369,1941.398144174348,62,1,1,0,data42,lya
812.1510065844985,1954.7012127084572,64,1,1,0,data42,lya
844.1921385984058,1973.1966746177573,66,1,1,0,data42,lya
860.2312625631929,1991.1961577863124,67,2,1,0,data42,lya
868.2583412635936,2003.7899171171948,68,1,1,0,data42,lya
876.2707528392114,2008.7899171171948,69,1,1,0,data42,lya
884.3013050011439,2021.6896797940572,70,1,1,0,data42,lya
900.3372087191161,2037.3857003488413,71,2,1,0,data42,lya
932.3864977477114,2056.1653767577995,73,1,1,0,data42,lya
940.4375177968456,2080.8330899049497,74,1,1,0,data42,lya
972.4793126648538,2098.671931743738,76,1,1,0,data42,lya
988.5112822395355,2114.4128404006337,77,2,1,0,data42,lya
1004.5583034277741,2135.275019312595,78,2,1,0,data42,lya
1021.3207076824353,2513.5917823295113,79,2,1,0,data42,lya
1029.3594567075452,2532.337310714333,80,1,1,0,data42,lya
1037.4112485229941,2556.382094859434,81,1,1,0,data42,lya
1045.449468334091,2572.5170163655307,82,1,1,0,data42,lya
1061.4832299553739,2586.162205054692,83,2,1,0,data42,lya
1070.4570332656547,3071.3803716584457,84,1,1,0,data42,lya
1102.463410995023,3071.3803716584457,86,1,0,1,data42,lya
1110.4707799574412,3071.3803716584457,87,1,0,1,data42,lya
1118.496646332248,3083.0354975218625,88,1,1,0,data42,lya
1126.4992343406223,3083.0354975218625,89,1,0,1,data42,lya
1134.5009092435337,3083.0354975218625,90,1,0,1,data42,lya
1142.5227501404956,3091.698586014301,91,1,1,0,data42,lya
1150.5238958042432,3091.698586014301,92,1,0,1,data42,lya
1159.5220816739065,3588.092419756587,93,1,1,0,data42,lya
1167.5662291601864,3609.2434765248086,94,1,1,0,data42,lya
1175.570303678752,3609.2434765248086,95,1,0,1,data42,lya
1183.5751056949705,3609.2434765248086,96,1,0,1,data42,lya
1191.5781887148314,3609.2434765248086,97,1,0,1,data42,lya
1199.6077827623355,3618.0523222690667,98,1,1,0,data42,lya
1207.630722512862,3628.9290656308112,99,1,1,0,data42,lya
8.034889665291399,16.68199381893126,0,1,1,0,data43,baseline
16.06710855565354,31.935142873507093,1,1,1,0,data43,baseline
24.098147618767236,45.84785798898697,2,1,1,0,data43,baseline
32.12679879609447,58.471571246984595,3,1,1,0,data43,baseline
40.156944371925036,70.42470436756253,4,1,1,0,data43,baseline
48.18042131308535,81.35709888276241,5,1,1,0,data43,baseline
56.19632844850998,86.35709888276241,6,1,1,0,data43,baseline
64.22635772916598,100.01700712354805,7,1,1,0,data43,baseline
72.27156012937233,120.49865607125349,8,1,1,0,data43,baseline
80.30293508061278,133.8216009508993,9,1,1,0,data43,baseline
88.34627128796616,151.9971637054092,10,1,1,0,data43,baseline
96.37096705584565,161.5961593552068,11,1,1,0,data43,baseline
152.40438575884116,172.84235013986842,13,1,1,0,data43,baseline
168.4254114607803,182.71485079126762,14,2,1,0,data43,baseline
176.4457545548556,191.79965273459237,15,1,1,0,data43,baseline
184.48985826688642,209.04852292703603,16,1,1,0,data43,baseline
192.54188496802183,232.94314464646584,17,1,1,0,data43,baseline
200.57404337694982,244.60842777168327,18,1,1,0,data43,baseline
208.5929568398294,251.14933649043175,19,1,1,0,data43,baseline
224.63006804807412,269.43332314625167,20,2,1,0,data43,baseline
240.65021813856,277.2538190493815,21,2,1,0,data43,baseline
248.6739300906213,286.3374909421094,22,1,1,0,data43,baseline
256.7126621287541,303.81246921306786,23,1,1,0,data43,baseline
272.743781370332,317.98592114030004,24,2,1,0,data43,baseline
361.2610955241483,574.6223131294828,26,5,1,0,data43,baseline
417.3173151947931,599.0700514101158,28,1,1,0,data43,baseline
425.3451040556655,610.6910277390087,29,1,1,0,data43,baseline
433.3719141223404,621.1239650523967,30,1,1,0,data43,baseline
449.3993649303864,633.8487991824588,31,2,1,0,data43,baseline
457.4298307623529,646.7849911165083,32,1,1,0,data43,baseline
482.23607049972463,1047.7567118423663,33,3,1,0,data43,baseline
490.2502640788669,1052.7990229097093,34,1,1,0,data43,baseline
498.28757040034196,1069.9291522438793,35,1,1,0,data43,baseline
506.31341362982903,1082.2227250356796,36,1,1,0,data43,baseline
522.3538020583782,1101.1068400578076,37,2,1,0,data43,baseline
530.3881665917191,1115.8686215020225,38,1,1,0,data43,baseline
546.4253078384666,1133.4620937906113,39,2,1,0,data43,baseline
562.4530564783443,1146.5050847302023,40,2,1,0,data43,baseline
570.4878772722758,1163.6951977173107,41,1,1,0,data43,baseline
666.5210420374547,1174.999015560035,43,6,1,0,data43,baseline
674.5546501865743,1189.4630431842295,44,1,1,0,data43,baseline
682.5837525640229,1202.0319567554639,45,1,1,0,data43,baseline
690.6353921850726,1224.9968657267611,46,1,1,0,data43,baseline
706.6635417208157,1237.827157731711,47,2,1,0,data43,baseline
738.6896838291099,1249.1636967251918,48,4,1,0,data43,baseline
746.7172904274057,1261.272312155371,49,1,1,0,data43,baseline
754.74904425863,1275.59372524378,50,1,1,0,data43,baseline
762.7754235122468,1286.6262001554169,51,1,1,0,data43,baseline
795.4798621505514,1637.5786255227467,52,4,1,0,data43,baseline
819.5132489533133,1653.3646347982321,53,3,1,0,data43,baseline
827.5482099217544,1667.7872677486134,54,1,1,0,data43,baseline
836.3122684115359,2048.649283919033,55,1,1,0,data43,baseline
860.3450088126388,2062.052508529959,56,3,1,0,data43,baseline
876.3757897102311,2076.029426002571,57,2,1,0,data43,baseline
884.4198017122161,2092.3847347462824,58,1,1,0,data43,baseline
892.4725653264699,2118.6087677763353,59,1,1,0,data43,baseline
908.498646551242,2129.670758224541,60,2,1,0,data43,baseline
932.5506680286715,2154.288880285267,61,3,1,0,data43,baseline
1036.5870505668825,2167.5919488193763,64,1,1,0,data43,baseline
1085.3237190903806,2531.850067876184,65,6,1,0,data43,baseline
1093.3659911174705,2550.345529785484,66,1,1,0,data43,baseline
1157.3936394677178,2562.9392891163666,68,2,1,0,data43,baseline
1165.4058769861226,2567.9392891163666,69,1,1,0,data43,baseline
1181.4335606485852,2580.839051793229,70,2,1,0,data43,baseline
1189.467581286386,2596.535072348013,71,1,1,0,data43,baseline
1197.5039412779242,2611.544140403986,72,1,1,0,data43,baseline
1253.5633966402,2636.2118535511363,74,1,1,0,data43,baseline
1333.6084861593497,2654.0506953899244,76,4,1,0,data43,baseline
1341.641205516385,2669.7916040468203,77,1,1,0,data43,baseline
1365.6844418013982,2690.6537829587814,78,3,1,0,data43,baseline
1421.7319303604513,2709.399311343603,80,1,1,0,data43,baseline
1429.781146793202,2733.444095488704,81,1,1,0,data43,baseline
1437.8214379999342,2749.579016994801,82,1,1,0,data43,baseline
1445.8525380849737,2763.2242056839623,83,1,1,0,data43,baseline
1509.9000845732576,2783.9054172695587,85,2,1,0,data43,baseline
1613.9371058518377,2795.5605431329755,88,1,1,0,data43,baseline
1629.960479175357,2806.220122005953,89,2,1,0,data43,baseline
1670.9023572458452,3274.538098891381,90,5,1,0,data43,baseline
1678.9248674783094,3283.2011873838196,91,1,1,0,data43,baseline
1686.9592960642722,3298.7526852769865,92,1,1,0,data43,baseline
1719.9577652014914,3795.1465190192725,93,4,1,0,data43,baseline
1728.0022588082795,3816.297575787494,94,1,1,0,data43,baseline
1736.0270344020623,3824.8414539765067,95,1,1,0,data43,baseline
1752.0751147526234,3847.6160673596896,96,2,1,0,data43,baseline
1792.1005457707854,3857.710065683502,97,5,1,0,data43,baseline
1800.1202718318145,3866.51891142776,98,1,1,0,data43,baseline
1808.1480018778855,3877.3956547895045,99,1,1,0,data43,baseline
8.034889665291399,16.68199381893126,0,1,1,0,data43,lya
16.06710855565354,31.935142873507093,1,1,1,0,data43,lya
24.098147618767236,45.84785798898697,2,1,1,0,data43,lya
32.12679879609447,58.471571246984595,3,1,1,0,data43,lya
64.15651504684419,69.40396576218448,5,1,1,0,data43,lya
72.17242218226883,74.40396576218448,6,1,1,0,data43,lya
80.20245146292483,88.06387400297012,7,1,1,0,data43,lya
88.24765386313118,108.54552295067558,8,1,1,0,data43,lya
120.29571913196571,126.72108570518547,10,1,1,0,data43,lya
128.32041489984522,136.32008135498305,11,1,1,0,data43,lya
160.35383360284072,147.5662721396447,13,1,1,0,data43,lya
176.37485930477987,157.4387727910439,14,2,1,0,data43,lya
184.39520239885516,166.52357473436865,15,1,1,0,data43,lya
192.43930611088598,183.7724449268123,16,1,1,0,data43,lya
200.4913328120214,207.66706664624212,17,1,1,0,data43,lya
208.52349122094938,219.33234977145955,18,1,1,0,data43,lya
216.54240468382898,225.87325849020803,19,1,1,0,data43,lya
232.5795158920737,244.15724514602792,20,2,1,0,data43,lya
240.59966598255957,251.97774104915777,21,1,1,0,data43,lya
248.62337793462086,261.0614129418857,22,1,1,0,data43,lya
256.6621099727537,278.53639121284414,23,1,1,0,data43,lya
272.69322921433155,292.7098431400763,24,2,1,0,data43,lya
304.6972705841695,292.7098431400763,26,1,0,1,data43,lya
313.6481748276158,767.1845698580026,27,1,1,0,data43,lya
321.7024397082501,791.6323081386356,28,1,1,0,data43,lya
329.7302285691225,803.2532844675286,29,1,1,0,data43,lya
337.7570386357974,813.6862217809165,30,1,1,0,data43,lya
361.7844894438434,826.4110559109787,31,3,1,0,data43,lya
377.8149552758099,839.3472478450282,32,2,1,0,data43,lya
402.62119501318165,1240.3189685708862,33,3,1,0,data43,lya
410.6353885923239,1245.3612796382292,34,1,1,0,data43,lya
426.672694913799,1262.4914089723993,35,2,1,0,data43,lya
442.69853814328604,1274.7849817641995,36,2,1,0,data43,lya
450.7389265718352,1293.6690967863276,37,1,1,0,data43,lya
458.77329110517616,1308.4308782305425,38,1,1,0,data43,lya
466.8104323519235,1326.0243505191313,39,1,1,0,data43,lya
490.8381809918012,1339.0673414587222,40,3,1,0,data43,lya
514.8730017857328,1356.2574544458307,41,3,1,0,data43,lya
539.6108274996359,1723.6242262241271,42,3,1,0,data43,lya
563.6409000944682,1734.9280440668515,43,3,1,0,data43,lya
571.6745082435879,1749.3920716910459,44,1,1,0,data43,lya
595.7036106210364,1761.9609852622802,45,3,1,0,data43,lya
627.7374699598867,1774.79127726723,47,1,1,0,data43,lya
659.7685455884897,1786.8998926974093,49,1,1,0,data43,lya
667.800299419714,1801.2213057858182,50,1,1,0,data43,lya
675.8266786733308,1812.253780697455,51,1,1,0,data43,lya
707.8310272451117,1812.253780697455,53,1,0,1,data43,lya
715.8659882135528,1826.6764136478364,54,1,1,0,data43,lya
723.8683226709935,1826.6764136478364,55,1,0,1,data43,lya
731.9010630720963,1840.0796382587625,56,1,1,0,data43,lya
739.9318439696887,1854.0565557313746,57,1,1,0,data43,lya
747.9758559716737,1870.4118644750858,58,1,1,0,data43,lya
756.0286195859275,1896.6358975051387,59,1,1,0,data43,lya
764.0547008106996,1907.6978879533444,60,1,1,0,data43,lya
772.106722288129,1932.3160100140708,61,1,1,0,data43,lya
780.128463143865,1941.398144174348,62,1,1,0,data43,lya
812.1612690946605,1954.7012127084572,64,1,1,0,data43,lya
844.2116934071352,1973.1966746177573,66,1,1,0,data43,lya
860.2487684689061,1991.1961577863124,67,2,1,0,data43,lya
868.2753407237195,2003.7899171171948,68,1,1,0,data43,lya
876.2875782421245,2008.7899171171948,69,1,1,0,data43,lya
884.315261904587,2021.6896797940572,70,1,1,0,data43,lya
900.3492825423879,2037.3857003488413,71,2,1,0,data43,lya
932.3962623666799,2056.1653767577995,73,1,1,0,data43,lya
940.4526391129081,2080.8330899049497,74,1,1,0,data43,lya
972.4977286320579,2098.671931743738,76,1,1,0,data43,lya
988.5304479890933,2114.4128404006337,77,2,1,0,data43,lya
1004.5736842741063,2135.275019312595,78,2,1,0,data43,lya
1021.3343279695646,2513.5917823295113,79,2,1,0,data43,lya
1029.3778063591933,2532.337310714333,80,1,1,0,data43,lya
1037.427022791944,2556.382094859434,81,1,1,0,data43,lya
1045.4673139986762,2572.5170163655307,82,1,1,0,data43,lya
1061.4984140837157,2586.162205054692,83,2,1,0,data43,lya
1070.470415849683,3071.3803716584457,84,1,1,0,data43,lya
1102.4787492889986,3071.3803716584457,86,1,0,1,data43,lya
1110.4850414712284,3071.3803716584457,87,1,0,1,data43,lya
1118.512055760616,3083.0354975218625,88,1,1,0,data43,lya
1126.5141099263894,3083.0354975218625,89,1,0,1,data43,lya
1134.519352043107,3083.0354975218625,90,1,0,1,data43,lya
1142.541862275571,3091.698586014301,91,1,1,0,data43,lya
1150.5451878657475,3091.698586014301,92,1,0,1,data43,lya
1159.5436570029667,3588.092419756587,93,1,1,0,data43,lya
1167.5881506097548,3609.2434765248086,94,1,1,0,data43,lya
1175.5958384471596,3609.2434765248086,95,1,0,1,data43,lya
1183.5983695709544,3609.2434765248086,96,1,0,1,data43,lya
1191.6036125924688,3609.2434765248086,97,1,0,1,data43,lya
1199.623338653498,3618.0523222690667,98,1,1,0,data43,lya
1207.651068699569,3628.9290656308112,99,1,1,0,data43,lya
8.035756503853586,16.68199381893126,0,1,1,0,data44,baseline
16.070797908710105,31.935142873507093,1,1,1,0,data44,baseline
24.103082211151893,45.84785798898697,2,1,1,0,data44,baseline
32.134310907417074,58.471571246984595,3,1,1,0,data44,baseline
40.16087164975814,70.42470436756253,4,1,1,0,data44,baseline
48.185769927485154,81.35709888276241,5,1,1,0,data44,baseline
56.19825140712641,86.35709888276241,6,1,1,0,data44,baseline
64.23118033498501,100.01700712354805,7,1,1,0,data44,baseline
72.27940716852672,120.49865607125349,8,1,1,0,data44,baseline
80.3112338657641,133.8216009508993,9,1,1,0,data44,baseline
88.3547252322153,151.9971637054092,10,1,1,0,data44,baseline
96.37891184742861,161.5961593552068,11,1,1,0,data44,baseline
152.40562256840863,172.84235013986842,13,1,1,0,data44,baseline
168.42860026305058,182.71485079126762,14,2,1,0,data44,baseline
176.4524154915557,191.79965273459237,15,1,1,0,data44,baseline
184.49076796948194,209.04852292703603,16,1,1,0,data44,baseline
192.54169228290607,232.94314464646584,17,1,1,0,data44,baseline
200.56872614418694,244.60842777168327,18,1,1,0,data44,baseline
208.58714713802908,251.14933649043175,19,1,1,0,data44,baseline
224.62634561591685,269.43332314625167,20,2,1,0,data44,baseline
240.6455565753035,277.2538190493815,21,2,1,0,data44,baseline
248.66597417147756,286.3374909421094,22,1,1,0,data44,baseline
256.70220851953786,303.81246921306786,23,1,1,0,data44,baseline
272.73456848174385,317.98592114030004,24,2,1,0,data44,baseline
361.2548691899502,574.6223131294828,26,5,1,0,data44,baseline
417.3083817851207,599.0700514101158,28,1,1,0,data44,baseline
425.33519222390737,610.6910277390087,29,1,1,0,data44,baseline
433.360759494161,621.1239650523967,30,1,1,0,data44,baseline
449.391846464388,633.8487991824588,31,2,1,0,data44,baseline
457.42178555982315,646.7849911165083,32,1,1,0,data44,baseline
482.2268460612815,1047.7567118423663,33,3,1,0,data44,baseline
490.2409794726679,1052.7990229097093,34,1,1,0,data44,baseline
498.2800043997037,1069.9291522438793,35,1,1,0,data44,baseline
506.30889635431214,1082.2227250356796,36,1,1,0,data44,baseline
522.3493794566172,1101.1068400578076,37,2,1,0,data44,baseline
530.3836555366569,1115.8686215020225,38,1,1,0,data44,baseline
546.4210049965253,1133.4620937906113,39,2,1,0,data44,baseline
562.4552248060843,1146.5050847302023,40,2,1,0,data44,baseline
570.4932681696024,1163.6951977173107,41,1,1,0,data44,baseline
666.52261098923,1174.999015560035,43,6,1,0,data44,baseline
674.5539085337165,1189.4630431842295,44,1,1,0,data44,baseline
682.5813273991367,1202.0319567554639,45,1,1,0,data44,baseline
690.6297508065663,1224.9968657267611,46,1,1,0,data44,baseline
706.6588034529403,1237.827157731711,47,2,1,0,data44,baseline
738.6854591585037,1249.1636967251918,48,4,1,0,data44,baseline
746.7126281884007,1261.272312155371,49,1,1,0,data44,baseline
754.7430722440298,1275.59372524378,50,1,1,0,data44,baseline
762.7676352590014,1286.6262001554169,51,1,1,0,data44,baseline
795.4745679157506,1637.5786255227467,52,4,1,0,data44,baseline
819.5122751488574,1653.3646347982321,53,3,1,0,data44,baseline
827.545906870345,1667.7872677486134,54,1,1,0,data44,baseline
836.3130134116519,2048.649283919033,55,1,1,0,data44,baseline
860.3421244686897,2062.052508529959,56,3,1,0,data44,baseline
876.3748882943815,2076.029426002571,57,2,1,0,data44,baseline
884.4103490348593,2092.3847347462824,58,1,1,0,data44,baseline
892.4676810764518,2118.6087677763353,59,1,1,0,data44,baseline
908.4913502533915,2129.670758224541,60,2,1,0,data44,baseline
932.5455078953601,2154.288880285267,61,3,1,0,data44,baseline
1036.5898761011124,2167.5919488193763,64,1,1,0,data44,baseline
1085.322358694029,2531.850067876184,65,6,1,0,data44,baseline
1093.3610328967668,2550.345529785484,66,1,1,0,data44,baseline
1157.3965232366631,2562.9392891163666,68,2,1,0,data44,baseline
1165.4099501595897,2567.9392891163666,69,1,1,0,data44,baseline
1181.4398157719274,2580.839051793229,70,2,1,0,data44,baseline
1189.4740017625363,2596.535072348013,71,1,1,0,data44,baseline
1197.508798654764,2611.544140403986,72,1,1,0,data44,baseline
1253.5608498570907,2636.2118535511363,74,1,1,0,data44,baseline
1333.6060856775894,2654.0506953899244,76,4,1,0,data44,baseline
1341.6453611786999,2669.7916040468203,77,1,1,0,data44,baseline
1365.6892286018624,2690.6537829587814,78,3,1,0,data44,baseline
1421.7421699782644,2709.399311343603,80,1,1,0,data44,baseline
1429.7954038334756,2733.444095488704,81,1,1,0,data44,baseline
1437.83099038754,2749.579016994801,82,1,1,0,data44,baseline
1445.86113928549,2763.2242056839623,83,1,1,0,data44,baseline
1509.907095304843,2783.9054172695587,85,2,1,0,data44,baseline
1613.9473167991202,2795.5605431329755,88,1,1,0,data44,baseline
1629.9735017160447,2806.220122005953,89,2,1,0,data44,baseline
1670.915069703358,3274.538098891381,90,5,1,0,data44,baseline
1678.9350342390496,3283.2011873838196,91,1,1,0,data44,baseline
1686.9732530281622,3298.7526852769865,92,1,1,0,data44,baseline
1719.9681443677464,3795.1465190192725,93,4,1,0,data44,baseline
1728.0118569618144,3816.297575787494,94,1,1,0,data44,baseline
1736.0316835120534,3824.8414539765067,95,1,1,0,data44,baseline
1752.083941464768,3847.6160673596896,96,2,1,0,data44,baseline
1792.1110415235264,3857.710065683502,97,5,1,0,data44,baseline
1800.1305469995982,3866.51891142776,98,1,1,0,data44,baseline
1808.1549058648586,3877.3956547895045,99,1,1,0,data44,baseline
8.035756503853586,16.68199381893126,0,1,1,0,data44,lya
16.070797908710105,31.935142873507093,1,1,1,0,data44,lya
24.103082211151893,45.84785798898697,2,1,1,0,data44,lya
32.134310907417074,58.471571246984595,3,1,1,0,data44,lya
64.161863661244,69.40396576218448,5,1,1,0,data44,lya
72.17434514088526,74.40396576218448,6,1,1,0,data44,lya
80.20727406874387,88.06387400297012,7,1,1,0,data44,lya
88.25550090228558,108.54552295067558,8,1,1,0,data44,lya
120.30417307621487,126.72108570518547,10,1,1,0,data44,lya
128.32835969142818,136.32008135498305,11,1,1,0,data44,lya
160.3550704124082,147.5662721396447,13,1,1,0,data44,lya
176.37804810705015,157.4387727910439,14,2,1,0,data44,lya
184.40186333555528,166.52357473436865,15,1,1,0,data44,lya
192.4402158134815,183.7724449268123,16,1,1,0,data44,lya
200.49114012690563,207.66706664624212,17,1,1,0,data44,lya
208.5181739881865,219.33234977145955,18,1,1,0,data44,lya
216.53659498202865,225.87325849020803,19,1,1,0,data44,lya
232.5757934599164,244.15724514602792,20,2,1,0,data44,lya
240.59500441930305,251.97774104915777,21,1,1,0,data44,lya
248.61542201547712,261.0614129418857,22,1,1,0,data44,lya
256.6516563635374,278.53639121284414,23,1,1,0,data44,lya
272.6840163257434,292.7098431400763,24,2,1,0,data44,lya
304.6910442499714,292.7098431400763,26,1,0,1,data44,lya
313.6420149162838,767.1845698580026,27,1,1,0,data44,lya
321.6935062985777,791.6323081386356,28,1,1,0,data44,lya
329.7203167373644,803.2532844675286,29,1,1,0,data44,lya
337.74588400761803,813.6862217809165,30,1,1,0,data44,lya
361.776970977845,826.4110559109787,31,3,1,0,data44,lya
377.80691007328016,839.3472478450282,32,2,1,0,data44,lya
402.6119705747385,1240.3189685708862,33,3,1,0,data44,lya
410.6261039861249,1245.3612796382292,34,1,1,0,data44,lya
426.66512891316074,1262.4914089723993,35,2,1,0,data44,lya
442.69402086776915,1274.7849817641995,36,2,1,0,data44,lya
450.73450397007423,1293.6690967863276,37,1,1,0,data44,lya
458.76878005011383,1308.4308782305425,38,1,1,0,data44,lya
466.80612950998227,1326.0243505191313,39,1,1,0,data44,lya
490.8403493195413,1339.0673414587222,40,3,1,0,data44,lya
514.8783926830594,1356.2574544458307,41,3,1,0,data44,lya
539.6162822825379,1723.6242262241271,42,3,1,0,data44,lya
563.6424690462435,1734.9280440668515,43,3,1,0,data44,lya
571.67376659073,1749.3920716910459,44,1,1,0,data44,lya
595.7011854561503,1761.9609852622802,45,3,1,0,data44,lya
627.7327316920113,1774.79127726723,47,1,1,0,data44,lya
659.7638833494847,1786.8998926974093,49,1,1,0,data44,lya
667.7943274051138,1801.2213057858182,50,1,1,0,data44,lya
675.8188904200854,1812.253780697455,51,1,1,0,data44,lya
707.8300534406558,1812.253780697455,53,1,0,1,data44,lya
715.8636851621434,1826.6764136478364,54,1,1,0,data44,lya
723.8690676711095,1826.6764136478364,55,1,0,1,data44,lya
731.8981787281473,1840.0796382587625,56,1,1,0,data44,lya
739.9309425538391,1854.0565557313746,57,1,1,0,data44,lya
747.9664032943169,1870.4118644750858,58,1,1,0,data44,lya
756.0237353359094,1896.6358975051387,59,1,1,0,data44,lya
764.0474045128491,1907.6978879533444,60,1,1,0,data44,lya
772.1015621548177,1932.3160100140708,61,1,1,0,data44,lya
780.1228145225962,1941.398144174348,62,1,1,0,data44,lya
812.1640946288904,1954.7012127084572,64,1,1,0,data44,lya
844.2067351864312,1973.1966746177573,66,1,1,0,data44,lya
860.2456337212991,1991.1961577863124,67,2,1,0,data44,lya
868.2782244926643,2003.7899171171948,68,1,1,0,data44,lya
876.2916514155909,2008.7899171171948,69,1,1,0,data44,lya
884.3215170279287,2021.6896797940572,70,1,1,0,data44,lya
900.3557030185377,2037.3857003488413,71,2,1,0,data44,lya
932.3998235102198,2056.1653767577995,73,1,1,0,data44,lya
940.450092329798,2080.8330899049497,74,1,1,0,data44,lya
972.4953281502969,2098.671931743738,76,1,1,0,data44,lya
988.5346036514076,2114.4128404006337,77,2,1,0,data44,lya
1004.57847107457,2135.275019312595,78,2,1,0,data44,lya
1021.3413333314121,2513.5917823295113,79,2,1,0,data44,lya
1029.388045977006,2532.337310714333,80,1,1,0,data44,lya
1037.441279832217,2556.382094859434,81,1,1,0,data44,lya
1045.4768663862815,2572.5170163655307,82,1,1,0,data44,lya
1061.5070152842316,2586.162205054692,83,2,1,0,data44,lya
1070.4800379577323,3071.3803716584457,84,1,1,0,data44,lya
1102.484560347399,3071.3803716584457,86,1,0,1,data44,lya
1110.49319979264,3071.3803716584457,87,1,0,1,data44,lya
1118.522266707898,3083.0354975218625,88,1,1,0,data44,lya
1126.5271324670766,3083.0354975218625,89,1,0,1,data44,lya
1134.5320645006193,3083.0354975218625,90,1,0,1,data44,lya
1142.5520290363108,3091.698586014301,91,1,1,0,data44,lya
1150.559144829637,3091.698586014301,92,1,0,1,data44,lya
1159.5540361692213,3588.092419756587,93,1,1,0,data44,lya
1167.5977487632892,3609.2434765248086,94,1,1,0,data44,lya
1175.6004875571502,3609.2434765248086,95,1,0,1,data44,lya
1183.6071962830986,3609.2434765248086,96,1,0,1,data44,lya
1191.6141083452094,3609.2434765248086,97,1,0,1,data44,lya
1199.6336138212812,3618.0523222690667,98,1,1,0,data44,lya
1207.6579726865416,3628.9290656308112,99,1,1,0,data44,lya
8.036371822822842,16.68199381893126,0,1,1,0,data45,baseline
16.07132569321415,31.935142873507093,1,1,1,0,data45,baseline
24.101601611336328,45.84785798898697,2,1,1,0,data45,baseline
32.1315495531403,58.471571246984595,3,1,1,0,data45,baseline
40.15885879385829,70.42470436756253,4,1,1,0,data45,baseline
48.18343086442235,81.35709888276241,5,1,1,0,data45,baseline
56.19392417893916,86.35709888276241,6,1,1,0,data45,baseline
64.22446974707344,100.01700712354805,7,1,1,0,data45,baseline
72.26575293054606,120.49865607125349,8,1,1,0,data45,baseline
80.29521456758494,133.8216009508993,9,1,1,0,data45,baseline
88.34308816118644,151.9971637054092,10,1,1,0,data45,baseline
96.36525871337902,161.5961593552068,11,1,1,0,data45,baseline
152.40202765821067,172.84235013986842,13,1,1,0,data45,baseline
168.4278497555848,182.71485079126762,14,2,1,0,data45,baseline
176.45286692654196,191.79965273459237,15,1,1,0,data45,baseline
184.49017240465542,209.04852292703603,16,1,1,0,data45,baseline
192.54465333671564,232.94314464646584,17,1,1,0,data45,baseline
200.5694637102677,244.60842777168327,18,1,1,0,data45,baseline
208.58884771562788,251.14933649043175,19,1,1,0,data45,baseline
224.63337240585997,269.43332314625167,20,2,1,0,data45,baseline
240.65182595740117,277.2538190493815,21,2,1,0,data45,baseline
248.6799082761716,286.3374909421094,22,1,1,0,data45,baseline
256.71838733906816,303.81246921306786,23,1,1,0,data45,baseline
272.74842946581134,317.98592114030004,24,2,1,0,data45,baseline
361.26807177152546,574.6223131294828,26,5,1,0,data45,baseline
417.3259188397714,599.0700514101158,28,1,1,0,data45,baseline
425.3534877319218,610.6910277390087,29,1,1,0,data45,baseline
433.38334521407074,621.1239650523967,30,1,1,0,data45,baseline
449.4105839345443,633.8487991824588,31,2,1,0,data45,baseline
457.4384604305213,646.7849911165083,32,1,1,0,data45,baseline
482.24782361316056,1047.7567118423663,33,3,1,0,data45,baseline
490.2589903481879,1052.7990229097093,34,1,1,0,data45,baseline
498.29684952643095,1069.9291522438793,35,1,1,0,data45,baseline
506.32283995136845,1082.2227250356796,36,1,1,0,data45,baseline
522.3648537712023,1101.1068400578076,37,2,1,0,data45,baseline
530.3990457966263,1115.8686215020225,38,1,1,0,data45,baseline
546.4382831009906,1133.4620937906113,39,2,1,0,data45,baseline
562.4696889713146,1146.5050847302023,40,2,1,0,data45,baseline
570.5108551171876,1163.6951977173107,41,1,1,0,data45,baseline
666.5382315787986,1174.999015560035,43,6,1,0,data45,baseline
674.5693732901188,1189.4630431842295,44,1,1,0,data45,baseline
682.5996300026057,1202.0319567554639,45,1,1,0,data45,baseline
690.6483566461891,1224.9968657267611,46,1,1,0,data45,baseline
706.6775151827347,1237.827157731711,47,2,1,0,data45,baseline
738.7023995055125,1249.1636967251918,48,4,1,0,data45,baseline
746.7290296793404,1261.272312155371,49,1,1,0,data45,baseline
754.7618904157397,1275.59372524378,50,1,1,0,data45,baseline
762.7868664684279,1286.6262001554169,51,1,1,0,data45,baseline
795.4914429427934,1637.5786255227467,52,4,1,0,data45,baseline
819.5262642980497,1653.3646347982321,53,3,1,0,data45,baseline
827.5575886018979,1667.7872677486134,54,1,1,0,data45,baseline
836.3250763327989,2048.649283919033,55,1,1,0,data45,baseline
860.3560159133017,2062.052508529959,56,3,1,0,data45,baseline
876.384893725238,2076.029426002571,57,2,1,0,data45,baseline
884.4215278954003,2092.3847347462824,58,1,1,0,data45,baseline
892.4787640493132,2118.6087677763353,59,1,1,0,data45,baseline
908.5064758180764,2129.670758224541,60,2,1,0,data45,baseline
932.5606312993747,2154.288880285267,61,3,1,0,data45,baseline
1036.5990445280713,2167.5919488193763,64,1,1,0,data45,baseline
1085.3306032979044,2531.850067876184,65,6,1,0,data45,baseline
1093.373517480178,2550.345529785484,66,1,1,0,data45,baseline
1157.4036069522547,2562.9392891163666,68,2,1,0,data45,baseline
1165.4172043414449,2567.9392891163666,69,1,1,0,data45,baseline
1181.4494899729618,2580.839051793229,70,2,1,0,data45,baseline
1189.4847734300645,2596.535072348013,71,1,1,0,data45,baseline
1197.5156248189367,2611.544140403986,72,1,1,0,data45,baseline
1253.5721070698828,2636.2118535511363,74,1,1,0,data45,baseline
1333.6171157862177,2654.0506953899244,76,4,1,0,data45,baseline
1341.6520021163178,2669.7916040468203,77,1,1,0,data45,baseline
1365.6969866840295,2690.6537829587814,78,3,1,0,data45,baseline
1421.7435352268612,2709.399311343603,80,1,1,0,data45,baseline
1429.7967796852543,2733.444095488704,81,1,1,0,data45,baseline
1437.8302441777266,2749.579016994801,82,1,1,0,data45,baseline
1445.862995042837,2763.2242056839623,83,1,1,0,data45,baseline
1509.9161656340693,2783.9054172695587,85,2,1,0,data45,baseline
1613.9493296453716,2795.5605431329755,88,1,1,0,data45,baseline
1629.9725372612352,2806.220122005953,89,2,1,0,data45,baseline
1670.9135262241666,3274.538098891381,90,5,1,0,data45,baseline
1678.9338215349078,3283.2011873838196,91,1,1,0,data45,baseline
1686.9654011028344,3298.7526852769865,92,1,1,0,data45,baseline
1719.9620375141353,3795.1465190192725,93,4,1,0,data45,baseline
1728.0076837160561,3816.297575787494,94,1,1,0,data45,baseline
1736.0293250658024,3824.8414539765067,95,1,1,0,data45,baseline
1752.0794577015936,3847.6160673596896,96,2,1,0,data45,baseline
1792.1029942068512,3857.710065683502,97,5,1,0,data45,baseline
1800.1238343050852,3866.51891142776,98,1,1,0,data45,baseline
1808.1463547396313,3877.3956547895045,99,1,1,0,data45,baseline
8.036371822822842,16.68199381893126,0,1,1,0,data45,lya
16.07132569321415,31.935142873507093,1,1,1,0,data45,lya
24.101601611336328,45.84785798898697,2,1,1,0,data45,lya
32.1315495531403,58.471571246984595,3,1,1,0,data45,lya
64.15952459818119,69.40396576218448,5,1,1,0,data45,lya
72.17001791269801,74.40396576218448,6,1,1,0,data45,lya
80.2005634808323,88.06387400297012,7,1,1,0,data45,lya
88.24184666430492,108.54552295067558,8,1,1,0,data45,lya
120.29253600518601,126.72108570518547,10,1,1,0,data45,lya
128.3147065573786,136.32008135498305,11,1,1,0,data45,lya
160.35147550221026,147.5662721396447,13,1,1,0,data45,lya
176.37729759958438,157.4387727910439,14,2,1,0,data45,lya
184.40231477054155,166.52357473436865,15,1,1,0,data45,lya
192.43962024865502,183.7724449268123,16,1,1,0,data45,lya
200.49410118071523,207.66706664624212,17,1,1,0,data45,lya
208.5189115542673,219.33234977145955,18,1,1,0,data45,lya
216.53829555962747,225.87325849020803,19,1,1,0,data45,lya
232.58282024985957,244.15724514602792,20,2,1,0,data45,lya
240.60127380140077,251.97774104915777,21,1,1,0,data45,lya
248.6293561201712,261.0614129418857,22,1,1,0,data45,lya
256.6678351830678,278.53639121284414,23,1,1,0,data45,lya
272.69787730981096,292.7098431400763,24,2,1,0,data45,lya
304.7042468315467,292.7098431400763,26,1,0,1,data45,lya
313.657341026403,767.1845698580026,27,1,1,0,data45,lya
321.7110433532285,791.6323081386356,28,1,1,0,data45,lya
329.7386122453789,803.2532844675286,29,1,1,0,data45,lya
337.7684697275278,813.6862217809165,30,1,1,0,data45,lya
361.7957084480014,826.4110559109787,31,3,1,0,data45,lya
377.82358494397835,839.3472478450282,32,2,1,0,data45,lya
402.63294812661763,1240.3189685708862,33,3,1,0,data45,lya
410.644114861645,1245.3612796382292,34,1,1,0,data45,lya
426.681974039888,1262.4914089723993,35,2,1,0,data45,lya
442.7079644648255,1274.7849817641995,36,2,1,0,data45,lya
450.7499782846595,1293.6690967863276,37,1,1,0,data45,lya
458.78417031008337,1308.4308782305425,38,1,1,0,data45,lya
466.82340761444766,1326.0243505191313,39,1,1,0,data45,lya
490.8548134847716,1339.0673414587222,40,3,1,0,data45,lya
514.8959796306447,1356.2574544458307,41,3,1,0,data45,lya
539.6311983273936,1723.6242262241271,42,3,1,0,data45,lya
563.6580896358122,1734.9280440668515,43,3,1,0,data45,lya
571.6892313471325,1749.3920716910459,44,1,1,0,data45,lya
595.7194880596194,1761.9609852622802,45,3,1,0,data45,lya
627.7514434218058,1774.79127726723,47,1,1,0,data45,lya
659.7802848404245,1786.8998926974093,49,1,1,0,data45,lya
667.8131455768238,1801.2213057858182,50,1,1,0,data45,lya
675.838121629512,1812.253780697455,51,1,1,0,data45,lya
707.8440425898482,1812.253780697455,53,1,0,1,data45,lya
715.8753668936964,1826.6764136478364,54,1,1,0,data45,lya
723.8811305922566,1826.6764136478364,55,1,0,1,data45,lya
731.9120701727593,1840.0796382587625,56,1,1,0,data45,lya
739.9409479846956,1854.0565557313746,57,1,1,0,data45,lya
747.9775821548579,1870.4118644750858,58,1,1,0,data45,lya
756.0348183087708,1896.6358975051387,59,1,1,0,data45,lya
764.062530077534,1907.6978879533444,60,1,1,0,data45,lya
772.1166855588323,1932.3160100140708,61,1,1,0,data45,lya
780.137926809511,1941.398144174348,62,1,1,0,data45,lya
812.1732630558495,1954.7012127084572,64,1,1,0,data45,lya
844.2192197698425,1973.1966746177573,66,1,1,0,data45,lya
860.2591064823574,1991.1961577863124,67,2,1,0,data45,lya
868.2853082082563,2003.7899171171948,68,1,1,0,data45,lya
876.2989055974464,2008.7899171171948,69,1,1,0,data45,lya
884.3311912289635,2021.6896797940572,70,1,1,0,data45,lya
900.3664746860663,2037.3857003488413,71,2,1,0,data45,lya
932.4072702907133,2056.1653767577995,73,1,1,0,data45,lya
940.4613495425907,2080.8330899049497,74,1,1,0,data45,lya
972.5063582589257,2098.671931743738,76,1,1,0,data45,lya
988.5412445890258,2114.4128404006337,77,2,1,0,data45,lya
1004.5862291567375,2135.275019312595,78,2,1,0,data45,lya
1021.3494691403632,2513.5917823295113,79,2,1,0,data45,lya
1029.3894112256032,2532.337310714333,80,1,1,0,data45,lya
1037.4426556839962,2556.382094859434,81,1,1,0,data45,lya
1045.4761201764686,2572.5170163655307,82,1,1,0,data45,lya
1061.508871041579,2586.162205054692,83,2,1,0,data45,lya
1070.4831392728502,3071.3803716584457,84,1,1,0,data45,lya
1102.4929737445173,3071.3803716584457,86,1,0,1,data45,lya
1110.4940884696,3071.3803716584457,87,1,0,1,data45,lya
1118.5242795541499,3083.0354975218625,88,1,1,0,data45,lya
1126.5261680122676,3083.0354975218625,89,1,0,1,data45,lya
1134.5305210214283,3083.0354975218625,90,1,0,1,data45,lya
1142.5508163321695,3091.698586014301,91,1,1,0,data45,lya
1150.5512929043098,3091.698586014301,92,1,0,1,data45,lya
1159.5479293156106,3588.092419756587,93,1,1,0,data45,lya
1167.5935755175315,3609.2434765248086,94,1,1,0,data45,lya
1175.5981291108997,3609.2434765248086,95,1,0,1,data45,lya
1183.6027125199246,3609.2434765248086,96,1,0,1,data45,lya
1191.6060610285347,3609.2434765248086,97,1,0,1,data45,lya
1199.6269011267686,3618.0523222690667,98,1,1,0,data45,lya
1207.6494215613147,3628.9290656308112,99,1,1,0,data45,lya
8.041552329958504,16.68199381893126,0,1,1,0,data46,baseline
16.079221750365928,31.935142873507093,1,1,1,0,data46,baseline
24.11218038362278,45.84785798898697,2,1,1,0,data46,baseline
32.14236493058621,58.471571246984595,3,1,1,0,data46,baseline
40.16782768758866,70.42470436756253,4,1,1,0,data46,baseline
48.19514949970244,81.35709888276241,5,1,1,0,data46,baseline
56.21107092083528,86.35709888276241,6,1,1,0,data46,baseline
64.24183253152809,100.01700712354805,7,1,1,0,data46,baseline
72.28928389499384,120.49865607125349,8,1,1,0,data46,baseline
80.32005769088094,133.8216009508993,9,1,1,0,data46,baseline
88.35772931507796,151.9971637054092,10,1,1,0,data46,baseline
96.38199103293539,161.5961593552068,11,1,1,0,data46,baseline
152.41321333308153,172.84235013986842,13,1,1,0,data46,baseline
168.43708663173857,182.71485079126762,14,2,1,0,data46,baseline
176.4614814752618,191.79965273459237,15,1,1,0,data46,baseline
184.49987109476737,209.04852292703603,16,1,1,0,data46,baseline
192.55012207070845,232.94314464646584,17,1,1,0,data46,baseline
200.58005894739455,244.60842777168327,18,1,1,0,data46,baseline
208.6003324330879,251.14933649043175,19,1,1,0,data46,baseline
224.64297542078327,269.43332314625167,20,2,1,0,data46,baseline
240.6606581356223,277.2538190493815,21,2,1,0,data46,baseline
248.6845094569906,286.3374909421094,22,1,1,0,data46,baseline
256.72314449689253,303.81246921306786,23,1,1,0,data46,baseline
272.75349336468526,317.98592114030004,24,2,1,0,data46,baseline
361.27650198201695,574.6223131294828,26,5,1,0,data46,baseline
417.33745049513817,599.0700514101158,28,1,1,0,data46,baseline
425.36324204194796,610.6910277390087,29,1,1,0,data46,baseline
433.39318608975236,621.1239650523967,30,1,1,0,data46,baseline
449.4232714153297,633.8487991824588,31,2,1,0,data46,baseline
457.4507419496702,646.7849911165083,32,1,1,0,data46,baseline
482.2536797354851,1047.7567118423663,33,3,1,0,data46,baseline
490.2657670875267,1052.7990229097093,34,1,1,0,data46,baseline
498.3035889313677,1069.9291522438793,35,1,1,0,data46,baseline
506.3328385486491,1082.2227250356796,36,1,1,0,data46,baseline
522.3760576804981,1101.1068400578076,37,2,1,0,data46,baseline
530.4061512924656,1115.8686215020225,38,1,1,0,data46,baseline
546.4477864640196,1133.4620937906113,39,2,1,0,data46,baseline
562.4750830342733,1146.5050847302023,40,2,1,0,data46,baseline
570.5145626038477,1163.6951977173107,41,1,1,0,data46,baseline
666.5391246417491,1174.999015560035,43,6,1,0,data46,baseline
674.5690384275349,1189.4630431842295,44,1,1,0,data46,baseline
682.5953837316544,1202.0319567554639,45,1,1,0,data46,baseline
690.6439307704454,1224.9968657267611,46,1,1,0,data46,baseline
706.6716302917404,1237.827157731711,47,2,1,0,data46,baseline
738.69738720001,1249.1636967251918,48,4,1,0,data46,baseline
746.7236754750159,1261.272312155371,49,1,1,0,data46,baseline
754.7552461550525,1275.59372524378,50,1,1,0,data46,baseline
762.7832605198624,1286.6262001554169,51,1,1,0,data46,baseline
795.4895596132087,1637.5786255227467,52,4,1,0,data46,baseline
819.5237836851566,1653.3646347982321,53,3,1,0,data46,baseline
827.5537566815792,1667.7872677486134,54,1,1,0,data46,baseline
836.3178511151782,2048.649283919033,55,1,1,0,data46,baseline
860.3471644269098,2062.052508529959,56,3,1,0,data46,baseline
876.3805213736645,2076.029426002571,57,2,1,0,data46,baseline
884.4181362812335,2092.3847347462824,58,1,1,0,data46,baseline
892.4725769631673,2118.6087677763353,59,1,1,0,data46,baseline
908.494753402428,2129.670758224541,60,2,1,0,data46,baseline
932.5461619319318,2154.288880285267,61,3,1,0,data46,baseline
1036.5833550896884,2167.5919488193763,64,1,1,0,data46,baseline
1085.3180808030718,2531.850067876184,65,6,1,0,data46,baseline
1093.358639525296,2550.345529785484,66,1,1,0,data46,baseline
1157.3926293742386,2562.9392891163666,68,2,1,0,data46,baseline
1165.4054769437255,2567.9392891163666,69,1,1,0,data46,baseline
1181.4321844831222,2580.839051793229,70,2,1,0,data46,baseline
1189.4644325263346,2596.535072348013,71,1,1,0,data46,baseline
1197.4970134465502,2611.544140403986,72,1,1,0,data46,baseline
1253.5553899614872,2636.2118535511363,74,1,1,0,data46,baseline
1333.598743086737,2654.0506953899244,76,4,1,0,data46,baseline
1341.6305287302223,2669.7916040468203,77,1,1,0,data46,baseline
1365.6751874243682,2690.6537829587814,78,3,1,0,data46,baseline
1421.7209737421447,2709.399311343603,80,1,1,0,data46,baseline
1429.7727397066883,2733.444095488704,81,1,1,0,data46,baseline
1437.8112841261457,2749.579016994801,82,1,1,0,data46,baseline
1445.8407810010362,2763.2242056839623,83,1,1,0,data46,baseline
1509.8880815840494,2783.9054172695587,85,2,1,0,data46,baseline
1613.9202649227668,2795.5605431329755,88,1,1,0,data46,baseline
1629.9482436515696,2806.220122005953,89,2,1,0,data46,baseline
1670.8893520054353,3274.538098891381,90,5,1,0,data46,baseline
1678.9131567135548,3283.2011873838196,91,1,1,0,data46,baseline
1686.957368020922,3298.7526852769865,92,1,1,0,data46,baseline
1719.9540471851124,3795.1465190192725,93,4,1,0,data46,baseline
1727.9970057491134,3816.297575787494,94,1,1,0,data46,baseline
1736.0228390936559,3824.8414539765067,95,1,1,0,data46,baseline
1752.0718027202324,3847.6160673596896,96,2,1,0,data46,baseline
1792.0980205110995,3857.710065683502,97,5,1,0,data46,baseline
1800.117075614169,3866.51891142776,98,1,1,0,data46,baseline
1808.1417898119632,3877.3956547895045,99,1,1,0,data46,baseline
8.041552329958504,16.68199381893126,0,1,1,0,data46,lya
16.079221750365928,31.935142873507093,1,1,1,0,data46,lya
24.11218038362278,45.84785798898697,2,1,1,0,data46,lya
32.14236493058621,58.471571246984595,3,1,1,0,data46,lya
64.17124323346128,69.40396576218448,5,1,1,0,data46,lya
72.18716465459413,74.40396576218448,6,1,1,0,data46,lya
80.21792626528693,88.06387400297012,7,1,1,0,data46,lya
88.26537762875269,108.54552295067558,8,1,1,0,data46,lya
120.30717715907751,126.72108570518547,10,1,1,0,data46,lya
128.33143887693495,136.32008135498305,11,1,1,0,data46,lya
160.3626611770811,147.5662721396447,13,1,1,0,data46,lya
176.38653447573813,157.4387727910439,14,2,1,0,data46,lya
184.41092931926136,166.52357473436865,15,1,1,0,data46,lya
192.44931893876694,183.7724449268123,16,1,1,0,data46,lya
200.49956991470802,207.66706664624212,17,1,1,0,data46,lya
208.5295067913941,219.33234977145955,18,1,1,0,data46,lya
216.54978027708748,225.87325849020803,19,1,1,0,data46,lya
232.59242326478284,244.15724514602792,20,2,1,0,data46,lya
240.61010597962186,251.97774104915777,21,1,1,0,data46,lya
248.63395730099018,261.0614129418857,22,1,1,0,data46,lya
256.6725923408921,278.53639121284414,23,1,1,0,data46,lya
272.7029412086848,292.7098431400763,24,2,1,0,data46,lya
304.71267704203814,292.7098431400763,26,1,0,1,data46,lya
313.6693901098246,767.1845698580026,27,1,1,0,data46,lya
321.7225750085952,791.6323081386356,28,1,1,0,data46,lya
329.74836655540497,803.2532844675286,29,1,1,0,data46,lya
337.7783106032094,813.6862217809165,30,1,1,0,data46,lya
361.8083959287867,826.4110559109787,31,3,1,0,data46,lya
377.8358664631272,839.3472478450282,32,2,1,0,data46,lya
402.6388042489421,1240.3189685708862,33,3,1,0,data46,lya
410.6508916009837,1245.3612796382292,34,1,1,0,data46,lya
426.6887134448247,1262.4914089723993,35,2,1,0,data46,lya
442.7179630621061,1274.7849817641995,36,2,1,0,data46,lya
450.7611821939551,1293.6690967863276,37,1,1,0,data46,lya
458.79127580592257,1308.4308782305425,38,1,1,0,data46,lya
466.83291097747656,1326.0243505191313,39,1,1,0,data46,lya
490.8602075477303,1339.0673414587222,40,3,1,0,data46,lya
514.8996871173047,1356.2574544458307,41,3,1,0,data46,lya
539.6348114387937,1723.6242262241271,42,3,1,0,data46,lya
563.6589826987627,1734.9280440668515,43,3,1,0,data46,lya
571.6888964845484,1749.3920716910459,44,1,1,0,data46,lya
595.7152417886679,1761.9609852622802,45,3,1,0,data46,lya
627.7455585308113,1774.79127726723,47,1,1,0,data46,lya
659.7749306360998,1786.8998926974093,49,1,1,0,data46,lya
667.8065013161365,1801.2213057858182,50,1,1,0,data46,lya
675.8345156809464,1812.253780697455,51,1,1,0,data46,lya
707.841561976955,1812.253780697455,53,1,0,1,data46,lya
715.8715349733776,1826.6764136478364,54,1,1,0,data46,lya
723.8739053746358,1826.6764136478364,55,1,0,1,data46,lya
731.9032186863674,1840.0796382587625,56,1,1,0,data46,lya
739.9365756331221,1854.0565557313746,57,1,1,0,data46,lya
747.9741905406911,1870.4118644750858,58,1,1,0,data46,lya
756.0286312226249,1896.6358975051387,59,1,1,0,data46,lya
764.0508076618856,1907.6978879533444,60,1,1,0,data46,lya
772.1022161913894,1932.3160100140708,61,1,1,0,data46,lya
780.1216586548848,1941.398144174348,62,1,1,0,data46,lya
812.1575736174665,1954.7012127084572,64,1,1,0,data46,lya
844.2043418149603,1973.1966746177573,66,1,1,0,data46,lya
860.2447212561008,1991.1961577863124,67,2,1,0,data46,lya
868.2743306302398,2003.7899171171948,68,1,1,0,data46,lya
876.2871781997267,2008.7899171171948,69,1,1,0,data46,lya
884.3138857391235,2021.6896797940572,70,1,1,0,data46,lya
900.3461337823359,2037.3857003488413,71,2,1,0,data46,lya
932.3893802438346,2056.1653767577995,73,1,1,0,data46,lya
940.4446324341949,2080.8330899049497,74,1,1,0,data46,lya
972.4879855594447,2098.671931743738,76,1,1,0,data46,lya
988.51977120293,2114.4128404006337,77,2,1,0,data46,lya
1004.5644298970758,2135.275019312595,78,2,1,0,data46,lya
1021.3274296173466,2513.5917823295113,79,2,1,0,data46,lya
1029.3668497408862,2532.337310714333,80,1,1,0,data46,lya
1037.4186157054298,2556.382094859434,81,1,1,0,data46,lya
1045.4571601248872,2572.5170163655307,82,1,1,0,data46,lya
1061.4866569997778,2586.162205054692,83,2,1,0,data46,lya
1070.4606722398087,3071.3803716584457,84,1,1,0,data46,lya
1102.4651332747403,3071.3803716584457,86,1,0,1,data46,lya
1110.4698912416434,3071.3803716584457,87,1,0,1,data46,lya
1118.4952148315447,3083.0354975218625,88,1,1,0,data46,lya
1126.5018744026015,3083.0354975218625,89,1,0,1,data46,lya
1134.5063468026965,3083.0354975218625,90,1,0,1,data46,lya
1142.530151510816,3091.698586014301,91,1,1,0,data46,lya
1150.543259822397,3091.698586014301,92,1,0,1,data46,lya
1159.5399389865872,3588.092419756587,93,1,1,0,data46,lya
1167.5828975505883,3609.2434765248086,94,1,1,0,data46,lya
1175.5916431387527,3609.2434765248086,95,1,0,1,data46,lya
1183.595057538563,3609.2434765248086,96,1,0,1,data46,lya
1191.6010873327825,3609.2434765248086,97,1,0,1,data46,lya
1199.620142435852,3618.0523222690667,98,1,1,0,data46,lya
1207.6448566336462,3628.9290656308112,99,1,1,0,data46,lya
8.040221238202047,16.68199381893126,0,1,1,0,data47,baseline
16.075245637296405,31.935142873507093,1,1,1,0,data47,baseline
24.106733288734503,45.84785798898697,2,1,1,0,data47,baseline
32.13798565297228,58.471571246984595,3,1,1,0,data47,baseline
40.16670532935854,70.42470436756253,4,1,1,0,data47,baseline
48.19172030682299,81.35709888276241,5,1,1,0,data47,baseline
56.20591292393912,86.35709888276241,6,1,1,0,data47,baseline
64.23663688853915,100.01700712354805,7,1,1,0,data47,baseline
72.28307353975406,120.49865607125349,8,1,1,0,data47,baseline
80.31814407236647,133.8216009508993,9,1,1,0,data47,baseline
88.35683246267487,151.9971637054092,10,1,1,0,data47,baseline
96.37819262574608,161.5961593552068,11,1,1,0,data47,baseline
152.41029518311754,172.84235013986842,13,1,1,0,data47,baseline
168.432271707598,182.71485079126762,14,2,1,0,data47,baseline
176.45522777918146,191.79965273459237,15,1,1,0,data47,baseline
184.4914498890975,209.04852292703603,16,1,1,0,data47,baseline
192.54449625549123,232.94314464646584,17,1,1,0,data47,baseline
200.58083552560194,244.60842777168327,18,1,1,0,data47,baseline
208.5985040550666,251.14933649043175,19,1,1,0,data47,baseline
224.63950804758835,269.43332314625167,20,2,1,0,data47,baseline
240.6581792560618,277.2538190493815,21,2,1,0,data47,baseline
248.6783750494473,286.3374909421094,22,1,1,0,data47,baseline
256.7155505140217,303.81246921306786,23,1,1,0,data47,baseline
272.7517371865628,317.98592114030004,24,2,1,0,data47,baseline
361.27122022819844,574.6223131294828,26,5,1,0,data47,baseline
417.32317506467973,599.0700514101158,28,1,1,0,data47,baseline
425.35055894589226,610.6910277390087,29,1,1,0,data47,baseline
433.37396922839713,621.1239650523967,30,1,1,0,data47,baseline
449.40727999887406,633.8487991824588,31,2,1,0,data47,baseline
457.4366276023014,646.7849911165083,32,1,1,0,data47,baseline
482.24109009131223,1047.7567118423663,33,3,1,0,data47,baseline
490.2552288852693,1052.7990229097093,34,1,1,0,data47,baseline
498.2917696097727,1069.9291522438793,35,1,1,0,data47,baseline
506.3220635584239,1082.2227250356796,36,1,1,0,data47,baseline
522.366909611284,1101.1068400578076,37,2,1,0,data47,baseline
530.4001100147826,1115.8686215020225,38,1,1,0,data47,baseline
546.4365409193842,1133.4620937906113,39,2,1,0,data47,baseline
562.4665130429573,1146.5050847302023,40,2,1,0,data47,baseline
570.5097957406515,1163.6951977173107,41,1,1,0,data47,baseline
666.5365301672165,1174.999015560035,43,6,1,0,data47,baseline
674.5693120755737,1189.4630431842295,44,1,1,0,data47,baseline
682.5987213512556,1202.0319567554639,45,1,1,0,data47,baseline
690.6464659085458,1224.9968657267611,46,1,1,0,data47,baseline
706.6736436759634,1237.827157731711,47,2,1,0,data47,baseline
738.6990176925673,1249.1636967251918,48,4,1,0,data47,baseline
746.7245009331086,1261.272312155371,49,1,1,0,data47,baseline
754.7580647485775,1275.59372524378,50,1,1,0,data47,baseline
762.7848100773024,1286.6262001554169,51,1,1,0,data47,baseline
795.4877139161563,1637.5786255227467,52,4,1,0,data47,baseline
819.5222430906724,1653.3646347982321,53,3,1,0,data47,baseline
827.5557139452113,1667.7872677486134,54,1,1,0,data47,baseline
836.3198686629519,2048.649283919033,55,1,1,0,data47,baseline
860.3491432428034,2062.052508529959,56,3,1,0,data47,baseline
876.3813872335337,2076.029426002571,57,2,1,0,data47,baseline
884.4162984498697,2092.3847347462824,58,1,1,0,data47,baseline
892.4723659061565,2118.6087677763353,59,1,1,0,data47,baseline
908.496613209818,2129.670758224541,60,2,1,0,data47,baseline
932.5510407618413,2154.288880285267,61,3,1,0,data47,baseline
1036.5921587695834,2167.5919488193763,64,1,1,0,data47,baseline
1085.3230766978404,2531.850067876184,65,6,1,0,data47,baseline
1093.3618423436183,2550.345529785484,66,1,1,0,data47,baseline
1157.3965194599482,2562.9392891163666,68,2,1,0,data47,baseline
1165.410200442214,2567.9392891163666,69,1,1,0,data47,baseline
1181.4394697305831,2580.839051793229,70,2,1,0,data47,baseline
1189.4819162745518,2596.535072348013,71,1,1,0,data47,baseline
1197.5142301740298,2611.544140403986,72,1,1,0,data47,baseline
1253.5787289788952,2636.2118535511363,74,1,1,0,data47,baseline
1333.6196320936897,2654.0506953899244,76,4,1,0,data47,baseline
1341.6527477334425,2669.7916040468203,77,1,1,0,data47,baseline
1365.7009642112525,2690.6537829587814,78,3,1,0,data47,baseline
1421.7474342972503,2709.399311343603,80,1,1,0,data47,baseline
1429.7997817549322,2733.444095488704,81,1,1,0,data47,baseline
1437.8352660555472,2749.579016994801,82,1,1,0,data47,baseline
1445.8638278080628,2763.2242056839623,83,1,1,0,data47,baseline
1509.9130977241414,2783.9054172695587,85,2,1,0,data47,baseline
1613.947141320116,2795.5605431329755,88,1,1,0,data47,baseline
1629.9736416308767,2806.220122005953,89,2,1,0,data47,baseline
1670.9128120843127,3274.538098891381,90,5,1,0,data47,baseline
1678.9314702685283,3283.2011873838196,91,1,1,0,data47,baseline
1686.9660957728686,3298.7526852769865,92,1,1,0,data47,baseline
1719.9626743722758,3795.1465190192725,93,4,1,0,data47,baseline
1728.0088267760643,3816.297575787494,94,1,1,0,data47,baseline
1736.029807137782,3824.8414539765067,95,1,1,0,data47,baseline
1752.0762508413031,3847.6160673596896,96,2,1,0,data47,baseline
1792.1003344447136,3857.710065683502,97,5,1,0,data47,baseline
1800.1198218290178,3866.51891142776,98,1,1,0,data47,baseline
1808.1461761019668,3877.3956547895045,99,1,1,0,data47,baseline
8.040221238202047,16.68199381893126,0,1,1,0,data47,lya
16.075245637296405,31.935142873507093,1,1,1,0,data47,lya
24.106733288734503,45.84785798898697,2,1,1,0,data47,lya
32.13798565297228,58.471571246984595,3,1,1,0,data47,lya
64.16781404058183,69.40396576218448,5,1,1,0,data47,lya
72.18200665769797,74.40396576218448,6,1,1,0,data47,lya
80.21273062229801,88.06387400297012,7,1,1,0,data47,lya
88.25916727351292,108.54552295067558,8,1,1,0,data47,lya
120.30628030667444,126.72108570518547,10,1,1,0,data47,lya
128.32764046974566,136.32008135498305,11,1,1,0,data47,lya
160.3597430271171,147.5662721396447,13,1,1,0,data47,lya
176.38171955159757,157.4387727910439,14,2,1,0,data47,lya
184.40467562318102,166.52357473436865,15,1,1,0,data47,lya
192.44089773309707,183.7724449268123,16,1,1,0,data47,lya
200.4939440994908,207.66706664624212,17,1,1,0,data47,lya
208.5302833696015,219.33234977145955,18,1,1,0,data47,lya
216.54795189906616,225.87325849020803,19,1,1,0,data47,lya
232.58895589158791,244.15724514602792,20,2,1,0,data47,lya
240.60762710006136,251.97774104915777,21,1,1,0,data47,lya
248.62782289344688,261.0614129418857,22,1,1,0,data47,lya
256.66499835802125,278.53639121284414,23,1,1,0,data47,lya
272.7011850305624,292.7098431400763,24,2,1,0,data47,lya
304.70739528821963,292.7098431400763,26,1,0,1,data47,lya
313.6570926335009,767.1845698580026,27,1,1,0,data47,lya
321.70829957813675,791.6323081386356,28,1,1,0,data47,lya
329.7356834593493,803.2532844675286,29,1,1,0,data47,lya
337.75909374185414,813.6862217809165,30,1,1,0,data47,lya
361.7924045123311,826.4110559109787,31,3,1,0,data47,lya
377.82175211575844,839.3472478450282,32,2,1,0,data47,lya
402.62621460476925,1240.3189685708862,33,3,1,0,data47,lya
410.6403533987263,1245.3612796382292,34,1,1,0,data47,lya
426.6768941232297,1262.4914089723993,35,2,1,0,data47,lya
442.7071880718809,1274.7849817641995,36,2,1,0,data47,lya
450.75203412474104,1293.6690967863276,37,1,1,0,data47,lya
458.78523452823964,1308.4308782305425,38,1,1,0,data47,lya
466.82166543284126,1326.0243505191313,39,1,1,0,data47,lya
490.85163755641435,1339.0673414587222,40,3,1,0,data47,lya
514.8949202541086,1356.2574544458307,41,3,1,0,data47,lya
539.6308395235293,1723.6242262241271,42,3,1,0,data47,lya
563.6563882242301,1734.9280440668515,43,3,1,0,data47,lya
571.6891701325874,1749.3920716910459,44,1,1,0,data47,lya
595.7185794082692,1761.9609852622802,45,3,1,0,data47,lya
627.7475719150344,1774.79127726723,47,1,1,0,data47,lya
659.7757560941927,1786.8998926974093,49,1,1,0,data47,lya
667.8093199096616,1801.2213057858182,50,1,1,0,data47,lya
675.8360652383865,1812.253780697455,51,1,1,0,data47,lya
707.8400213824709,1812.253780697455,53,1,0,1,data47,lya
715.8734922370098,1826.6764136478364,54,1,1,0,data47,lya
723.8759229224096,1826.6764136478364,55,1,0,1,data47,lya
731.905197502261,1840.0796382587625,56,1,1,0,data47,lya
739.9374414929913,1854.0565557313746,57,1,1,0,data47,lya
747.9723527093273,1870.4118644750858,58,1,1,0,data47,lya
756.0284201656141,1896.6358975051387,59,1,1,0,data47,lya
764.0526674692755,1907.6978879533444,60,1,1,0,data47,lya
772.1070950212988,1932.3160100140708,61,1,1,0,data47,lya
780.1291778294294,1941.398144174348,62,1,1,0,data47,lya
812.1663772973615,1954.7012127084572,64,1,1,0,data47,lya
844.2075446332827,1973.1966746177573,66,1,1,0,data47,lya
860.2496286133571,1991.1961577863124,67,2,1,0,data47,lya
868.2782207159497,2003.7899171171948,68,1,1,0,data47,lya
876.2919016982157,2008.7899171171948,69,1,1,0,data47,lya
884.3211709865848,2021.6896797940572,70,1,1,0,data47,lya
900.3636175305535,2037.3857003488413,71,2,1,0,data47,lya
932.4121838345105,2056.1653767577995,73,1,1,0,data47,lya
940.4679714516027,2080.8330899049497,74,1,1,0,data47,lya
972.5088745663971,2098.671931743738,76,1,1,0,data47,lya
988.54199020615,2114.4128404006337,77,2,1,0,data47,lya
1004.5902066839599,2135.275019312595,78,2,1,0,data47,lya
1021.3523995661131,2513.5917823295113,79,2,1,0,data47,lya
1029.3933102959913,2532.337310714333,80,1,1,0,data47,lya
1037.4456577536732,2556.382094859434,81,1,1,0,data47,lya
1045.4811420542883,2572.5170163655307,82,1,1,0,data47,lya
1061.5097038068038,2586.162205054692,83,2,1,0,data47,lya
1070.4818898192464,3071.3803716584457,84,1,1,0,data47,lya
1102.4903022683577,3071.3803716584457,86,1,0,1,data47,lya
1110.4977300177752,3071.3803716584457,87,1,0,1,data47,lya
1118.5220912288935,3083.0354975218625,88,1,1,0,data47,lya
1126.5272723819082,3083.0354975218625,89,1,0,1,data47,lya
1134.5298068815734,3083.0354975218625,90,1,0,1,data47,lya
1142.548465065789,3091.698586014301,91,1,1,0,data47,lya
1150.551987574343,3091.698586014301,92,1,0,1,data47,lya
1159.5485661737503,3588.092419756587,93,1,1,0,data47,lya
1167.5947185775387,3609.2434765248086,94,1,1,0,data47,lya
1175.5986111828784,3609.2434765248086,95,1,0,1,data47,lya
1183.5995056596332,3609.2434765248086,96,1,0,1,data47,lya
1191.603401266396,3609.2434765248086,97,1,0,1,data47,lya
1199.6228886507004,3618.0523222690667,98,1,1,0,data47,lya
1207.6492429236494,3628.9290656308112,99,1,1,0,data47,lya
8.03639521899368,16.68199381893126,0,1,1,0,data48,baseline
16.071516748287998,31.935142873507093,1,1,1,0,data48,baseline
24.102339011325853,45.84785798898697,2,1,1,0,data48,baseline
32.12848165054423,58.471571246984595,3,1,1,0,data48,baseline
40.15480929537826,70.42470436756253,4,1,1,0,data48,baseline
48.18027894607209,81.35709888276241,5,1,1,0,data48,baseline
56.19766959987013,86.35709888276241,6,1,1,0,data48,baseline
64.22594814078683,100.01700712354805,7,1,1,0,data48,baseline
72.26769447780164,120.49865607125349,8,1,1,0,data48,baseline
80.29700138558135,133.8216009508993,9,1,1,0,data48,baseline
88.3382412484657,151.9971637054092,10,1,1,0,data48,baseline
96.36002741367078,161.5961593552068,11,1,1,0,data48,baseline
152.39278714196544,172.84235013986842,13,1,1,0,data48,baseline
168.41263971107244,182.71485079126762,14,2,1,0,data48,baseline
176.43562500765202,191.79965273459237,15,1,1,0,data48,baseline
184.4726027678438,209.04852292703603,16,1,1,0,data48,baseline
192.52191019161862,232.94314464646584,17,1,1,0,data48,baseline
200.55044642362088,244.60842777168327,18,1,1,0,data48,baseline
208.56507583482372,251.14933649043175,19,1,1,0,data48,baseline
224.60425990433245,269.43332314625167,20,2,1,0,data48,baseline
240.62418490642173,277.2538190493815,21,2,1,0,data48,baseline
248.64721625014678,286.3374909421094,22,1,1,0,data48,baseline
256.6922477370172,303.81246921306786,23,1,1,0,data48,baseline
272.7253498687485,317.98592114030004,24,2,1,0,data48,baseline
361.2481948662279,574.6223131294828,26,5,1,0,data48,baseline
417.30527466802477,599.0700514101158,28,1,1,0,data48,baseline
425.3330366835496,610.6910277390087,29,1,1,0,data48,baseline
433.3581255528381,621.1239650523967,30,1,1,0,data48,baseline
449.3874604321044,633.8487991824588,31,2,1,0,data48,baseline
457.41693195714953,646.7849911165083,32,1,1,0,data48,baseline
482.22240250825257,1047.7567118423663,33,3,1,0,data48,baseline
490.23714434399227,1052.7990229097093,34,1,1,0,data48,baseline
498.27660301169243,1069.9291522438793,35,1,1,0,data48,baseline
506.30707688358615,1082.2227250356796,36,1,1,0,data48,baseline
522.3478435225355,1101.1068400578076,37,2,1,0,data48,baseline
530.3813179431527,1115.8686215020225,38,1,1,0,data48,baseline
546.4200435738734,1133.4620937906113,39,2,1,0,data48,baseline
562.4518815882014,1146.5050847302023,40,2,1,0,data48,baseline
570.4925791589005,1163.6951977173107,41,1,1,0,data48,baseline
666.5258642448008,1174.999015560035,43,6,1,0,data48,baseline
674.5567649532657,1189.4630431842295,44,1,1,0,data48,baseline
682.5829156690495,1202.0319567554639,45,1,1,0,data48,baseline
690.6331474885553,1224.9968657267611,46,1,1,0,data48,baseline
706.6621851951644,1237.827157731711,47,2,1,0,data48,baseline
738.6885818878958,1249.1636967251918,48,4,1,0,data48,baseline
746.7206181169408,1261.272312155371,49,1,1,0,data48,baseline
754.7512349805096,1275.59372524378,50,1,1,0,data48,baseline
762.7754450956528,1286.6262001554169,51,1,1,0,data48,baseline
795.4776360237415,1637.5786255227467,52,4,1,0,data48,baseline
819.5115378122151,1653.3646347982321,53,3,1,0,data48,baseline
827.5431706778899,1667.7872677486134,54,1,1,0,data48,baseline
836.3120532900035,2048.649283919033,55,1,1,0,data48,baseline
860.3460165374829,2062.052508529959,56,3,1,0,data48,baseline
876.3759076648545,2076.029426002571,57,2,1,0,data48,baseline
884.410733819477,2092.3847347462824,58,1,1,0,data48,baseline
892.4643007399624,2118.6087677763353,59,1,1,0,data48,baseline
908.4895281148605,2129.670758224541,60,2,1,0,data48,baseline
932.5402070582134,2154.288880285267,61,3,1,0,data48,baseline
1036.576917160477,2167.5919488193763,64,1,1,0,data48,baseline
1085.3133413248563,2531.850067876184,65,6,1,0,data48,baseline
1093.3530508761457,2550.345529785484,66,1,1,0,data48,baseline
1157.38774592149,2562.9392891163666,68,2,1,0,data48,baseline
1165.4043396357038,2567.9392891163666,69,1,1,0,data48,baseline
1181.4381502794563,2580.839051793229,70,2,1,0,data48,baseline
1189.4741897566034,2596.535072348013,71,1,1,0,data48,baseline
1197.5079430458852,2611.544140403986,72,1,1,0,data48,baseline
1253.5630935331865,2636.2118535511363,74,1,1,0,data48,baseline
1333.605720668242,2654.0506953899244,76,4,1,0,data48,baseline
1341.6398013797768,2669.7916040468203,77,1,1,0,data48,baseline
1365.6829662150026,2690.6537829587814,78,3,1,0,data48,baseline
1421.7260565400065,2709.399311343603,80,1,1,0,data48,baseline
1429.77803422944,2733.444095488704,81,1,1,0,data48,baseline
1437.824328256753,2749.579016994801,82,1,1,0,data48,baseline
1445.8541008989287,2763.2242056839623,83,1,1,0,data48,baseline
1509.9000150989068,2783.9054172695587,85,2,1,0,data48,baseline
1613.942681553597,2795.5605431329755,88,1,1,0,data48,baseline
1629.9657061327716,2806.220122005953,89,2,1,0,data48,baseline
1670.9041408271087,3274.538098891381,90,5,1,0,data48,baseline
1678.9257757785829,3283.2011873838196,91,1,1,0,data48,baseline
1686.960110134706,3298.7526852769865,92,1,1,0,data48,baseline
1719.958791948621,3795.1465190192725,93,4,1,0,data48,baseline
1728.003753427379,3816.297575787494,94,1,1,0,data48,baseline
1736.023969852883,3824.8414539765067,95,1,1,0,data48,baseline
1752.075357706715,3847.6160673596896,96,2,1,0,data48,baseline
1792.1013190802366,3857.710065683502,97,5,1,0,data48,baseline
1800.1204867210251,3866.51891142776,98,1,1,0,data48,baseline
1808.1485464329337,3877.3956547895045,99,1,1,0,data48,baseline
8.03639521899368,16.68199381893126,0,1,1,0,data48,lya
16.071516748287998,31.935142873507093,1,1,1,0,data48,lya
24.102339011325853,45.84785798898697,2,1,1,0,data48,lya
32.12848165054423,58.471571246984595,3,1,1,0,data48,lya
64.15637267983094,69.40396576218448,5,1,1,0,data48,lya
72.17376333362898,74.40396576218448,6,1,1,0,data48,lya
80.20204187454567,88.06387400297012,7,1,1,0,data48,lya
88.24378821156049,108.54552295067558,8,1,1,0,data48,lya
120.28768909246526,126.72108570518547,10,1,1,0,data48,lya
128.30947525767033,136.32008135498305,11,1,1,0,data48,lya
160.342234985965,147.5662721396447,13,1,1,0,data48,lya
176.362087555072,157.4387727910439,14,2,1,0,data48,lya
184.38507285165159,166.52357473436865,15,1,1,0,data48,lya
192.42205061184336,183.7724449268123,16,1,1,0,data48,lya
200.47135803561818,207.66706664624212,17,1,1,0,data48,lya
208.49989426762045,219.33234977145955,18,1,1,0,data48,lya
216.51452367882328,225.87325849020803,19,1,1,0,data48,lya
232.55370774833202,244.15724514602792,20,2,1,0,data48,lya
240.5736327504213,251.97774104915777,21,1,1,0,data48,lya
248.59666409414635,261.0614129418857,22,1,1,0,data48,lya
256.6416955810168,278.53639121284414,23,1,1,0,data48,lya
272.67479771274805,292.7098431400763,24,2,1,0,data48,lya
304.6843699262491,292.7098431400763,26,1,0,1,data48,lya
313.6398455499692,767.1845698580026,27,1,1,0,data48,lya
321.6903991814818,791.6323081386356,28,1,1,0,data48,lya
329.7181611970066,803.2532844675286,29,1,1,0,data48,lya
337.7432500662951,813.6862217809165,30,1,1,0,data48,lya
361.7725849455614,826.4110559109787,31,3,1,0,data48,lya
377.80205647060654,839.3472478450282,32,2,1,0,data48,lya
402.6075270217096,1240.3189685708862,33,3,1,0,data48,lya
410.6222688574493,1245.3612796382292,34,1,1,0,data48,lya
426.66172752514944,1262.4914089723993,35,2,1,0,data48,lya
442.69220139704316,1274.7849817641995,36,2,1,0,data48,lya
450.7329680359926,1293.6690967863276,37,1,1,0,data48,lya
458.7664424566097,1308.4308782305425,38,1,1,0,data48,lya
466.8051680873304,1326.0243505191313,39,1,1,0,data48,lya
490.8370061016584,1339.0673414587222,40,3,1,0,data48,lya
514.8777036723575,1356.2574544458307,41,3,1,0,data48,lya
539.6196060421294,1723.6242262241271,42,3,1,0,data48,lya
563.6457223018143,1734.9280440668515,43,3,1,0,data48,lya
571.6766230102792,1749.3920716910459,44,1,1,0,data48,lya
595.702773726063,1761.9609852622802,45,3,1,0,data48,lya
627.7361134342353,1774.79127726723,47,1,1,0,data48,lya
659.7718732780248,1786.8998926974093,49,1,1,0,data48,lya
667.8024901415936,1801.2213057858182,50,1,1,0,data48,lya
675.8267002567368,1812.253780697455,51,1,1,0,data48,lya
707.8293161040135,1812.253780697455,53,1,0,1,data48,lya
715.8609489696883,1826.6764136478364,54,1,1,0,data48,lya
723.8681075494611,1826.6764136478364,55,1,0,1,data48,lya
731.9020707969405,1840.0796382587625,56,1,1,0,data48,lya
739.9319619243121,1854.0565557313746,57,1,1,0,data48,lya
747.9667880789345,1870.4118644750858,58,1,1,0,data48,lya
756.02035499942,1896.6358975051387,59,1,1,0,data48,lya
764.0455823743181,1907.6978879533444,60,1,1,0,data48,lya
772.096261317671,1932.3160100140708,61,1,1,0,data48,lya
780.118262786774,1941.398144174348,62,1,1,0,data48,lya
812.1511356882553,1954.7012127084572,64,1,1,0,data48,lya
844.1987531658103,1973.1966746177573,66,1,1,0,data48,lya
860.2402191789411,1991.1961577863124,67,2,1,0,data48,lya
868.2694471774917,2003.7899171171948,68,1,1,0,data48,lya
876.2860408917054,2008.7899171171948,69,1,1,0,data48,lya
884.3198515354579,2021.6896797940572,70,1,1,0,data48,lya
900.3558910126053,2037.3857003488413,71,2,1,0,data48,lya
932.4002719391817,2056.1653767577995,73,1,1,0,data48,lya
940.4523360058944,2080.8330899049497,74,1,1,0,data48,lya
972.4949631409501,2098.671931743738,76,1,1,0,data48,lya
988.529043852485,2114.4128404006337,77,2,1,0,data48,lya
1004.5722086877106,2135.275019312595,78,2,1,0,data48,lya
1021.3333828942532,2513.5917823295113,79,2,1,0,data48,lya
1029.3719325387483,2532.337310714333,80,1,1,0,data48,lya
1037.4239102281817,2556.382094859434,81,1,1,0,data48,lya
1045.4702042554948,2572.5170163655307,82,1,1,0,data48,lya
1061.4999768976704,2586.162205054692,83,2,1,0,data48,lya
1070.4736203361106,3071.3803716584457,84,1,1,0,data48,lya
1102.483057322055,3071.3803716584457,86,1,0,1,data48,lya
1110.4911138586933,3071.3803716584457,87,1,0,1,data48,lya
1118.517631462375,3083.0354975218625,88,1,1,0,data48,lya
1126.5193368838038,3083.0354975218625,89,1,0,1,data48,lya
1134.5211356243701,3083.0354975218625,90,1,0,1,data48,lya
1142.5427705758443,3091.698586014301,91,1,1,0,data48,lya
1150.546001936181,3091.698586014301,92,1,0,1,data48,lya
1159.544683750096,3588.092419756587,93,1,1,0,data48,lya
1167.5896452288541,3609.2434765248086,94,1,1,0,data48,lya
1175.5927738979801,3609.2434765248086,95,1,0,1,data48,lya
1183.5986125250458,3609.2434765248086,96,1,0,1,data48,lya
1191.6043859019198,3609.2434765248086,97,1,0,1,data48,lya
1199.6235535427084,3618.0523222690667,98,1,1,0,data48,lya
1207.651613254617,3628.9290656308112,99,1,1,0,data48,lya
8.03666628164355,16.68199381893126,0,1,1,0,data49,baseline
16.072311485870742,31.935142873507093,1,1,1,0,data49,baseline
24.101330749357437,45.84785798898697,2,1,1,0,data49,baseline
32.12891679664912,58.471571246984595,3,1,1,0,data49,baseline
40.158142940529146,70.42470436756253,4,1,1,0,data49,baseline
48.19285595017574,81.35709888276241,5,1,1,0,data49,baseline
56.20729851389644,86.35709888276241,6,1,1,0,data49,baseline
64.24136668205472,100.01700712354805,7,1,1,0,data49,baseline
72.2880803811068,120.49865607125349,8,1,1,0,data49,baseline
80.31982843160567,133.8216009508993,9,1,1,0,data49,baseline
88.35638399099764,151.9971637054092,10,1,1,0,data49,baseline
96.37815501233058,161.5961593552068,11,1,1,0,data49,baseline
152.40981636279838,172.84235013986842,13,1,1,0,data49,baseline
168.43654514074208,182.71485079126762,14,2,1,0,data49,baseline
176.4587731284456,191.79965273459237,15,1,1,0,data49,baseline
184.4976707478385,209.04852292703603,16,1,1,0,data49,baseline
192.54618634113282,232.94314464646584,17,1,1,0,data49,baseline
200.57519257524703,244.60842777168327,18,1,1,0,data49,baseline
208.5903835141918,251.14933649043175,19,1,1,0,data49,baseline
224.62882999415834,269.43332314625167,20,2,1,0,data49,baseline
240.646425552971,277.2538190493815,21,2,1,0,data49,baseline
248.67439948846624,286.3374909421094,22,1,1,0,data49,baseline
256.7175999240253,303.81246921306786,23,1,1,0,data49,baseline
272.74622925700805,317.98592114030004,24,2,1,0,data49,baseline
361.26348040522106,574.6223131294828,26,5,1,0,data49,baseline
417.32210337449766,599.0700514101158,28,1,1,0,data49,baseline
425.346661653818,610.6910277390087,29,1,1,0,data49,baseline
433.3752592329265,621.1239650523967,30,1,1,0,data49,baseline
449.40362710558145,633.8487991824588,31,2,1,0,data49,baseline
457.43605328816653,646.7849911165083,32,1,1,0,data49,baseline
482.24095989458584,1047.7567118423663,33,3,1,0,data49,baseline
490.25239891131037,1052.7990229097093,34,1,1,0,data49,baseline
498.2891634045813,1069.9291522438793,35,1,1,0,data49,baseline
506.31675394003514,1082.2227250356796,36,1,1,0,data49,baseline
522.3585911564732,1101.1068400578076,37,2,1,0,data49,baseline
530.3906970867275,1115.8686215020225,38,1,1,0,data49,baseline
546.4307693881783,1133.4620937906113,39,2,1,0,data49,baseline
562.4607787335549,1146.5050847302023,40,2,1,0,data49,baseline
570.4984031196335,1163.6951977173107,41,1,1,0,data49,baseline
666.5261141817184,1174.999015560035,43,6,1,0,data49,baseline
674.5591714252844,1189.4630431842295,44,1,1,0,data49,baseline
682.5907478689173,1202.0319567554639,45,1,1,0,data49,baseline
690.6392240398898,1224.9968657267611,46,1,1,0,data49,baseline
706.6688080968704,1237.827157731711,47,2,1,0,data49,baseline
738.6954816124812,1249.1636967251918,48,4,1,0,data49,baseline
746.7265221712754,1261.272312155371,49,1,1,0,data49,baseline
754.7596026547486,1275.59372524378,50,1,1,0,data49,baseline
762.7824271397077,1286.6262001554169,51,1,1,0,data49,baseline
795.486988364966,1637.5786255227467,52,4,1,0,data49,baseline
819.5249008028379,1653.3646347982321,53,3,1,0,data49,baseline
827.559841406511,1667.7872677486134,54,1,1,0,data49,baseline
836.324825628923,2048.649283919033,55,1,1,0,data49,baseline
860.3553573501686,2062.052508529959,56,3,1,0,data49,baseline
876.3878745982776,2076.029426002571,57,2,1,0,data49,baseline
884.4258592815676,2092.3847347462824,58,1,1,0,data49,baseline
892.4793746824171,2118.6087677763353,59,1,1,0,data49,baseline
908.5080753613071,2129.670758224541,60,2,1,0,data49,baseline
932.5647325125996,2154.288880285267,61,3,1,0,data49,baseline
1036.6062449708113,2167.5919488193763,64,1,1,0,data49,baseline
1085.3381478753781,2531.850067876184,65,6,1,0,data49,baseline
1093.3787281578093,2550.345529785484,66,1,1,0,data49,baseline
1157.4082654544402,2562.9392891163666,68,2,1,0,data49,baseline
1165.4194375306888,2567.9392891163666,69,1,1,0,data49,baseline
1181.4485142303395,2580.839051793229,70,2,1,0,data49,baseline
1189.4898197288348,2596.535072348013,71,1,1,0,data49,baseline
1197.520654205539,2611.544140403986,72,1,1,0,data49,baseline
1253.5735787889082,2636.2118535511363,74,1,1,0,data49,baseline
1333.6138994481662,2654.0506953899244,76,4,1,0,data49,baseline
1341.6478259404712,2669.7916040468203,77,1,1,0,data49,baseline
1365.692706421718,2690.6537829587814,78,3,1,0,data49,baseline
1421.7378685018095,2709.399311343603,80,1,1,0,data49,baseline
1429.7902538362284,2733.444095488704,81,1,1,0,data49,baseline
1437.8257196716238,2749.579016994801,82,1,1,0,data49,baseline
1445.8598206120157,2763.2242056839623,83,1,1,0,data49,baseline
1509.9106699675401,2783.9054172695587,85,2,1,0,data49,baseline
1613.945228985785,2795.5605431329755,88,1,1,0,data49,baseline
1629.970266088356,2806.220122005953,89,2,1,0,data49,baseline
1670.9127839335201,3274.538098891381,90,5,1,0,data49,baseline
1678.93433233792,3283.2011873838196,91,1,1,0,data49,baseline
1686.9674419519267,3298.7526852769865,92,1,1,0,data49,baseline
1719.9645305177446,3795.1465190192725,93,4,1,0,data49,baseline
1728.008689903588,3816.297575787494,94,1,1,0,data49,baseline
1736.028749349864,3824.8414539765067,95,1,1,0,data49,baseline
1752.0759499461021,3847.6160673596896,96,2,1,0,data49,baseline
1792.0985372080477,3857.710065683502,97,5,1,0,data49,baseline
1800.1180101553637,3866.51891142776,98,1,1,0,data49,baseline
1808.1405007730255,3877.3956547895045,99,1,1,0,data49,baseline
8.03666628164355,16.68199381893126,0,1,1,0,data49,lya
16.072311485870742,31.935142873507093,1,1,1,0,data49,lya
24.101330749357437,45.84785798898697,2,1,1,0,data49,lya
32.12891679664912,58.471571246984595,3,1,1,0,data49,lya
64.16894968393458,69.40396576218448,5,1,1,0,data49,lya
72.18339224765529,74.40396576218448,6,1,1,0,data49,lya
80.21746041581356,88.06387400297012,7,1,1,0,data49,lya
88.26417411486564,108.54552295067558,8,1,1,0,data49,lya
120.30583183499719,126.72108570518547,10,1,1,0,data49,lya
128.32760285633015,136.32008135498305,11,1,1,0,data49,lya
160.35926420679795,147.5662721396447,13,1,1,0,data49,lya
176.38599298474165,157.4387727910439,14,2,1,0,data49,lya
184.40822097244518,166.52357473436865,15,1,1,0,data49,lya
192.44711859183806,183.7724449268123,16,1,1,0,data49,lya
200.4956341851324,207.66706664624212,17,1,1,0,data49,lya
208.5246404192466,219.33234977145955,18,1,1,0,data49,lya
216.53983135819138,225.87325849020803,19,1,1,0,data49,lya
232.5782778381579,244.15724514602792,20,2,1,0,data49,lya
240.59587339697057,251.97774104915777,21,1,1,0,data49,lya
248.6238473324658,261.0614129418857,22,1,1,0,data49,lya
256.6670477680249,278.53639121284414,23,1,1,0,data49,lya
272.6956771010076,292.7098431400763,24,2,1,0,data49,lya
304.69965546524224,292.7098431400763,26,1,0,1,data49,lya
313.65504512708793,767.1845698580026,27,1,1,0,data49,lya
321.7072278879547,791.6323081386356,28,1,1,0,data49,lya
329.731786167275,803.2532844675286,29,1,1,0,data49,lya
337.7603837463835,813.6862217809165,30,1,1,0,data49,lya
361.78875161903846,826.4110559109787,31,3,1,0,data49,lya
377.82117780162355,839.3472478450282,32,2,1,0,data49,lya
402.62608440804286,1240.3189685708862,33,3,1,0,data49,lya
410.6375234247674,1245.3612796382292,34,1,1,0,data49,lya
426.6742879180383,1262.4914089723993,35,2,1,0,data49,lya
442.70187845349216,1274.7849817641995,36,2,1,0,data49,lya
450.74371566993017,1293.6690967863276,37,1,1,0,data49,lya
458.7758216001845,1308.4308782305425,38,1,1,0,data49,lya
466.81589390163526,1326.0243505191313,39,1,1,0,data49,lya
490.84590324701185,1339.0673414587222,40,3,1,0,data49,lya
514.8835276330904,1356.2574544458307,41,3,1,0,data49,lya
539.6201890884109,1723.6242262241271,42,3,1,0,data49,lya
563.6459722387318,1734.9280440668515,43,3,1,0,data49,lya
571.6790294822978,1749.3920716910459,44,1,1,0,data49,lya
595.7106059259307,1761.9609852622802,45,3,1,0,data49,lya
627.7427363359412,1774.79127726723,47,1,1,0,data49,lya
659.7777773323593,1786.8998926974093,49,1,1,0,data49,lya
667.8108578158325,1801.2213057858182,50,1,1,0,data49,lya
675.8336823007916,1812.253780697455,51,1,1,0,data49,lya
707.8426790946362,1812.253780697455,53,1,0,1,data49,lya
715.8776196983093,1826.6764136478364,54,1,1,0,data49,lya
723.8808798883805,1826.6764136478364,55,1,0,1,data49,lya
731.9114116096259,1840.0796382587625,56,1,1,0,data49,lya
739.9439288577349,1854.0565557313746,57,1,1,0,data49,lya
747.9819135410249,1870.4118644750858,58,1,1,0,data49,lya
756.0354289418744,1896.6358975051387,59,1,1,0,data49,lya
764.0641296207644,1907.6978879533444,60,1,1,0,data49,lya
772.1207867720569,1932.3160100140708,61,1,1,0,data49,lya
780.1408674113939,1941.398144174348,62,1,1,0,data49,lya
812.1804634985892,1954.7012127084572,64,1,1,0,data49,lya
844.2244304474737,1973.1966746177573,66,1,1,0,data49,lya
860.2625383518208,1991.1961577863124,67,2,1,0,data49,lya
868.2899667104417,2003.7899171171948,68,1,1,0,data49,lya
876.3011387866903,2008.7899171171948,69,1,1,0,data49,lya
884.330215486341,2021.6896797940572,70,1,1,0,data49,lya
900.3715209848365,2037.3857003488413,71,2,1,0,data49,lya
932.4112765887147,2056.1653767577995,73,1,1,0,data49,lya
940.4628212616159,2080.8330899049497,74,1,1,0,data49,lya
972.503141920874,2098.671931743738,76,1,1,0,data49,lya
988.5370684131789,2114.4128404006337,77,2,1,0,data49,lya
1004.5819488944256,2135.275019312595,78,2,1,0,data49,lya
1021.3452926770536,2513.5917823295113,79,2,1,0,data49,lya
1029.3837445005508,2532.337310714333,80,1,1,0,data49,lya
1037.4361298349697,2556.382094859434,81,1,1,0,data49,lya
1045.471595670365,2572.5170163655307,82,1,1,0,data49,lya
1061.505696610757,2586.162205054692,83,2,1,0,data49,lya
1070.4823683713455,3071.3803716584457,84,1,1,0,data49,lya
1102.489574565828,3071.3803716584457,86,1,0,1,data49,lya
1110.492482468944,3071.3803716584457,87,1,0,1,data49,lya
1118.5201788945626,3083.0354975218625,88,1,1,0,data49,lya
1126.5238968393878,3083.0354975218625,89,1,0,1,data49,lya
1134.5297787307811,3083.0354975218625,90,1,0,1,data49,lya
1142.551327135181,3091.698586014301,91,1,1,0,data49,lya
1150.5533337534014,3091.698586014301,92,1,0,1,data49,lya
1159.5504223192193,3588.092419756587,93,1,1,0,data49,lya
1167.5945817050626,3609.2434765248086,94,1,1,0,data49,lya
1175.5975533949606,3609.2434765248086,95,1,0,1,data49,lya
1183.5992047644324,3609.2434765248086,96,1,0,1,data49,lya
1191.6016040297304,3609.2434765248086,97,1,0,1,data49,lya
1199.6210769770464,3618.0523222690667,98,1,1,0,data49,lya
1207.6435675947082,3628.9290656308112,99,1,1,0,data49,lya
8.038580897763838,16.68199381893126,0,1,1,0,data50,baseline
16.078350575273618,31.935142873507093,1,1,1,0,data50,baseline
24.10956109208582,45.84785798898697,2,1,1,0,data50,baseline
32.13737155124158,58.471571246984595,3,1,1,0,data50,baseline
40.16487702149543,70.42470436756253,4,1,1,0,data50,baseline
48.19133985787933,81.35709888276241,5,1,1,0,data50,baseline
56.201890644199054,86.35709888276241,6,1,1,0,data50,baseline
64.23322116743442,100.01700712354805,7,1,1,0,data50,baseline
72.27844613133887,120.49865607125349,8,1,1,0,data50,baseline
80.30948158299543,133.8216009508993,9,1,1,0,data50,baseline
88.34970391149706,151.9971637054092,10,1,1,0,data50,baseline
96.37271509632473,161.5961593552068,11,1,1,0,data50,baseline
152.4018002035003,172.84235013986842,13,1,1,0,data50,baseline
168.42793730220927,182.71485079126762,14,2,1,0,data50,baseline
176.44771894138168,191.79965273459237,15,1,1,0,data50,baseline
184.485360373576,209.04852292703603,16,1,1,0,data50,baseline
192.53879392522688,232.94314464646584,17,1,1,0,data50,baseline
200.5642543798887,244.60842777168327,18,1,1,0,data50,baseline
208.5802566709851,251.14933649043175,19,1,1,0,data50,baseline
224.61782281834093,269.43332314625167,20,2,1,0,data50,baseline
240.6377120868478,277.2538190493815,21,2,1,0,data50,baseline
248.6595712924813,286.3374909421094,22,1,1,0,data50,baseline
256.69678491927806,303.81246921306786,23,1,1,0,data50,baseline
272.72933850901336,317.98592114030004,24,2,1,0,data50,baseline
361.2598182816154,574.6223131294828,26,5,1,0,data50,baseline
417.31311194337434,599.0700514101158,28,1,1,0,data50,baseline
425.33781630400955,610.6910277390087,29,1,1,0,data50,baseline
433.3598100267921,621.1239650523967,30,1,1,0,data50,baseline
449.38853847144634,633.8487991824588,31,2,1,0,data50,baseline
457.42060983405776,646.7849911165083,32,1,1,0,data50,baseline
482.22843116371274,1047.7567118423663,33,3,1,0,data50,baseline
490.24066693703344,1052.7990229097093,34,1,1,0,data50,baseline
498.27747503608384,1069.9291522438793,35,1,1,0,data50,baseline
506.30713151044796,1082.2227250356796,36,1,1,0,data50,baseline
522.3490747867485,1101.1068400578076,37,2,1,0,data50,baseline
530.3817268371457,1115.8686215020225,38,1,1,0,data50,baseline
546.4231244979783,1133.4620937906113,39,2,1,0,data50,baseline
562.4552713809895,1146.5050847302023,40,2,1,0,data50,baseline
570.4925025098568,1163.6951977173107,41,1,1,0,data50,baseline
666.5313284669727,1174.999015560035,43,6,1,0,data50,baseline
674.5675871856291,1189.4630431842295,44,1,1,0,data50,baseline
682.5938581804666,1202.0319567554639,45,1,1,0,data50,baseline
690.6408822556001,1224.9968657267611,46,1,1,0,data50,baseline
706.6694430801797,1237.827157731711,47,2,1,0,data50,baseline
738.6955109170613,1249.1636967251918,48,4,1,0,data50,baseline
746.7217283715122,1261.272312155371,49,1,1,0,data50,baseline
754.7547280772862,1275.59372524378,50,1,1,0,data50,baseline
762.7791205045386,1286.6262001554169,51,1,1,0,data50,baseline
795.4873113858275,1637.5786255227467,52,4,1,0,data50,baseline
819.5219963644618,1653.3646347982321,53,3,1,0,data50,baseline
827.5574564488592,1667.7872677486134,54,1,1,0,data50,baseline
836.3219875414883,2048.649283919033,55,1,1,0,data50,baseline
860.349988384324,2062.052508529959,56,3,1,0,data50,baseline
876.3810440532368,2076.029426002571,57,2,1,0,data50,baseline
884.4144895882162,2092.3847347462824,58,1,1,0,data50,baseline
892.471456969717,2118.6087677763353,59,1,1,0,data50,baseline
908.4952928903648,2129.670758224541,60,2,1,0,data50,baseline
932.5500932286303,2154.288880285267,61,3,1,0,data50,baseline
1036.5877972809674,2167.5919488193763,64,1,1,0,data50,baseline
1085.325284548243,2531.850067876184,65,6,1,0,data50,baseline
1093.3716276629018,2550.345529785484,66,1,1,0,data50,baseline
1157.403546976204,2562.9392891163666,68,2,1,0,data50,baseline
1165.4143691560537,2567.9392891163666,69,1,1,0,data50,baseline
1181.4437645103278,2580.839051793229,70,2,1,0,data50,baseline
1189.476556658794,2596.535072348013,71,1,1,0,data50,baseline
1197.5075059955313,2611.544140403986,72,1,1,0,data50,baseline
1253.5677122252403,2636.2118535511363,74,1,1,0,data50,baseline
1333.6150882365537,2654.0506953899244,76,4,1,0,data50,baseline
1341.650103586749,2669.7916040468203,77,1,1,0,data50,baseline
1365.6984197185636,2690.6537829587814,78,3,1,0,data50,baseline
1421.7392761263081,2709.399311343603,80,1,1,0,data50,baseline
1429.789146950757,2733.444095488704,81,1,1,0,data50,baseline
1437.8291731262095,2749.579016994801,82,1,1,0,data50,baseline
1445.85766314637,2763.2242056839623,83,1,1,0,data50,baseline
1509.9054806910938,2783.9054172695587,85,2,1,0,data50,baseline
1613.9420920464975,2795.5605431329755,88,1,1,0,data50,baseline
1629.9698564642483,2806.220122005953,89,2,1,0,data50,baseline
1670.9105252503005,3274.538098891381,90,5,1,0,data50,baseline
1678.9310581884415,3283.2011873838196,91,1,1,0,data50,baseline
1686.9637459452981,3298.7526852769865,92,1,1,0,data50,baseline
1719.9586027286816,3795.1465190192725,93,4,1,0,data50,baseline
1728.0035117144664,3816.297575787494,94,1,1,0,data50,baseline
1736.0233184480257,3824.8414539765067,95,1,1,0,data50,baseline
1752.0696632710622,3847.6160673596896,96,2,1,0,data50,baseline
1792.0931376348872,3857.710065683502,97,5,1,0,data50,baseline
1800.118762258003,3866.51891142776,98,1,1,0,data50,baseline
1808.142425439121,3877.3956547895045,99,1,1,0,data50,baseline
8.038580897763838,16.68199381893126,0,1,1,0,data50,lya
16.078350575273618,31.935142873507093,1,1,1,0,data50,lya
24.10956109208582,45.84785798898697,2,1,1,0,data50,lya
32.13737155124158,58.471571246984595,3,1,1,0,data50,lya
64.16743359163817,69.40396576218448,5,1,1,0,data50,lya
72.17798437795791,74.40396576218448,6,1,1,0,data50,lya
80.20931490119328,88.06387400297012,7,1,1,0,data50,lya
88.25453986509773,108.54552295067558,8,1,1,0,data50,lya
120.29915175549662,126.72108570518547,10,1,1,0,data50,lya
128.3221629403243,136.32008135498305,11,1,1,0,data50,lya
160.35124804749987,147.5662721396447,13,1,1,0,data50,lya
176.37738514620884,157.4387727910439,14,2,1,0,data50,lya
184.39716678538124,166.52357473436865,15,1,1,0,data50,lya
192.43480821757555,183.7724449268123,16,1,1,0,data50,lya
200.48824176922645,207.66706664624212,17,1,1,0,data50,lya
208.51370222388826,219.33234977145955,18,1,1,0,data50,lya
216.52970451498467,225.87325849020803,19,1,1,0,data50,lya
232.5672706623405,244.15724514602792,20,2,1,0,data50,lya
240.58715993084738,251.97774104915777,21,1,1,0,data50,lya
248.60901913648087,261.0614129418857,22,1,1,0,data50,lya
256.6462327632776,278.53639121284414,23,1,1,0,data50,lya
272.6787863530129,292.7098431400763,24,2,1,0,data50,lya
304.6959933416366,292.7098431400763,26,1,0,1,data50,lya
313.6474009309866,767.1845698580026,27,1,1,0,data50,lya
321.69823645683135,791.6323081386356,28,1,1,0,data50,lya
329.72294081746657,803.2532844675286,29,1,1,0,data50,lya
337.7449345402491,813.6862217809165,30,1,1,0,data50,lya
361.77366298490335,826.4110559109787,31,3,1,0,data50,lya
377.8057343475148,839.3472478450282,32,2,1,0,data50,lya
402.61355567716976,1240.3189685708862,33,3,1,0,data50,lya
410.62579145049045,1245.3612796382292,34,1,1,0,data50,lya
426.66259954954086,1262.4914089723993,35,2,1,0,data50,lya
442.692256023905,1274.7849817641995,36,2,1,0,data50,lya
450.73419930020555,1293.6690967863276,37,1,1,0,data50,lya
458.76685135060274,1308.4308782305425,38,1,1,0,data50,lya
466.8082490114353,1326.0243505191313,39,1,1,0,data50,lya
490.84039589444654,1339.0673414587222,40,3,1,0,data50,lya
514.8776270233137,1356.2574544458307,41,3,1,0,data50,lya
539.6185603344161,1723.6242262241271,42,3,1,0,data50,lya
563.6511865239862,1734.9280440668515,43,3,1,0,data50,lya
571.6874452426426,1749.3920716910459,44,1,1,0,data50,lya
595.7137162374801,1761.9609852622802,45,3,1,0,data50,lya
627.7433713192506,1774.79127726723,47,1,1,0,data50,lya
659.7729835325962,1786.8998926974093,49,1,1,0,data50,lya
667.8059832383702,1801.2213057858182,50,1,1,0,data50,lya
675.8303756656226,1812.253780697455,51,1,1,0,data50,lya
707.8397746562601,1812.253780697455,53,1,0,1,data50,lya
715.8752347406576,1826.6764136478364,54,1,1,0,data50,lya
723.8780418009459,1826.6764136478364,55,1,0,1,data50,lya
731.9060426437816,1840.0796382587625,56,1,1,0,data50,lya
739.9370983126944,1854.0565557313746,57,1,1,0,data50,lya
747.9705438476738,1870.4118644750858,58,1,1,0,data50,lya
756.0275112291746,1896.6358975051387,59,1,1,0,data50,lya
764.0513471498224,1907.6978879533444,60,1,1,0,data50,lya
772.1061474880879,1932.3160100140708,61,1,1,0,data50,lya
780.1255222741696,1941.398144174348,62,1,1,0,data50,lya
812.1620158087453,1954.7012127084572,64,1,1,0,data50,lya
844.2173299525662,1973.1966746177573,66,1,1,0,data50,lya
860.2567207797238,1991.1961577863124,67,2,1,0,data50,lya
868.2852482322055,2003.7899171171948,68,1,1,0,data50,lya
876.2960704120551,2008.7899171171948,69,1,1,0,data50,lya
884.3254657663292,2021.6896797940572,70,1,1,0,data50,lya
900.3582579147954,2037.3857003488413,71,2,1,0,data50,lya
932.4003457852641,2056.1653767577995,73,1,1,0,data50,lya
940.456954697948,2080.8330899049497,74,1,1,0,data50,lya
972.5043307092615,2098.671931743738,76,1,1,0,data50,lya
988.5393460594568,2114.4128404006337,77,2,1,0,data50,lya
1004.5876621912712,2135.275019312595,78,2,1,0,data50,lya
1021.3459223983286,2513.5917823295113,79,2,1,0,data50,lya
1029.3851521250497,2532.337310714333,80,1,1,0,data50,lya
1037.4350229494985,2556.382094859434,81,1,1,0,data50,lya
1045.475049124951,2572.5170163655307,82,1,1,0,data50,lya
1061.5035391451115,2586.162205054692,83,2,1,0,data50,lya
1070.477532799861,3071.3803716584457,84,1,1,0,data50,lya
1102.4839606626745,3071.3803716584457,86,1,0,1,data50,lya
1110.4906466418765,3071.3803716584457,87,1,0,1,data50,lya
1118.5170419552753,3083.0354975218625,88,1,1,0,data50,lya
1126.5234872152803,3083.0354975218625,89,1,0,1,data50,lya
1134.5275200475617,3083.0354975218625,90,1,0,1,data50,lya
1142.5480529857027,3091.698586014301,91,1,1,0,data50,lya
1150.549637746773,3091.698586014301,92,1,0,1,data50,lya
1159.5444945301565,3588.092419756587,93,1,1,0,data50,lya
1167.5894035159413,3609.2434765248086,94,1,1,0,data50,lya
1175.5921224931226,3609.2434765248086,95,1,0,1,data50,lya
1183.5929180893927,3609.2434765248086,96,1,0,1,data50,lya
1191.5962044565701,3609.2434765248086,97,1,0,1,data50,lya
1199.621829079686,3618.0523222690667,98,1,1,0,data50,lya
1207.645492260804,3628.9290656308112,99,1,1,0,data50,lya
