Success_Nodes,Fail_Nodes,Skipped_Nodes,Data_Collected_KB,Total_Time,Total_Energy,Total_Flight_Distance,Total_Comm_Latency,Attempts,Retry_Sum,Total_Waypoints,Success_Rate,Avg_Comm_Latency,Eff_Data_Per_Time,Eff_Data_Per_Energy,Avg_Retry_Per_Node,Strategy,LYA_V,Node_File,Num_Nodes
48,2,0,3079.9241776521117,1986.452999793528,2383.978120902812,5.863028764467194,1986.1598483553046,198,148,50,0.96,10.03111034522881,1.550464157960062,1.291926360668841,0.7474747474747475,baseline,,data1001,50
44,6,1,1902.0334305559675,964.0972182993353,1157.1511831097812,5.863028764467194,963.8040668611119,96,46,50,0.88,10.039625696469916,1.972864763484277,1.6437207672763687,0.4791666666666667,lya_V0.5,0.5,data1001,50
45,5,1,2683.2433542555386,845.6596381467344,1015.0260869266601,5.863028764467194,845.3664867085109,84,34,50,0.9,10.063886746529892,3.1729589934502185,2.6435215693618073,0.40476190476190477,lya_V1.0,1.0,data1001,50
40,10,2,1411.4293407964676,1023.1160101198162,1227.9737332943585,5.863028764467194,1022.8228586815928,102,52,50,0.8,10.027675085113655,1.379539882902601,1.1493970127601523,0.5098039215686274,lya_V2.0,2.0,data1001,50
39,11,5,1538.2127263321463,963.3695768908876,1156.2780134196441,5.863028764467194,963.0764254526642,96,46,50,0.78,10.032046098465253,1.596700542793211,1.3303139110834998,0.4791666666666667,lya_V3.0,3.0,data1001,50
40,10,4,1301.9199721028735,992.8969913824292,1191.710910809494,5.863028764467194,992.6038399442058,99,49,50,0.8,10.026301413577837,1.311233676204604,1.09247969477641,0.494949494949495,lya_V4.0,4.0,data1001,50
38,12,0,1975.5706574274557,2494.232823189536,2993.304733327188,5.633637493624819,2493.951141314855,249,207,50,0.76,10.015868037409055,0.7920554324600566,0.6599965033401471,0.8313253012048193,baseline,,data1002,50
43,7,2,1578.774311727058,1003.439230498135,1204.3524220975073,5.633637493624819,1003.157548623454,100,50,50,0.86,10.031575486234539,1.5733631531859789,1.3108906352988066,0.5,lya_V0.5,0.5,data1002,50
40,10,5,920.0217604734197,922.1217253956278,1106.7714159744985,5.633637493624819,921.8400435209466,92,42,50,0.8,10.020000473053766,0.9977226814374132,0.8312662824449184,0.45652173913043476,lya_V1.0,1.0,data1002,50
44,6,2,2596.3967232975006,1015.4744753212759,1218.7947158852764,5.633637493624819,1015.1927934465949,101,51,50,0.88,10.05141379650094,2.5568311034859366,2.130298638037331,0.504950495049505,lya_V2.0,2.0,data1002,50
44,6,1,2381.4085670495283,955.0444990087802,1146.2787443102814,5.633637493624819,954.762817134099,95,45,50,0.88,10.050134917201042,2.4935053492493178,2.0775126284684164,0.47368421052631576,lya_V3.0,3.0,data1002,50
42,8,4,2362.9947031059946,905.007671280893,1086.2345510368168,5.633637493624819,904.7259894062117,90,40,50,0.84,10.052510993402352,2.611021738369969,2.175400055955229,0.4444444444444444,lya_V4.0,4.0,data1002,50
46,4,0,2660.969641827194,2355.5921715521854,2826.9267916774475,5.404645370623238,2355.321939283654,235,185,50,0.92,10.02264655014321,1.1296393637077613,0.9412941465839031,0.7872340425531915,baseline,,data1003,50
40,10,5,1979.898605635518,924.2300294798018,1109.2922211905877,5.404645370623238,923.9597972112706,92,42,50,0.8,10.04304127403555,2.1422141052373007,1.7848305142810077,0.45652173913043476,lya_V0.5,0.5,data1003,50
44,6,2,2565.062273679611,975.4003568158902,1170.6966139938934,5.404645370623238,975.130124547359,97,47,50,0.88,10.052887881931536,2.6297532656775253,2.1910563702142825,0.4845360824742268,lya_V1.0,1.0,data1003,50
42,8,5,1637.6398208898702,873.5455119103106,1048.470800107198,5.404645370623238,873.2752796417794,87,37,50,0.84,10.037646892434246,1.8747046359480481,1.5619317397512968,0.42528735632183906,lya_V2.0,2.0,data1003,50
41,9,4,1558.3605113868898,943.3869532913047,1132.2805297643908,5.404645370623238,943.1167210227734,94,44,50,0.82,10.03315660662525,1.651878379227161,1.3763024890228919,0.46808510638297873,lya_V3.0,3.0,data1003,50
42,8,4,1248.8637602101107,842.7679597889511,1011.5377375615667,5.404645370623238,842.4977275204199,84,34,50,0.84,10.02973485143357,1.4818595625335063,1.2346190496270035,0.40476190476190477,lya_V4.0,4.0,data1003,50
48,2,0,2910.8989887653265,2376.0971258942877,2851.5368134065498,5.5065583351420795,2375.8217979775304,237,187,50,0.96,10.024564548428398,1.225075758496091,1.020817607922747,0.7890295358649789,baseline,,data1004,50
42,8,3,2206.2296857533506,994.6877872882636,1193.845607079322,5.5065583351420795,994.4124593715064,99,49,50,0.84,10.044570296681883,2.2180122385618257,1.8480025161300135,0.494949494949495,lya_V0.5,0.5,data1004,50
40,10,4,1565.0065940934967,1033.405341104944,1240.3066716593378,5.5065583351420795,1033.1300131881867,103,53,50,0.8,10.03038847755521,1.5144169783563832,1.2617900313313326,0.5145631067961165,lya_V1.0,1.0,data1004,50
42,8,1,1808.4226857891033,1023.8921732883352,1228.8908702794076,5.5065583351420795,1023.616845371578,102,52,50,0.84,10.035459268348804,1.7662237616107246,1.4715893245898475,0.5098039215686274,lya_V2.0,2.0,data1004,50
44,6,1,2020.662536825128,994.3166529904074,1193.4002459218939,5.5065583351420795,994.0413250736501,99,49,50,0.88,10.040821465390405,2.032212304549044,1.6931976876409802,0.494949494949495,lya_V3.0,3.0,data1004,50
44,6,3,2314.4698114249313,904.9042675396068,1086.1053833809337,5.5065583351420795,904.6289396228498,90,40,50,0.88,10.051432662476108,2.557695763462215,2.130980885317248,0.4444444444444444,lya_V4.0,4.0,data1004,50
46,4,0,2861.5848606178347,2345.99412387715,2815.40971197731,5.419083118300426,2345.7231697212355,234,184,50,0.92,10.02445799026169,1.2197749480670415,1.0164008628811951,0.7863247863247863,baseline,,data1005,50
46,4,1,3080.73810745819,986.4324303708315,1183.9356797697296,5.419083118300426,986.1614762149163,98,48,50,0.92,10.062872206274657,3.1231111352452614,2.602116111626419,0.4897959183673469,lya_V0.5,0.5,data1005,50
38,12,9,569.809401152531,881.4105729582202,1057.909450874596,5.419083118300426,881.139618802305,88,38,50,0.76,10.012950213662556,0.6464744338613018,0.5386183105571631,0.4318181818181818,lya_V1.0,1.0,data1005,50
41,9,5,1385.3218165039737,873.0415977889232,1047.8666806714398,5.419083118300426,872.770643633008,87,37,50,0.82,10.031846478540322,1.5867764147922139,1.3220401431375826,0.42528735632183906,lya_V2.0,2.0,data1005,50
37,13,9,1016.6960155272129,892.3043461869697,1070.981978749095,5.419083118300426,892.0333920310545,89,39,50,0.74,10.022847101472523,1.1394049797827375,0.9493119732179919,0.43820224719101125,lya_V3.0,3.0,data1005,50
42,8,6,2397.1072469997457,935.0651686499148,1122.294965704629,5.419083118300426,934.7942144939997,93,43,50,0.84,10.051550693483868,2.5635723876452237,2.1358977098277636,0.46236559139784944,lya_V4.0,4.0,data1005,50
41,9,0,2149.5914460669474,2494.5967037082582,2993.7540611028066,5.950416322450355,2494.299182892135,249,204,50,0.82,10.01726579474753,0.8616989843975762,0.7180253962729003,0.8192771084337349,baseline,,data1006,50
40,10,2,1844.8587891098778,1043.9872383943425,1253.0227027261087,5.950416322450355,1043.68971757822,104,54,50,0.8,10.035478053636732,1.767127720782564,1.4723267065282657,0.5192307692307693,lya_V0.5,0.5,data1006,50
46,4,0,2307.146196174913,874.9118132084725,1050.1321925030645,5.950416322450355,874.6142923923501,87,37,50,0.92,10.05303784359023,2.637004280138997,2.1970054938280352,0.42528735632183906,lya_V1.0,1.0,data1006,50
41,9,2,2138.8098016339854,964.5751404193908,1157.7281851561668,5.950416322450355,964.2776196032682,96,46,50,0.82,10.044558537534044,2.217359448745533,1.8474196526065225,0.4791666666666667,lya_V2.0,2.0,data1006,50
41,9,1,1974.746921851247,1064.2470146598255,1277.3344342446878,5.950416322450355,1063.9494938437028,106,56,50,0.82,10.03725937588399,1.8555343774983033,1.5459905165861692,0.5283018867924528,lya_V3.0,3.0,data1006,50
42,8,1,1317.9365999506672,1022.933394016024,1227.7580894721268,5.950416322450355,1022.6358731999014,102,52,50,0.84,10.025841894116681,1.288389456889724,1.073449738390494,0.5098039215686274,lya_V4.0,4.0,data1006,50
50,0,0,3861.144757574605,1818.0056075372358,2181.833383462353,5.666360441735921,1817.7222895151488,181,131,50,1.0,10.042664582956624,2.1238354499935292,1.7696790171242827,0.7237569060773481,baseline,,data1007,50
45,5,0,2617.2135192072465,905.5177450605013,1086.8479484902705,5.666360441735921,905.2344270384145,90,40,50,0.9,10.058160300426827,2.8902951195422237,2.4080769741920123,0.4444444444444444,lya_V0.5,0.5,data1007,50
38,12,7,1869.1813733643778,1004.0216807688156,1205.0526713402478,5.666360441735921,1003.7383627467287,100,50,50,0.76,10.037383627467287,1.8616942334682238,1.551120061238064,0.5,lya_V1.0,1.0,data1007,50
45,5,0,3357.2297588043757,976.9977775396956,1172.623987465304,5.666360441735921,976.7144595176088,97,47,50,0.9,10.069221232140297,3.436271643584134,2.863006210593752,0.4845360824742268,lya_V2.0,2.0,data1007,50
43,7,3,2577.979948153758,875.4392779183943,1050.7537879197423,5.666360441735921,875.1559598963076,87,37,50,0.86,10.059263906854111,2.944784422151629,2.4534576775189003,0.42528735632183906,lya_V3.0,3.0,data1007,50
45,5,1,2964.2378460352074,936.2117937141572,1123.6808068746577,5.666360441735921,935.9284756920704,93,43,50,0.9,10.06374705045237,3.166204341728517,2.637971413145136,0.46236559139784944,lya_V4.0,4.0,data1007,50
42,8,0,2568.3026582529224,2495.402929354444,2994.696574455687,5.32648075878302,2495.136605316505,249,201,50,0.84,10.020628937014077,1.0292136103716674,0.8576169886993424,0.8072289156626506,baseline,,data1008,50
43,7,5,1920.9044666471534,824.1081329712338,989.1428187958317,5.32648075878302,823.8418089332946,82,32,50,0.86,10.046851328454812,2.3308888600838555,1.941988993041101,0.3902439024390244,lya_V0.5,0.5,data1008,50
42,8,3,1743.547369877699,1093.7534187776946,1312.717161763585,5.32648075878302,1093.4870947397553,109,59,50,0.84,10.03199169486014,1.5940954697322642,1.328197284733682,0.5412844036697247,lya_V1.0,1.0,data1008,50
34,16,11,866.4117890064306,971.9991476159522,1166.6120363694938,5.32648075878302,971.732823578013,97,47,50,0.68,10.017864160598073,0.8913709349761278,0.7426734526953032,0.4845360824742268,lya_V2.0,2.0,data1008,50
39,11,3,1749.7048442653488,1023.7657337264702,1228.7319397021154,5.32648075878302,1023.4994096885309,102,52,50,0.78,10.034307938122852,1.7090871345112193,1.4239923190159232,0.5098039215686274,lya_V3.0,3.0,data1008,50
40,10,2,1851.3908692277787,943.969105776395,1132.9759861620253,5.32648075878302,943.7027817384559,94,44,50,0.8,10.039391295089956,1.9612833279168052,1.6340954193560586,0.46808510638297873,lya_V4.0,4.0,data1008,50
46,4,0,2607.546090292628,2485.4948022984936,2982.817530852521,5.594202358189806,2485.2150921805855,248,198,50,0.92,10.021028597502362,1.0491054287787147,0.8741889382510647,0.7983870967741935,baseline,,data1009,50
38,12,8,1291.6778796321544,952.8630658771741,1143.6594471469361,5.594202358189806,952.5833557592646,95,45,50,0.76,10.027193218518574,1.355575555279896,1.1294252697815568,0.47368421052631576,lya_V0.5,0.5,data1009,50
38,12,6,859.1065834566051,961.9979232848228,1154.621276036115,5.594202358189806,961.7182131669132,96,46,50,0.76,10.017898053822012,0.8930441144021531,0.7440592004384071,0.4791666666666667,lya_V1.0,1.0,data1009,50
40,10,3,2282.41001736627,974.8445301526419,1170.0372042774982,5.594202358189806,974.5648200347325,97,47,50,0.8,10.047060000358067,2.3413066871379873,1.950715762731379,0.4845360824742268,lya_V2.0,2.0,data1009,50
37,13,8,832.0748358668843,901.9438597896435,1082.5563998418997,5.594202358189806,901.6641496717339,90,40,50,0.74,10.018490551908155,0.9225350633918008,0.7686203102105381,0.4444444444444444,lya_V3.0,3.0,data1009,50
43,7,2,2265.2610101386936,954.8102321381868,1145.9960466601517,5.594202358189806,954.5305220202773,95,45,50,0.86,10.047689705476603,2.3724724912780877,1.976674367019403,0.47368421052631576,lya_V4.0,4.0,data1009,50
50,0,0,3215.8049367441686,1706.7353872544709,2048.325486610152,6.075547619648671,1706.431609873489,170,120,50,1.0,10.037832999255818,1.8841848365945308,1.5699677408526125,0.7058823529411765,baseline,,data1010,50
42,8,1,1269.298161319603,972.842373703622,1167.6538703491321,6.075547619648671,972.5385963226394,97,47,50,0.84,10.026171096109683,1.3047315738184495,1.087050018461446,0.4845360824742268,lya_V0.5,0.5,data1010,50
43,7,1,2150.515589866623,1014.6048085607159,1217.7687921776446,6.075547619648671,1014.3010311797335,101,51,50,0.86,10.042584467126074,2.1195598243983014,1.7659473651160145,0.504950495049505,lya_V1.0,1.0,data1010,50
46,4,0,2451.6622525699518,935.2071018861227,1122.4915441681328,6.075547619648671,934.9033245051401,93,43,50,0.92,10.052723919410107,2.6215180013340866,2.184125364068425,0.46236559139784944,lya_V2.0,2.0,data1010,50
46,4,0,2770.2130157765055,985.8442034125358,1183.2560659998287,6.075547619648671,985.5404260315534,98,48,50,0.92,10.056534959505646,2.8099906721440484,2.3411779541022075,0.4897959183673469,lya_V3.0,3.0,data1010,50
41,9,6,1957.2089078619606,894.2181951967067,1073.3048561408336,6.075547619648671,893.914417815724,89,39,50,0.82,10.043982222648586,2.1887375121364214,1.8235349413206656,0.43820224719101125,lya_V4.0,4.0,data1010,50
37,13,0,2198.516607547888,2494.683804604343,2993.8499826366105,5.735427784948054,2494.397033215096,249,208,50,0.74,10.017658767932113,0.8812806671090618,0.7343442792052353,0.8353413654618473,baseline,,data1011,50
45,5,1,2563.604167756646,895.4139797247606,1074.7261927811105,5.735427784948054,895.1272083355133,89,39,50,0.9,10.057609082421498,2.8630379085042503,2.3853556235776745,0.43820224719101125,lya_V0.5,0.5,data1011,50
47,3,0,2635.458172930937,965.5576877351091,1158.8986423935285,5.735427784948054,965.270916345862,96,46,50,0.94,10.05490537860273,2.7294673393496383,2.274105841980969,0.4791666666666667,lya_V1.0,1.0,data1011,50
44,6,0,1994.8456873676541,914.2764627639827,1097.3611724281766,5.735427784948054,913.9896913747355,91,41,50,0.88,10.04384276235973,2.1818845487249696,1.8178569986703432,0.45054945054945056,lya_V2.0,2.0,data1011,50
45,5,2,2148.045203617015,854.5828617964811,1025.7288512671753,5.735427784948054,854.296090407234,85,35,50,0.9,10.050542240085106,2.513559889442964,2.0941647502294014,0.4117647058823529,lya_V3.0,3.0,data1011,50
38,12,4,1729.146419930569,1043.7450642291087,1252.7234941863273,5.735427784948054,1043.4582928398613,104,54,50,0.76,10.033252815767897,1.6566750628973612,1.3803097235385444,0.5192307692307693,lya_V4.0,4.0,data1011,50
47,3,0,3236.0140314029104,2216.7317547229077,2660.2858869955708,5.194533202041687,2216.472028062805,221,171,50,0.94,10.029285194854321,1.45981308947659,1.216415892450396,0.7737556561085973,baseline,,data1012,50
46,4,1,2497.8495385516003,875.2554257372055,1050.514292212728,5.194533202041687,874.9956990771034,87,37,50,0.92,10.057421828472453,2.8538521043131206,2.3777397005140304,0.42528735632183906,lya_V0.5,0.5,data1012,50
41,9,5,1360.9393654525452,972.9816053910074,1167.7857077972903,5.194533202041687,972.7218787309054,97,47,50,0.82,10.028060605473252,1.398730826885089,1.1654016283686042,0.4845360824742268,lya_V1.0,1.0,data1012,50
39,11,6,2022.4012042978604,984.304529068698,1181.3732162105189,5.194533202041687,984.044802408596,98,48,50,0.78,10.041273493965265,2.0546499021104374,1.7119071065324303,0.4897959183673469,lya_V2.0,2.0,data1012,50
42,8,4,2442.6229259215156,965.1449725119453,1158.381748342416,5.194533202041687,964.8852458518433,96,46,50,0.84,10.050887977623367,2.5308352584215363,2.1086510810592296,0.4791666666666667,lya_V3.0,3.0,data1012,50
46,4,0,2613.520395889525,845.4867674518814,1014.791902270339,5.194533202041687,845.2270407917794,84,34,50,0.92,10.062226676092612,3.091142873549782,2.5754249615536318,0.40476190476190477,lya_V4.0,4.0,data1012,50
49,1,0,3397.105717241244,2097.0816673173194,2516.7279654870517,5.749117656717054,2096.794211434483,209,159,50,0.98,10.032508188681735,1.6199205639840308,1.3498104538222573,0.7607655502392344,baseline,,data1013,50
44,6,1,1785.7154699736607,993.8588868227829,1192.8606288936082,5.749117656717054,993.5714309399472,99,49,50,0.88,10.036075059999467,1.796749512078444,1.4970026059372352,0.494949494949495,lya_V0.5,0.5,data1013,50
43,7,1,1659.2537765271704,1103.6059634358899,1324.5571208293368,5.749117656717054,1103.3185075530544,110,60,50,0.86,10.030168250482312,1.503483880570349,1.2526857093850903,0.5454545454545454,lya_V1.0,1.0,data1013,50
48,2,0,3391.018262827561,867.0694924084906,1040.7133555964579,5.749117656717054,866.782036525655,86,36,50,0.96,10.078860889833198,3.9108956000841473,3.258359513301419,0.4186046511627907,lya_V2.0,2.0,data1013,50
44,6,0,2449.8440701997934,1035.1871440232353,1242.4545375341509,5.749117656717054,1034.8996881403996,103,53,50,0.88,10.04756978777087,2.3665711889335492,1.9717776354713947,0.5145631067961165,lya_V3.0,3.0,data1013,50
44,6,1,2273.0195267960526,934.8334949364277,1122.030158629982,5.749117656717054,934.5460390535919,93,43,50,0.88,10.048882140361204,2.431469923904071,2.025809653433423,0.46236559139784944,lya_V4.0,4.0,data1013,50
48,2,0,2975.6592570746643,2466.216175323614,2959.671295835909,5.297136189288307,2465.951318514149,246,196,50,0.96,10.024192351683533,1.20656870506666,1.0054019381345656,0.7967479674796748,baseline,,data1014,50
39,11,3,898.1604362502509,962.0611776819651,1154.6852986659294,5.297136189288307,961.7963208725007,96,46,50,0.78,10.018711675755215,0.9335793368300345,0.7778400203829947,0.4791666666666667,lya_V0.5,0.5,data1014,50
44,6,1,3262.2449830956475,906.7893467756558,1088.3591015783581,5.297136189288307,906.5244899661914,90,40,50,0.88,10.072494332957682,3.5975775351744876,2.9973976221310417,0.4444444444444444,lya_V1.0,1.0,data1014,50
40,10,3,1519.6847669182193,1013.3042263433009,1216.1769570595325,5.297136189288307,1013.0393695338365,101,51,50,0.8,10.030092767661747,1.499731993028676,1.2495589215836704,0.504950495049505,lya_V2.0,2.0,data1014,50
37,13,7,855.8086426671248,901.9764740947985,1082.5836543613298,5.297136189288307,901.7116172853341,90,40,50,0.74,10.019017969837046,0.9488148164019393,0.7905242603833781,0.4444444444444444,lya_V3.0,3.0,data1014,50
39,11,9,1915.3580061012499,794.0955728216667,953.1265728335719,5.297136189288307,793.8307160122024,79,29,50,0.78,10.048490076103828,2.4119993507776294,2.009552624691848,0.3670886075949367,lya_V4.0,4.0,data1014,50
48,2,0,2947.900072020205,2046.2066214503134,2455.696602785394,6.216426125464563,2045.8958001440405,204,154,50,0.96,10.028900981098237,1.4406658844309612,1.2004333388239103,0.7549019607843137,baseline,,data1015,50
41,9,4,2522.845061439493,1125.3565114291519,1350.6764707600012,6.216426125464563,1125.045690122879,112,62,50,0.82,10.045050804668563,2.2418185133488,1.8678381655822682,0.5535714285714286,lya_V0.5,0.5,data1015,50
40,10,3,1645.1751200263604,943.6011715463259,1132.5700629006099,6.216426125464563,943.2903502400527,94,44,50,0.8,10.035003725958008,1.7435068645901857,1.4526033963964442,0.46808510638297873,lya_V1.0,1.0,data1015,50
45,5,0,2721.1468235811794,1025.7531149534354,1231.1523949891412,6.216426125464563,1025.4422936471622,102,52,50,0.9,10.053355820070218,2.6528282331413706,2.210243699038721,0.5098039215686274,lya_V2.0,2.0,data1015,50
49,1,0,3278.281144703844,846.8673835956808,1016.4895173598358,6.216426125464563,846.5565622894077,84,34,50,0.98,10.078054312969138,3.8710679006017674,3.2251007892522487,0.40476190476190477,lya_V3.0,3.0,data1015,50
40,10,5,2019.1902989091527,1004.3492019040915,1205.4676993299283,6.216426125464563,1004.0383805978184,100,50,50,0.8,10.040383805978184,2.010446461331456,1.6750264648580302,0.5,lya_V4.0,4.0,data1015,50
50,0,0,3298.0900392884514,1596.8633242546896,1916.4497044465163,5.342883522241207,1596.5961800785774,159,109,50,1.0,10.041485409299229,2.0653552431156137,1.7209374353192128,0.6855345911949685,baseline,,data1016,50
43,7,2,1464.9428940384857,923.1970299641891,1108.0501512979165,5.342883522241207,922.9298857880771,92,42,50,0.86,10.031846584653012,1.5868149988473328,1.3220907847199175,0.45652173913043476,lya_V0.5,0.5,data1016,50
41,9,3,1684.5770164836274,1023.6362982090794,1228.5772731917848,5.342883522241207,1023.3691540329676,102,52,50,0.82,10.03303092189184,1.64567925095164,1.371160816044706,0.5098039215686274,lya_V1.0,1.0,data1016,50
43,7,1,2109.526485201952,944.4861971465161,1133.5971519167088,5.342883522241207,944.219052970404,94,44,50,0.86,10.044883542238342,2.2335175374455,1.8609137131609075,0.46808510638297873,lya_V2.0,2.0,data1016,50
36,14,8,1205.8245489698347,892.6787932740519,1071.4282672697518,5.342883522241207,892.4116490979396,89,39,50,0.72,10.027097180875726,1.3507933178823115,1.1254365651958724,0.43820224719101125,lya_V3.0,3.0,data1016,50
44,6,0,2013.199595283364,1004.293543366679,1205.365967380904,5.342883522241207,1004.026399190567,100,50,50,0.88,10.04026399190567,2.004592789210357,1.6701978069430419,0.5,lya_V4.0,4.0,data1016,50
49,1,0,3323.940912382968,1936.9378327060124,2324.55735995221,5.799017624922912,1936.6478818247656,193,143,50,0.98,10.034444983548008,1.7160803285767996,1.4299242383295303,0.7409326424870466,baseline,,data1017,50
45,5,2,2564.2435299095305,1015.4184379410648,1218.7340862342753,5.799017624922912,1015.1284870598187,101,51,50,0.9,10.050777099602165,2.5253072369938194,2.1040221643695047,0.504950495049505,lya_V0.5,0.5,data1017,50
42,8,2,2161.081019441954,1004.6121129201297,1205.7664962091528,5.799017624922912,1004.3221620388837,100,50,50,0.84,10.043221620388836,2.1511596283268863,1.7922881637831576,0.5,lya_V1.0,1.0,data1017,50
36,14,9,1247.921773978327,1042.7857944292023,1251.57491402004,5.799017624922912,1042.4958435479564,104,54,50,0.72,10.023998495653426,1.1967191926136773,0.9970811654973339,0.5192307692307693,lya_V2.0,2.0,data1017,50
41,9,4,1758.4479254109342,1043.8068467320675,1252.8001767834783,5.799017624922912,1043.5168958508216,104,54,50,0.82,10.0338163062579,1.6846487747385952,1.4036140463562907,0.5192307692307693,lya_V3.0,3.0,data1017,50
42,8,1,2066.5406708337164,954.4230322229132,1145.5395993724928,5.799017624922912,954.1330813416672,95,45,50,0.84,10.04350611938597,2.1652250637965107,1.803988855527764,0.47368421052631576,lya_V4.0,4.0,data1017,50
47,3,0,3127.4019128432046,2366.538028422981,2840.072213785411,5.664491945873405,2366.254803825687,236,186,50,0.94,10.026503406041046,1.321509257523848,1.1011698567603758,0.788135593220339,baseline,,data1018,50
46,4,0,3057.9314677821503,996.3990875328577,1195.9054847172645,5.664491945873405,996.1158629355642,99,49,50,0.92,10.061776393288527,3.0689826055077662,2.557000956062264,0.494949494949495,lya_V0.5,0.5,data1018,50
36,14,10,482.4440923999249,921.2481127820934,1105.724315016347,5.664491945873405,920.9648881847997,92,42,50,0.72,10.01048791505217,0.523685297919345,0.4363149890511293,0.45652173913043476,lya_V1.0,1.0,data1018,50
44,6,1,1980.8831919061743,984.2449909811058,1181.3205688551623,5.664491945873405,983.9617663838121,98,48,50,0.88,10.040426187589919,2.0125915905669065,1.6768379761861605,0.4897959183673469,lya_V2.0,2.0,data1018,50
41,9,2,1659.0278575543202,963.6012803124021,1156.5481160527177,5.664491945873405,963.3180557151084,96,46,50,0.82,10.034563080365713,1.7216953645147286,1.4344650555625467,0.4791666666666667,lya_V3.0,3.0,data1018,50
40,10,4,1755.725643065669,973.7946758834248,1168.7801907379448,5.664491945873405,973.5114512861311,97,47,50,0.8,10.036200528723,1.8029731385344427,1.502186345199039,0.4845360824742268,lya_V4.0,4.0,data1018,50
50,0,0,3500.5202341174313,1587.3044771286857,1905.0081218827843,6.068733209009869,1587.001040468235,158,108,50,1.0,10.044310382710348,2.2053237325012836,1.8375355957316066,0.6835443037974683,baseline,,data1019,50
46,4,0,2656.1686881562855,895.6157740367634,1074.981678172476,6.068733209009869,895.3123373763124,89,39,50,0.92,10.05968918400351,2.965745764150928,2.4708967065112297,0.43820224719101125,lya_V0.5,0.5,data1019,50
45,5,4,3006.7337187949247,926.3169040980407,1111.8230342460088,6.068733209009869,926.0134674375897,92,42,50,0.9,10.065363776495541,3.245901813400022,2.7043276008703705,0.45652173913043476,lya_V1.0,1.0,data1019,50
42,8,2,1741.211468465222,1023.7858595973812,1228.7857808452175,6.068733209009869,1023.4824229369302,102,52,50,0.84,10.034141401342453,1.7007574896082067,1.417017917693948,0.5098039215686274,lya_V2.0,2.0,data1019,50
44,6,2,2293.358056733676,964.8901527739183,1158.1109326570618,6.068733209009869,964.5867161134673,96,46,50,0.88,10.047778292848617,2.376807401485658,1.980257669679371,0.4791666666666667,lya_V3.0,3.0,data1019,50
45,5,0,2473.4352246129965,1035.2503071096767,1242.5431178599722,6.068733209009869,1034.9468704492256,103,53,50,0.9,10.048027868439084,2.3892146736170496,1.9906232540831144,0.5145631067961165,lya_V4.0,4.0,data1019,50
47,3,0,2732.0675769585355,2435.7311774216414,2923.0910467201484,5.340845354460851,2435.4641351539176,243,193,50,0.94,10.02248615289678,1.121662194204281,0.9346501813633378,0.7942386831275721,baseline,,data1020,50
45,5,3,2124.894075573111,844.5168304188692,1013.6338303168213,5.340845354460851,844.2497881511462,84,34,50,0.9,10.050592716085074,2.5161062503860245,2.0963132958071795,0.40476190476190477,lya_V0.5,0.5,data1020,50
40,10,7,1609.0813328796921,853.4852049334822,1024.395879734357,5.340845354460851,853.2181626657592,85,35,50,0.8,10.037860737244227,1.8853066504006926,1.570761230801664,0.4117647058823529,lya_V1.0,1.0,data1020,50
44,6,1,2186.8081349452864,824.6406585376137,989.7824240593146,5.340845354460851,824.3736162698907,82,32,50,0.88,10.053336783779155,2.6518315733101114,2.2093826701596773,0.3902439024390244,lya_V2.0,2.0,data1020,50
35,15,12,841.1608220129975,951.949363911749,1142.5528705082768,5.340845354460851,951.682321644026,95,45,50,0.7,10.017708648884485,0.8836192910056694,0.7362117270238866,0.47368421052631576,lya_V3.0,3.0,data1020,50
41,9,5,1667.6563943090653,803.6023550563411,964.5364598817877,5.340845354460851,803.3353127886181,80,30,50,0.82,10.041691409857727,2.0752258673907753,1.728971857127569,0.375,lya_V4.0,4.0,data1020,50
57,43,0,3415.6217855395057,2497.196632642535,2996.928270428206,7.307781429110748,2496.8312435710786,249,189,100,0.57,10.027434713136863,1.3677824729104704,1.139707552977728,0.7590361445783133,baseline,,data31,100
79,21,13,2672.8458745230523,1785.7110808205016,2143.145608241766,7.307781429110748,1785.3456917490462,178,78,100,0.79,10.030031976118236,1.4967963760940144,1.2471601855908672,0.43820224719101125,lya_V0.5,0.5,data31,100
91,9,2,6335.316873358364,1843.0360228181721,2211.9355386389702,7.307781429110748,1842.6706337467167,183,83,100,0.91,10.069238435774409,3.4374351857057466,2.8641507687229253,0.453551912568306,lya_V1.0,1.0,data31,100
77,23,11,3837.329204437516,1858.0400474803305,2229.940368233561,7.307781429110748,1857.674658408875,185,85,100,0.77,10.041484640047974,2.0652564564694287,1.7208214439730702,0.4594594594594595,lya_V2.0,2.0,data31,100
82,18,8,4478.1758752913365,1809.321740822038,2171.47840024361,7.307781429110748,1808.9563517505826,180,80,100,0.82,10.04975750972546,2.4750577933456683,2.0622705133926025,0.4444444444444444,lya_V3.0,3.0,data31,100
80,20,3,2923.231273849091,2116.2118516191535,2539.7465332001498,7.307781429110748,2115.8464625476986,211,111,100,0.8,10.027708353306629,1.3813509604969236,1.1509933119844602,0.5260663507109005,lya_V4.0,4.0,data31,100
50,50,0,3514.143811950048,2497.418663853516,2997.2146976079125,7.807524592312476,2497.0282876239,249,196,100,0.5,10.028226054714457,1.4071104147703155,1.1724698316589395,0.7871485943775101,baseline,,data32,100
89,11,2,4416.092528328501,1989.2225612862728,2387.379374527219,7.807524592312476,1988.832185056657,198,98,100,0.89,10.044606995235641,2.2200092710958215,1.8497657202902806,0.494949494949495,lya_V0.5,0.5,data32,100
85,15,5,4468.822402158529,1929.3280210339324,2315.505926224411,7.807524592312476,1928.9376448043165,192,92,100,0.85,10.046550233355815,2.3162584866018143,1.9299550700978974,0.4791666666666667,lya_V1.0,1.0,data32,100
86,14,4,3783.2338136490043,1907.9568438569133,2289.8605136119877,7.807524592312476,1907.5664676272975,190,90,100,0.86,10.039823513827882,1.982871795989494,1.652167802868217,0.47368421052631576,lya_V2.0,2.0,data32,100
78,22,9,2571.3005640640217,1965.5329773577437,2358.9518738129855,7.807524592312476,1965.1426011281274,196,96,100,0.78,10.026237760857793,1.3081950766965043,1.0900182375945626,0.4897959183673469,lya_V3.0,3.0,data32,100
86,14,4,4904.386021626578,2030.1991482728688,2436.5512789111353,7.807524592312476,2029.8087720432527,202,102,100,0.86,10.048558277441845,2.415716717150058,2.012839238835264,0.504950495049505,lya_V4.0,4.0,data32,100
47,53,0,2809.466960796706,2496.017955768155,2995.5407643990325,7.98043693123136,2495.6189339215935,249,197,100,0.47,10.022565999685114,1.1255796274638925,0.9378830674535465,0.7911646586345381,baseline,,data33,100
80,20,10,4086.4299383166463,1808.571881723195,2170.605475545082,7.98043693123136,1808.1728598766338,180,80,100,0.8,10.04540477709241,2.2594788626389146,1.882622145920121,0.4444444444444444,lya_V0.5,0.5,data33,100
90,10,1,4919.010644783016,2040.2370431361276,2448.603669240603,7.98043693123136,2039.8380212895663,203,103,100,0.9,10.048463159061903,2.410999575432575,2.0089043835781606,0.5073891625615764,lya_V1.0,1.0,data33,100
88,12,6,5374.278733594172,1971.1475793137495,2365.696312653749,7.98043693123136,1970.7485574671887,196,96,100,0.88,10.054839578914228,2.726472025734986,2.271753438870397,0.4897959183673469,lya_V2.0,2.0,data33,100
84,16,7,4399.80484984519,1899.1986315462514,2279.357575332752,7.98043693123136,1898.7996096996906,189,89,100,0.84,10.046558781479844,2.3166638690462014,1.9302828557747833,0.4708994708994709,lya_V3.0,3.0,data33,100
87,13,2,4709.16771674471,1929.8173572800504,2316.1000462133106,7.98043693123136,1929.4183354334896,192,92,100,0.87,10.049053830382759,2.4402141990172423,2.0332315628782642,0.4791666666666667,lya_V4.0,4.0,data33,100
55,45,0,4292.950127752275,2498.9712307988607,2999.073741393316,7.706610867115224,2498.585900255505,249,191,100,0.55,10.034481527130541,1.717886974785189,1.4314253325954722,0.7670682730923695,baseline,,data34,100
88,12,3,4979.381665546499,2000.3440938744488,2400.7211770840213,7.706610867115224,1999.9587633310935,199,99,100,0.88,10.050044036839665,2.489262562773377,2.0741191076568857,0.49748743718592964,lya_V0.5,0.5,data34,100
85,15,4,4331.27511435447,1869.0478807720644,2243.1657213611606,7.706610867115224,1868.6625502287093,186,86,100,0.85,10.046572850691986,2.317369800374141,1.9308761154419913,0.46236559139784944,lya_V1.0,1.0,data34,100
76,24,10,2921.5487273421277,2086.2284279980404,2503.7823780323315,7.706610867115224,2085.8430974546845,208,108,100,0.76,10.028091814685983,1.4003973333570507,1.1668540976145498,0.5192307692307693,lya_V2.0,2.0,data34,100
79,21,5,3505.5643833298814,2107.3964593100154,2529.1840156067015,7.706610867115224,2107.01112876666,210,110,100,0.79,10.033386327460287,1.663457470398162,1.3860456027312689,0.5238095238095238,lya_V3.0,3.0,data34,100
89,11,1,5103.896251882365,2040.5931230471201,2449.0200120912277,7.706610867115224,2040.207792503765,203,103,100,0.89,10.050284692136772,2.501182717043053,2.0840565722956783,0.5073891625615764,lya_V4.0,4.0,data34,100
49,51,0,3607.958282768498,2497.6108130550438,2997.4488928576607,7.897929790171599,2497.2159165655366,249,195,100,0.49,10.028979584600549,1.4445638463405321,1.203676330017023,0.7831325301204819,baseline,,data35,100
86,14,2,4183.9271065998755,2058.7627507027087,2470.831218034859,7.897929790171599,2058.3678542132006,205,105,100,0.86,10.040818801040004,2.0322531603856704,1.6933277660007484,0.5121951219512195,lya_V0.5,0.5,data35,100
90,10,2,4757.455403420378,1879.9098072963498,2256.2076859472277,7.897929790171599,1879.5149108068415,187,87,100,0.9,10.050881875972415,2.5306827939061924,2.108607036955043,0.46524064171123,lya_V1.0,1.0,data35,100
86,14,2,3566.9985506151565,2117.52889359074,2541.3505895004946,7.897929790171599,2117.1339971012317,211,111,100,0.86,10.033810412802046,1.6845099783108597,1.4035838130134788,0.5260663507109005,lya_V2.0,2.0,data35,100
89,11,1,4502.161091359525,1929.399218672228,2315.594979598282,7.897929790171599,1929.0043221827198,192,92,100,0.89,10.046897511368332,2.3334523243239507,1.9442783090420142,0.4791666666666667,lya_V3.0,3.0,data35,100
74,26,17,3055.603638917114,1906.506103767343,2288.1232417124193,7.897929790171599,1906.1112072778349,190,90,100,0.74,10.03216424883071,1.6027242886236253,1.3354191693933044,0.47368421052631576,lya_V4.0,4.0,data35,100
38,62,0,2646.0584131828828,2495.682619612566,2995.1315457640444,7.8100557240386355,2495.292116826365,249,206,100,0.38,10.021253481230382,1.0602543738488917,0.8834531548122322,0.8273092369477911,baseline,,data36,100
84,16,8,4328.454149832663,1859.047411085868,2231.169295532004,7.8100557240386355,1858.6569082996652,185,85,100,0.84,10.04679409891711,2.328318322610404,1.9399935982000764,0.4594594594594595,lya_V0.5,0.5,data36,100
87,13,5,4948.911215489087,1810.2883252171803,2172.658392489579,7.8100557240386355,1809.8978224309776,180,80,100,0.87,10.05498790239432,2.733769613685912,2.277813775325393,0.4444444444444444,lya_V1.0,1.0,data36,100
78,22,8,2617.8700983235663,1885.6262429828496,2263.063893808381,7.8100557240386355,1885.2357401966467,188,88,100,0.78,10.027849681897058,1.3883292662401585,1.1567813465125378,0.46808510638297873,lya_V2.0,2.0,data36,100
79,21,10,4054.334750411446,2068.499172287025,2482.511408973392,7.8100557240386355,2068.108669500822,206,106,100,0.79,10.039362473304962,1.9600369218078015,1.6331585569985596,0.5145631067961165,lya_V3.0,3.0,data36,100
85,15,4,4862.675452472987,1940.115853691148,2328.45142665834,7.8100557240386355,1939.7253509049453,193,93,100,0.85,10.050390419196608,2.5063840611484887,2.0883731551366824,0.48186528497409326,lya_V4.0,4.0,data36,100
51,49,0,4412.829307286345,2499.2149662605775,2999.369405629501,7.786152920132134,2498.825658614572,249,196,100,0.51,10.035444412106715,1.7656861722019022,1.4712523569133993,0.7871485943775101,baseline,,data37,100
85,15,7,4246.448786492303,1808.882205218992,2170.9700923795945,7.786152920132134,1808.4928975729845,180,80,100,0.85,10.047182764294359,2.347554071923775,1.9560144109759623,0.4444444444444444,lya_V0.5,0.5,data37,100
82,18,10,4251.9313993382875,1778.893170444684,2134.9832506504254,7.786152920132134,1778.503862798677,177,77,100,0.82,10.048044422591396,2.3902117732429082,1.9915525791796873,0.4350282485875706,lya_V1.0,1.0,data37,100
78,22,10,3723.568061726466,1947.8364437694604,2337.7151786401573,7.786152920132134,1947.4471361234532,194,94,100,0.78,10.038387299605429,1.9116430815518592,1.5928236663512,0.4845360824742268,lya_V2.0,2.0,data37,100
79,21,12,3324.3295944910524,1807.0379668349894,2168.7570063187923,7.786152920132134,1806.6486591889823,180,80,100,0.79,10.036936995494345,1.8396567507176318,1.5328271377592952,0.4444444444444444,lya_V3.0,3.0,data37,100
90,10,5,5983.6977197738715,1812.3567030855552,2175.13948981947,7.786152920132134,1811.9673954395475,180,80,100,0.9,10.066485530219708,3.3016114926970874,2.75094896110341,0.4444444444444444,lya_V4.0,4.0,data37,100
57,43,0,2531.9515077250867,2495.430538966794,2994.809955521228,7.332719026870395,2495.06390301545,249,188,100,0.57,10.020336959901405,1.0146351373793052,0.8454464708377184,0.7550200803212851,baseline,,data38,100
88,12,4,5164.041391108021,1970.694718733559,2365.126971241345,7.332719026870395,1970.3280827822155,196,96,100,0.88,10.052694299909263,2.6204167200623667,2.183409793173876,0.4897959183673469,lya_V0.5,0.5,data38,100
77,23,15,3097.1112256419606,1836.5608584026272,2204.1663388442275,7.332719026870395,1836.1942224512836,183,83,100,0.77,10.033848210116304,1.6863646045117795,1.4051168330907167,0.453551912568306,lya_V1.0,1.0,data38,100
74,26,19,2491.2057935981925,1765.3490475385395,2118.7121658073224,7.332719026870395,1764.9824115871959,176,76,100,0.74,10.028309156745431,1.4111689680132828,1.1758113413432605,0.4318181818181818,lya_V2.0,2.0,data38,100
81,19,10,3757.8645064775515,1807.8823649642984,2169.7521467182323,7.332719026870395,1807.5157290129546,180,80,100,0.81,10.04175405007197,2.0786001231621953,1.7319326136680413,0.4444444444444444,lya_V3.0,3.0,data38,100
78,22,11,2414.120092703275,1915.1948761367498,2298.5271601251743,7.332719026870395,1914.828240185406,191,91,100,0.78,10.02527874442621,1.2605088509702658,1.0502900007376053,0.47643979057591623,lya_V4.0,4.0,data38,100
50,50,0,2920.5965253734216,2496.221887558181,2995.770820675767,7.613890148699849,2495.841193050747,249,196,100,0.5,10.023458606629505,1.170006777013868,0.9749065266329725,0.7871485943775101,baseline,,data39,100
84,16,8,4559.658490281642,1879.5000114879988,2255.7045693915466,7.613890148699849,1879.1193169805638,187,87,100,0.84,10.048766400965581,2.4259954575215796,2.021389924972118,0.46524064171123,lya_V0.5,0.5,data39,100
82,18,12,5519.462736469304,1731.4196199803741,2078.008099582396,7.613890148699849,1731.0389254729391,172,72,100,0.82,10.064179799261273,3.187824992148274,2.656131483596486,0.4186046511627907,lya_V1.0,1.0,data39,100
76,24,15,3299.42312817917,1786.9795407637941,2144.6800045224995,7.613890148699849,1786.5988462563591,178,78,100,0.76,10.037072169979545,1.8463687204661137,1.5384221054990286,0.43820224719101125,lya_V2.0,2.0,data39,100
87,13,1,3624.9196493653862,1887.6305338061663,2265.461196173348,7.613890148699849,1887.2498392987313,188,88,100,0.87,10.038562974993251,1.9203544255327327,1.6000802200842532,0.46808510638297873,lya_V3.0,3.0,data39,100
86,14,2,4493.575470506634,1949.3678454484489,2339.5459701440864,7.613890148699849,1948.9871509410139,194,94,100,0.86,10.046325520314504,2.3051449632754633,1.9207040715809856,0.4845360824742268,lya_V4.0,4.0,data39,100
62,38,0,4451.156878889136,2499.299658033598,2999.477465060972,7.946885516391634,2498.9023137577783,249,186,100,0.62,10.035752264087463,1.7809616644333168,1.4839774363161136,0.7469879518072289,baseline,,data40,100
86,14,1,4844.68459230159,1940.086713460423,2328.421931573163,7.946885516391634,1939.6893691846035,193,93,100,0.86,10.050203985412454,2.497148482430664,2.0806729770958445,0.48186528497409326,lya_V0.5,0.5,data40,100
74,26,18,3425.9528857712276,1847.2492500473622,2217.0169754774906,7.946885516391634,1846.851905771543,184,84,100,0.74,10.037238618323602,1.8546240501564086,1.5452984454633516,0.45652173913043476,lya_V1.0,1.0,data40,100
83,17,5,4314.450015146812,2039.026244306113,2447.1493685879923,7.946885516391634,2038.628900030294,203,103,100,0.83,10.042506896700957,2.1159364805601277,1.7630513570310806,0.5073891625615764,lya_V2.0,2.0,data40,100
81,19,11,3655.5760316804062,1787.7084963391808,2145.568071027672,7.946885516391634,1787.3111520633615,178,78,100,0.81,10.041073887996413,2.0448389875453366,1.703780029654095,0.43820224719101125,lya_V3.0,3.0,data40,100
84,16,9,3932.824949105977,1858.262994174032,2230.2334684294933,7.946885516391634,1857.8656498982125,185,85,100,0.84,10.042517026476824,2.116398465360418,1.7634140123793542,0.4594594594594595,lya_V4.0,4.0,data40,100
50,50,0,3615.0285197880085,2497.6228730618877,2997.461700492114,7.856320446214592,2497.230057039577,249,195,100,0.5,10.02903637365292,1.4473876575915041,1.2060299283205203,0.7831325301204819,baseline,,data41,100
89,11,2,5642.128560276023,1931.677073142864,2318.3267405892852,7.856320446214592,1931.284257120553,192,92,100,0.89,10.05877217250288,2.9208446063379556,2.433707234400391,0.4791666666666667,lya_V0.5,0.5,data41,100
89,11,3,5387.7368884786965,1861.1682897992696,2233.716200576971,7.856320446214592,1860.7754737769585,185,85,100,0.89,10.058245804199776,2.894814465735269,2.4120060046513694,0.4594594594594595,lya_V1.0,1.0,data41,100
83,17,4,4364.347762282837,2059.121511546878,2471.2600666741014,7.856320446214592,2058.7286955245672,205,105,100,0.83,10.042579002558865,2.1195192890798364,1.7660414705589897,0.5121951219512195,lya_V2.0,2.0,data41,100
83,17,7,3278.655996061942,1956.9501280144357,2348.6544064351715,7.856320446214592,1956.5573119921248,195,95,100,0.83,10.033627240985256,1.6753906750748615,1.3959720881363482,0.48717948717948717,lya_V3.0,3.0,data41,100
86,14,4,5550.218084620229,1901.4932521915525,2282.10615544771,7.856320446214592,1901.1004361692417,189,89,100,0.86,10.058732466503924,2.918873405531871,2.432059556638535,0.4708994708994709,lya_V4.0,4.0,data41,100
52,48,0,3686.3769791245745,2497.7456183398513,2997.593033513102,7.4572876320221715,2497.3727539582483,249,192,100,0.52,10.029609453647584,1.4758816718792835,1.2297790053255613,0.7710843373493976,baseline,,data42,100
83,17,5,3408.383594940999,2047.1896315714832,2456.9258493910584,7.4572876320221715,2046.816767189882,204,104,100,0.83,10.033415525440597,1.6649085860817998,1.3872553767895586,0.5098039215686274,lya_V0.5,0.5,data42,100
84,16,7,3070.3741549950187,1766.513612691591,2120.1146267351905,7.4572876320221715,1766.1407483099902,176,76,100,0.84,10.034890615397671,1.7380982138692773,1.4482113920996587,0.4318181818181818,lya_V1.0,1.0,data42,100
81,19,9,3939.9079129590477,1878.2526802075197,2254.2015077543037,7.4572876320221715,1877.8798158259185,187,87,100,0.81,10.042138052545019,2.0976453032526727,1.7478064402876254,0.46524064171123,lya_V2.0,2.0,data42,100
88,12,2,4209.235165420675,1888.7913347124424,2266.847893160211,7.4572876320221715,1888.4184703308415,188,88,100,0.88,10.044779097504476,2.2285337125720703,1.8568670523157969,0.46808510638297873,lya_V3.0,3.0,data42,100
77,23,13,2934.1271741746577,1876.2411187299506,2251.787633981222,7.4572876320221715,1875.8682543483494,187,87,100,0.77,10.031381039295987,1.563832678478341,1.303021266258151,0.46524064171123,lya_V4.0,4.0,data42,100
43,57,0,2187.498765024301,2494.7682080983545,2994.0364181726727,7.864211366156816,2494.3749975300484,249,203,100,0.43,10.017570271205013,0.8768344722060288,0.7306186229890218,0.8152610441767069,baseline,,data43,100
86,14,4,4716.730388230686,1919.8266713447676,2304.1065740683694,7.864211366156816,1919.4334607764608,191,91,100,0.86,10.049389846997178,2.4568522037079474,2.0470973180300156,0.47643979057591623,lya_V0.5,0.5,data43,100
87,13,4,3692.419961863854,1737.7780504920336,2085.6482290450895,7.864211366156816,1737.3848399237268,173,73,100,0.87,10.042686935975299,2.1247937622519655,1.7703944080514586,0.42196531791907516,lya_V1.0,1.0,data43,100
80,20,10,4260.808776754675,2008.9148281218158,2411.0123622008264,7.864211366156816,2008.5216175535088,200,100,100,0.8,10.042608087767544,2.120950434089936,1.7672280920473227,0.5,lya_V2.0,2.0,data43,100
89,11,1,6232.456353511865,2002.85812327533,2403.744316385044,7.864211366156816,2002.464912707023,199,99,100,0.89,10.062637752296597,3.1117812495473993,2.5928116859303763,0.49748743718592964,lya_V3.0,3.0,data43,100
80,20,10,2841.5818924350037,1866.0763743531763,2239.60621767846,7.864211366156816,1865.6831637848695,186,86,100,0.8,10.030554644004674,1.5227575524179493,1.2687863920026718,0.46236559139784944,lya_V4.0,4.0,data43,100
54,46,0,4066.2767198326223,2498.5326679949453,2998.559293238159,8.002291105599905,2498.132553439666,249,191,100,0.54,10.032660857187414,1.62746590105455,1.3560768096206062,0.7670682730923695,baseline,,data44,100
84,16,3,4308.313456176185,2059.0167414676325,2471.140181405383,8.002291105599905,2058.616626912353,205,105,100,0.84,10.04203232640172,2.0924130287086893,1.7434516619473883,0.5121951219512195,lya_V0.5,0.5,data44,100
82,18,7,4062.476436309539,1858.5250674278993,2230.5501725577033,8.002291105599905,1858.1249528726194,185,85,100,0.82,10.04391866417632,2.185860447893658,1.8212889744825702,0.4594594594594595,lya_V1.0,1.0,data44,100
78,22,8,3025.481909950832,2026.451078375182,2432.061385694442,8.002291105599905,2026.0509638199019,202,102,100,0.78,10.029955266435158,1.4929952872963888,1.2439989910398361,0.504950495049505,lya_V2.0,2.0,data44,100
80,20,10,3817.293307905958,1868.0347011710921,2241.9617330495344,8.002291105599905,1867.634586615812,186,86,100,0.8,10.04104616460114,2.0434809404305248,1.702657655406832,0.46236559139784944,lya_V3.0,3.0,data44,100
83,17,4,5127.300230428247,1960.6547150161368,2353.1057496635876,8.002291105599905,1960.2546004608569,195,95,100,0.83,10.052587694671061,2.6150959631798543,2.1789501942958887,0.48717948717948717,lya_V4.0,4.0,data44,100
49,51,0,3467.043460162191,2497.3256503503785,2997.1040311644947,7.831268601064423,2496.934086920325,249,198,100,0.49,10.027847738635844,1.3883025065937074,1.1567978368822607,0.7951807228915663,baseline,,data45,100
88,12,2,5293.554026410324,2060.9786714828747,2473.487656523491,7.831268601064423,2060.5871080528213,205,105,100,0.88,10.051644429525957,2.568466185339808,2.1401174218311896,0.5121951219512195,lya_V0.5,0.5,data45,100
83,17,6,3918.097614179582,1928.2277586584128,2314.1865611341377,7.831268601064423,1927.8361952283592,192,92,100,0.83,10.04081351681437,2.031968265463435,1.6930776800723442,0.4791666666666667,lya_V1.0,1.0,data45,100
83,17,5,4748.256126563567,1909.8880756831804,2292.1789415638586,7.831268601064423,1909.4965122531273,190,90,100,0.83,10.049981643437512,2.486143657850255,2.071503249796034,0.47368421052631576,lya_V2.0,2.0,data45,100
88,12,3,4301.36904979738,1888.994301529648,2267.1064125796192,7.831268601064423,1888.602738099595,188,88,100,0.88,10.045759245210611,2.277068303654631,1.8972947303797187,0.46808510638297873,lya_V3.0,3.0,data45,100
80,20,9,2975.7113728881723,1946.34298617583,2335.924834155038,7.831268601064423,1945.9514227457764,194,94,100,0.8,10.0306774368339,1.52887306811984,1.273890036776188,0.4845360824742268,lya_V4.0,4.0,data45,100
48,52,0,3267.99588183992,2496.9229902660663,2996.6171871211845,7.739970047698508,2496.5359917636806,249,197,100,0.48,10.026248962906347,1.3088092402448062,1.0905616826483753,0.7911646586345381,baseline,,data46,100
80,20,4,3239.5677052410474,2026.866133912867,2432.548959497349,7.739970047698508,2026.479135410482,202,102,100,0.8,10.032074927774664,1.5983135990274102,1.3317584801707165,0.504950495049505,lya_V0.5,0.5,data46,100
87,13,5,5245.924407250224,1850.8788473168856,2221.36421558217,7.739970047698508,1850.4918488145008,184,84,100,0.87,10.057020917470114,2.8342883786558715,2.361577795505896,0.45652173913043476,lya_V1.0,1.0,data46,100
79,21,8,4508.465974783023,1889.403930451951,2267.594315344249,7.739970047698508,1889.016931949566,188,88,100,0.79,10.047962403987054,2.3861842891925096,1.988215415903696,0.46808510638297873,lya_V2.0,2.0,data46,100
84,16,4,3869.2080055124234,2048.1254145134103,2458.0600962180006,7.739970047698508,2047.7384160110253,204,104,100,0.84,10.03793341181875,1.889146034756696,1.5740900767502108,0.5098039215686274,lya_V3.0,3.0,data46,100
85,15,5,3605.573350236617,1827.5981452028577,2193.4273730453374,7.739970047698508,1827.2111467004727,182,82,100,0.85,10.039621685167432,1.972848002554965,1.6438079484850538,0.45054945054945056,lya_V4.0,4.0,data46,100
56,44,0,4007.1402861630872,2498.405665364714,2998.3999062715684,7.827695847763501,2498.014280572326,249,189,100,0.56,10.032185865752313,1.603878962377445,1.336426231131344,0.7590361445783133,baseline,,data47,100
85,15,9,4614.543638062781,1849.620472068513,2219.8576743161266,7.827695847763501,1849.2290872761246,184,84,100,0.85,10.050158083022415,2.494859733522592,2.078756530859298,0.45652173913043476,lya_V0.5,0.5,data47,100
82,18,5,3536.5109995595585,1977.464406791507,2373.2703959837186,7.827695847763501,1977.0730219991183,197,97,100,0.82,10.035903664970144,1.788406905031302,1.4901424656644224,0.49238578680203043,lya_V1.0,1.0,data47,100
76,24,14,3432.7341690350613,1847.2568531304578,2217.02133159046,7.827695847763501,1846.8654683380694,184,84,100,0.76,10.03731232792429,1.8582874185675755,1.5483541453218523,0.45652173913043476,lya_V2.0,2.0,data47,100
77,23,14,2816.2034763031247,1806.023791744994,2167.541657927903,7.827695847763501,1805.6324069526056,180,80,100,0.77,10.031291149736697,1.5593390791281256,1.2992615233034648,0.4444444444444444,lya_V3.0,3.0,data47,100
85,15,3,3866.9458156210567,2018.1252764236299,2422.0634395422667,7.827695847763501,2017.7338916312412,201,101,100,0.85,10.038477072792245,1.9161079150020695,1.5965501780382148,0.5024875621890548,lya_V4.0,4.0,data47,100
48,52,0,4245.086271326686,2498.8839276660087,2998.975717297896,7.875102467112941,2498.4901725426525,249,195,100,0.48,10.034097078484548,1.6987928988329017,1.415512051945371,0.7831325301204819,baseline,,data48,100
80,20,7,4475.704888529347,2019.3451649004148,2423.5292019791814,7.875102467112941,2018.9514097770589,201,101,100,0.8,10.044534377000293,2.2164139971336048,1.846771594447573,0.5024875621890548,lya_V0.5,0.5,data48,100
81,19,13,4036.734019385409,1858.4672231621266,2230.475671893236,7.875102467112941,1858.0734680387707,185,85,100,0.81,10.043640367777138,2.172077058489644,1.809808584892125,0.4594594594594595,lya_V1.0,1.0,data48,100
91,9,2,5615.2177113497155,1911.6241905460554,2294.26403275395,7.875102467112941,1911.2304354226994,190,90,100,0.91,10.059107554856313,2.9374067032211646,2.4475028293101104,0.47368421052631576,lya_V2.0,2.0,data48,100
79,21,6,3660.0298527195437,2007.713814828795,2409.571581893237,7.875102467112941,2007.3200597054388,200,100,100,0.79,10.036600298527194,1.822983846446087,1.5189546059651826,0.5,lya_V3.0,3.0,data48,100
76,24,10,4567.314261939951,2059.5283836472363,2471.7490644753666,7.875102467112941,2059.1346285238797,205,105,100,0.76,10.04455916353112,2.217650554469007,1.847806610947124,0.5121951219512195,lya_V4.0,4.0,data48,100
62,38,0,3544.6505773790636,2497.4750106182023,2997.2785803126026,7.714189268936514,2497.0893011547573,249,184,100,0.62,10.028471088974928,1.4192937115721742,1.1826229969619215,0.7389558232931727,baseline,,data49,100
87,13,3,4642.606034361859,1949.6709215321705,2339.913673409363,7.714189268936514,1949.2852120687237,194,94,100,0.87,10.047861917880018,2.38122545866018,1.9840928693738373,0.4845360824742268,lya_V0.5,0.5,data49,100
82,18,12,3876.8802958491183,1668.1394700551452,2002.0759316369322,7.714189268936514,1667.753760591698,166,66,100,0.82,10.046709401154807,2.3240744346879803,1.9364301995675626,0.39759036144578314,lya_V1.0,1.0,data49,100
84,16,7,4785.542457742384,1839.9567943789314,2208.2567208254754,7.714189268936514,1839.5710849154843,183,83,100,0.84,10.052301010467128,2.6008993647906395,2.1671132765548586,0.453551912568306,lya_V2.0,2.0,data49,100
80,20,13,3670.7575119834546,1817.7272244874139,2181.5812369556547,7.714189268936514,1817.3415150239668,181,81,100,0.8,10.040560856486005,2.0194215405551743,1.6826132576689696,0.44751381215469616,lya_V3.0,3.0,data49,100
83,17,6,3408.5765656465132,1867.2028625947403,2240.9520026844466,7.714189268936514,1866.8171531312933,186,86,100,0.83,10.036651360920931,1.8254987896225792,1.5210395231862903,0.46236559139784944,lya_V4.0,4.0,data49,100
45,55,0,2602.5322729960812,2495.5926986755344,2995.0213457142763,7.752682590860211,2495.2050645459917,249,200,100,0.45,10.020903873678682,1.0428513732939282,0.8689528295750456,0.8032128514056225,baseline,,data50,100
85,15,1,3377.026635473268,2067.141687400489,2480.880132184221,7.752682590860211,2066.7540532709463,206,106,100,0.85,10.032786666363817,1.6336696492827303,1.3612212019691818,0.5145631067961165,lya_V0.5,0.5,data50,100
88,12,1,5603.035457370248,1871.5937050442833,2246.2225533567744,7.752682590860211,1871.2060709147402,186,86,100,0.88,10.060247693090002,2.9937242480935122,2.4944257856359884,0.46236559139784944,lya_V1.0,1.0,data50,100
83,17,2,3940.6968685736524,2038.26902786669,2446.2329407436628,7.752682590860211,2037.8813937371472,203,103,100,0.83,10.03882459969038,1.93335463312127,1.610924619212947,0.5073891625615764,lya_V2.0,2.0,data50,100
83,17,4,4574.262796921146,2049.5361597233855,2459.7534989716964,7.752682590860211,2049.1485255938424,204,104,100,0.83,10.044845713695306,2.231852692727563,1.8596427645426354,0.5098039215686274,lya_V3.0,3.0,data50,100
81,19,3,3701.2818628452865,2127.790197855233,2553.6583447299145,7.752682590860211,2127.402563725691,212,112,100,0.81,10.03491775342307,1.7394956826928234,1.4494037037036565,0.5283018867924528,lya_V4.0,4.0,data50,100
61,89,0,3947.308521489514,2498.3685028901536,2998.4213121459297,9.477716943555388,2497.894617042978,249,187,150,0.4066666666666667,10.03170528932923,1.5799544850662353,1.316462268160867,0.751004016064257,baseline,,data1501,150
107,43,5,5412.652719634915,2491.299191286447,2989.9381382214774,9.477716943555388,2490.8253054392703,248,121,150,0.7133333333333334,10.043650425158349,2.172622517024923,1.8102891997807538,0.4879032258064516,lya_V0.5,0.5,data1501,150
116,34,8,4693.608487101603,2489.8611028213804,2988.2124320633984,9.477716943555388,2489.3872169742035,248,110,150,0.7733333333333333,10.037851681347595,1.8850884821579208,1.5707077705518435,0.4435483870967742,lya_V1.0,1.0,data1501,150
121,29,5,4384.163959268006,2499.242213765714,2999.469765196598,9.477716943555388,2498.768327918536,249,109,150,0.8066666666666666,10.035214168347535,1.7541973063355873,1.4616463250065963,0.43775100401606426,lya_V2.0,2.0,data1501,150
104,46,7,3965.9100284995825,2498.4057059041766,2998.4659557627533,9.477716943555388,2497.931820057,249,122,150,0.6933333333333334,10.031854699024096,1.5873763092709212,1.3226463421662327,0.4899598393574297,lya_V3.0,3.0,data1501,150
111,39,2,5231.301908412323,2490.936489664002,2989.5028962745437,9.477716943555388,2490.462603816825,248,122,150,0.74,10.042187918616229,2.100134600026661,1.7498902292188654,0.49193548387096775,lya_V4.0,4.0,data1501,150
60,90,0,5078.383566412839,2490.60861325959,2989.0918128129188,9.036922535283727,2490.1567671328257,248,187,150,0.4,10.040954706180749,2.0390130907667956,1.6989720906678236,0.7540322580645161,baseline,,data1502,150
99,51,17,3565.143307734399,2497.582132742233,2997.4600361920907,9.036922535283727,2497.1302866154697,249,120,150,0.66,10.028635689218754,1.4274378652044695,1.189388103490274,0.4819277108433735,lya_V0.5,0.5,data1502,150
105,45,10,4872.110815160124,2490.196067757084,2988.5967582099124,9.036922535283727,2489.744221630321,248,119,150,0.7,10.039291216251295,1.956516949907654,1.6302335876447864,0.4798387096774194,lya_V1.0,1.0,data1502,150
113,37,13,3693.6692405341005,2497.8391846078334,2997.7684984308107,9.036922535283727,2497.38733848107,249,109,150,0.7533333333333333,10.029668026028393,1.478745814900816,1.2321395873188876,0.43775100401606426,lya_V2.0,2.0,data1502,150
101,49,5,4465.041831442532,2499.3819297896484,2999.6197926489904,9.036922535283727,2498.930083662885,249,131,150,0.6733333333333333,10.035863789810783,1.786458395263471,1.4885359279148558,0.5261044176706827,lya_V3.0,3.0,data1502,150
118,32,6,6562.228073797888,2493.5763022743595,2992.653039630643,9.036922535283727,2493.1244561475964,248,115,150,0.7866666666666666,10.052921194143535,2.6316532074083967,2.1927794458283767,0.4637096774193548,lya_V4.0,4.0,data1502,150
41,109,0,1273.741457532723,2493.0112332918875,2991.9844802517214,9.275007536427353,2492.547482915066,249,203,150,0.2733333333333333,10.010230855080588,0.5109248769211584,0.4257179360186924,0.8152610441767069,baseline,,data1503,150
109,41,12,4391.391480213228,2499.2465333372493,2999.4668403061555,9.275007536427353,2498.7827829604266,249,114,150,0.7266666666666667,10.035272220724606,1.757086154421666,1.4640573521942981,0.4578313253012048,lya_V0.5,0.5,data1503,150
102,48,1,5229.526211593943,2490.922802800009,2989.4783636614693,9.275007536427353,2490.4590524231867,248,126,150,0.68,10.042173598480591,2.0994332725669023,1.7493106072153992,0.5080645161290323,lya_V1.0,1.0,data1503,150
111,39,13,5482.536210386529,2491.4288227975953,2990.0855876585706,9.275007536427353,2490.965072420772,248,111,150,0.74,10.04421400169666,2.200559036733891,1.833571665311329,0.4475806451612903,lya_V2.0,2.0,data1503,150
118,32,15,5051.007047523518,2490.565764471869,2989.0499176677,9.275007536427353,2490.1020140950463,248,103,150,0.7866666666666666,10.040733927802606,2.028056082508063,1.689836967147315,0.4153225806451613,lya_V3.0,3.0,data1503,150
97,53,16,4054.8259656191262,2498.573402308061,2998.6590830711307,9.275007536427353,2498.109651931237,249,120,150,0.6466666666666666,10.03256888325798,1.622856451554905,1.352213056999565,0.4819277108433735,lya_V4.0,4.0,data1503,150
64,86,0,5678.522245280736,2491.817627510828,2990.5496194292095,9.211660405357835,2491.3570444905613,248,182,150,0.4266666666666667,10.045794534236133,2.2788675152576188,1.8988222794860583,0.7338709677419355,baseline,,data1504,150
112,38,12,5801.182769256641,2492.0629485587815,2990.8440046867513,9.211660405357835,2491.6023655385134,248,113,150,0.7466666666666667,10.046783732010134,2.3278636571406035,1.9396473905579816,0.45564516129032256,lya_V0.5,0.5,data1504,150
108,42,26,4242.553275606041,2498.9456895714807,2999.1032939019906,9.211660405357835,2498.4851065512125,249,104,150,0.72,10.0340767331374,1.6977372870930838,1.4146072541857193,0.41767068273092367,lya_V1.0,1.0,data1504,150
110,40,6,5972.134522535514,2492.4048520653387,2991.2542888946223,9.211660405357835,2491.944269045071,248,118,150,0.7333333333333333,10.048162375181738,2.396133404084287,1.996531871164466,0.47580645161290325,lya_V2.0,2.0,data1504,150
108,42,7,5874.049114470927,2492.2086812492103,2991.018883915267,9.211660405357835,2491.7480982289417,248,119,150,0.72,10.047371363826377,2.356965192628485,1.9638956965667,0.4798387096774194,lya_V3.0,3.0,data1504,150
111,39,14,5957.2602656667095,2492.3751035516016,2991.2185906781365,9.211660405357835,2491.914520531334,248,111,150,0.74,10.048042421497314,2.3901940992660746,1.9915830572302455,0.4475806451612903,lya_V4.0,4.0,data1504,150
47,103,0,2732.1636133373213,2495.9401145807074,2995.508767380075,9.51574708067958,2495.464327226674,249,199,150,0.31333333333333335,10.02194508926375,1.0946430955521131,0.912086668912313,0.7991967871485943,baseline,,data1505,150
108,37,5,4615.9677336895,2499.6888598887617,2999.992171403624,9.138488427670437,2499.231935467379,249,122,150,0.72,10.037076046053732,1.8466169161128776,1.5386599264123413,0.4899598393574297,lya_V0.5,0.5,data1505,150
96,54,11,4218.786255329305,2498.913359864691,2999.0766617208606,9.51574708067958,2498.4375725106584,249,125,150,0.64,10.033885833376138,1.6882483094803018,1.4066950369013171,0.5020080321285141,lya_V1.0,1.0,data1505,150
94,56,10,4712.996283294289,2489.9017799206217,2988.262765787976,9.51574708067958,2489.4259925665892,248,128,150,0.6266666666666667,10.038008034542699,1.8928442564688395,1.577169296238752,0.5161290322580645,lya_V2.0,2.0,data1505,150
112,38,6,5498.219376979807,2491.4722261079914,2990.1473012128213,9.51574708067958,2490.996438753959,248,118,150,0.7466666666666667,10.044340478846609,2.2068154400295086,1.8387787701126619,0.47580645161290325,lya_V3.0,3.0,data1505,150
95,55,21,3751.167579625833,2497.9781225132842,2997.954376899171,9.51574708067958,2497.5023351592513,249,118,150,0.6333333333333333,10.030129860077315,1.5016815182719376,1.251242383316627,0.4738955823293173,lya_V4.0,4.0,data1505,150
65,22,0,4771.135429510293,2499.8165939008263,2999.999371114439,5.486460836136573,2499.54227085902,249,184,150,0.43333333333333335,10.03832237292779,1.9085941909303028,1.5903788098921876,0.7389558232931727,baseline,,data1506,150
118,32,5,6181.251076799856,2492.8351858952374,2991.7803700675936,9.453674832752315,2492.362502153601,248,113,150,0.7866666666666666,10.049848799006455,2.479606799428266,2.0660778239748265,0.45564516129032256,lya_V0.5,0.5,data1506,150
115,35,13,6590.278452288999,2493.6532406462156,2992.762035768768,9.453674832752315,2493.1805569045787,248,110,150,0.7666666666666667,10.0531474068733,2.642820719765017,2.2020723243357088,0.4435483870967742,lya_V1.0,1.0,data1506,150
110,40,6,5208.85139526225,2490.8903865321627,2989.446610831902,9.453674832752315,2490.4177027905257,248,116,150,0.7333333333333333,10.04200686609083,2.091160423367346,1.7424132534725993,0.46774193548387094,lya_V2.0,2.0,data1506,150
107,43,3,5741.471095170665,2491.9556259319793,2990.7248981116823,9.453674832752315,2491.482942190343,248,126,150,0.7133333333333334,10.046302186251383,2.304002140095646,1.9197590185562636,0.5080645161290323,lya_V3.0,3.0,data1506,150
107,43,5,5029.717746904697,2490.532119235449,2989.0166900758436,9.453674832752315,2490.0594354938116,248,120,150,0.7133333333333334,10.040562239894403,2.0195353868589074,1.682733242542407,0.4838709677419355,lya_V4.0,4.0,data1506,150
31,119,0,2348.715231388624,2495.144313342286,2994.5306823143496,8.93765759017229,2494.697430462777,249,212,150,0.20666666666666667,10.018865182581434,0.9413143836327776,0.784335002897148,0.8514056224899599,baseline,,data1507,150
101,49,7,6360.523214117616,2493.1679293077423,2992.159021472899,8.93765759017229,2492.7210464282343,248,124,150,0.6733333333333333,10.051294542049332,2.5511812258405278,2.1257303400227134,0.5,lya_V0.5,0.5,data1507,150
91,59,6,5545.085098079692,2491.5370530756654,2990.2019699944085,8.93765759017229,2491.090170196158,248,134,150,0.6066666666666667,10.044718428210315,2.225567984724365,1.8544182479051945,0.5403225806451613,lya_V1.0,1.0,data1507,150
108,42,14,5560.189426221982,2491.5672617319515,2990.23822038195,8.93765759017229,2491.120378852443,248,111,150,0.72,10.044840237308238,2.2316031807052057,1.8594469792817263,0.4475806451612903,lya_V2.0,2.0,data1507,150
117,33,7,5801.55860805776,2492.0500000956235,2990.817506418356,8.93765759017229,2491.6031172161142,248,111,150,0.78,10.046786762968203,2.3280265676190868,1.9397902398282394,0.4475806451612903,lya_V3.0,3.0,data1507,150
99,51,16,4785.024158634467,2490.0169311967766,2988.37782373974,8.93765759017229,2489.5700483172677,248,119,150,0.66,10.038588904505112,1.9216833824236856,1.6012112392958242,0.4798387096774194,lya_V4.0,4.0,data1507,150
46,104,0,2754.3683890805814,2495.9887025156904,2995.5704156088495,9.599314750566743,2495.5087367781607,249,197,150,0.30666666666666664,10.022123440876147,1.1035179711769014,0.9194804350879384,0.7911646586345381,baseline,,data1508,150
108,42,11,4198.186772635468,2498.8763392828014,2999.0355797293796,9.599314750566743,2498.396373545271,249,119,150,0.72,10.03372037568382,1.6800298224602754,1.3998456040372467,0.4779116465863454,lya_V0.5,0.5,data1508,150
117,33,3,6104.1980105271405,2492.688361758584,2991.61000670032,9.599314750566743,2492.2083960210543,248,116,150,0.78,10.049227403310702,2.4488412206573016,2.0404390936169974,0.46774193548387094,lya_V1.0,1.0,data1508,150
101,49,15,3208.2025140325477,2496.896370765595,2996.6596175087343,9.599314750566743,2496.4164050280647,249,118,150,0.6733333333333333,10.025768694891825,1.2848761172450474,1.070592901271743,0.4738955823293173,lya_V2.0,2.0,data1508,150
119,31,6,5825.975114598669,2492.131915966726,2990.942271750093,9.599314750566743,2491.6519502291967,248,110,150,0.7933333333333333,10.046983670279019,2.337747483298334,1.947872805712733,0.4435483870967742,lya_V3.0,3.0,data1508,150
110,40,1,5719.45640529969,2491.9188785481297,2990.6866268477743,9.599314750566743,2491.4389128106,248,120,150,0.7333333333333333,10.046124648429839,2.29520168354438,1.9124225032323354,0.4838709677419355,lya_V4.0,4.0,data1508,150
41,109,0,2485.4340670320566,2495.4394105121182,2994.902126516986,9.370847561089729,2494.970868134063,249,204,150,0.2733333333333333,10.01996332583961,0.9959905484228895,0.8298882441018429,0.8192771084337349,baseline,,data1509,150
107,43,11,4678.091561904721,2489.824725501863,2988.1645045046794,9.370847561089729,2489.3561831238094,248,119,150,0.7133333333333334,10.03772654485407,1.8788838884880856,1.565540168505604,0.4798387096774194,lya_V0.5,0.5,data1509,150
111,39,5,7257.857817978526,2494.9842580140103,2994.3559435192565,9.370847561089729,2494.515715635957,248,119,150,0.74,10.05853111143531,2.9089794032431007,2.4238460473234156,0.4798387096774194,lya_V1.0,1.0,data1509,150
106,44,22,5329.9318877179785,2491.12840615349,2989.7289212866326,9.370847561089729,2490.6598637754355,248,109,150,0.7066666666666667,10.042983321675143,2.1395652968157663,1.7827475426849861,0.43951612903225806,lya_V2.0,2.0,data1509,150
107,43,8,6067.971511192968,2492.60448540044,2991.500216382972,9.370847561089729,2492.135943022386,248,118,150,0.7133333333333334,10.048935254122524,2.4343900312841416,2.0284041692397943,0.47580645161290325,lya_V3.0,3.0,data1509,150
110,40,6,5352.630072509227,2491.1738025230725,2989.7833969301314,9.370847561089729,2490.705260145019,248,119,150,0.7333333333333333,10.043166371552497,2.148637749436855,1.7903069760857038,0.4798387096774194,lya_V4.0,4.0,data1509,150
68,82,0,4014.3431074304453,2498.47792116451,2998.532893357128,8.984698992978538,2498.028686214861,249,178,150,0.4533333333333333,10.032243719738398,1.6067154620119313,1.338769074811124,0.714859437751004,baseline,,data1510,150
97,53,13,4319.2122512166825,2499.0876594520837,2999.264579302215,8.984698992978538,2498.6384245024333,249,125,150,0.6466666666666666,10.034692467881259,1.7283156254565535,1.4400904411779356,0.5020080321285141,lya_V0.5,0.5,data1510,150
108,42,14,5245.81101343024,2490.9408569765105,2989.4884163315264,8.984698992978538,2490.491622026861,248,115,150,0.72,10.042304927527665,2.1059556668067883,1.754752078908371,0.4637096774193548,lya_V1.0,1.0,data1510,150
112,38,5,4872.285227763144,2490.193805405176,2988.5919544459257,8.984698992978538,2489.7445704555266,248,117,150,0.7466666666666667,10.039292622804544,1.9565887671824727,1.6302945674851916,0.4717741935483871,lya_V2.0,2.0,data1510,150
114,36,8,5651.406471104629,2491.752047891859,2990.461845429945,8.984698992978538,2491.3028129422096,248,111,150,0.76,10.045575858637942,2.268045279981204,1.889810592213764,0.4475806451612903,lya_V3.0,3.0,data1510,150
118,32,7,5691.874141424177,2491.8329832324976,2990.558967838712,8.984698992978538,2491.383748282848,248,111,150,0.7866666666666666,10.045902210817935,2.2842117347850768,1.903281026268382,0.4475806451612903,lya_V4.0,4.0,data1510,150
53,97,0,2752.26205250878,2495.9639894301135,2995.524359576207,9.189306501870723,2495.5045241050175,249,193,150,0.35333333333333333,10.02210652251011,1.1026850003301472,0.9187914108293739,0.7751004016064257,baseline,,data1511,150
115,35,3,5645.154925136346,2491.7497751753676,2990.467302470514,9.189306501870723,2491.2903098502725,248,119,150,0.7666666666666667,10.045525442944648,2.2655384506813263,1.8877166523348092,0.4798387096774194,lya_V0.5,0.5,data1511,150
110,40,3,5848.431736299564,2492.156328797693,2990.9551668173053,9.189306501870723,2491.6968634725977,248,124,150,0.7333333333333333,10.047164772066926,2.34673550319416,1.95537258504711,0.5,lya_V1.0,1.0,data1511,150
107,43,6,4210.501912744563,2498.880469150584,2999.0241352407734,9.189306501870723,2498.4210038254887,249,119,150,0.7133333333333334,10.033819292471842,1.6849553088770954,1.4039573284082716,0.4779116465863454,lya_V2.0,2.0,data1511,150
117,33,14,5067.093036661589,2490.5936513984184,2989.0799539381746,9.189306501870723,2490.1341860733232,248,107,150,0.78,10.040863653521464,2.034492071324649,1.6952015719705287,0.4314516129032258,lya_V3.0,3.0,data1511,150
118,32,14,5006.444718677357,2490.472354762449,2988.934397975013,9.189306501870723,2490.0128894373547,248,108,150,0.7866666666666666,10.040374554182883,2.010239025180784,1.6749931755174006,0.43548387096774194,lya_V4.0,4.0,data1511,150
57,93,0,3969.1896469270637,2498.4059494116414,2998.461195388198,9.351402355729899,2497.9383792938534,249,190,150,0.38,10.031881041340776,1.5886888389221865,1.3237422091811295,0.7630522088353414,baseline,,data1512,150
102,48,3,6377.140327955525,2493.2218507736984,2992.2402770226668,9.351402355729899,2492.7542806559118,248,129,150,0.68,10.051428551031902,2.557790966727075,2.131226017150232,0.5201612903225806,lya_V0.5,0.5,data1512,150
116,34,5,7148.917567944591,2494.7654052536773,2994.09254239864,9.351402355729899,2494.29783513589,248,116,150,0.7733333333333333,10.057652561031816,2.865567060089027,2.387674217383214,0.46774193548387094,lya_V1.0,1.0,data1512,150
110,40,10,6302.072984985717,2493.07171608776,2992.060115399539,9.351402355729899,2492.6041459699727,248,115,150,0.7333333333333333,10.05082316923376,2.5278346163564094,2.106265496655699,0.4637096774193548,lya_V2.0,2.0,data1512,150
111,39,10,6756.9406790177845,2493.9814514758227,2993.151797865215,9.351402355729899,2493.5138813580365,248,115,150,0.74,10.054491457088856,2.709298689859678,2.257466755891562,0.4637096774193548,lya_V3.0,3.0,data1512,150
104,46,7,6483.422948521114,2493.4344160148307,2992.495355312023,9.351402355729899,2492.9668458970436,248,124,150,0.6933333333333334,10.052285668939692,2.6001979065017253,2.1665607390207953,0.5,lya_V4.0,4.0,data1512,150
49,101,0,2731.647381039433,2495.931505412554,2995.4923750154467,9.364213009528855,2495.463294762078,249,195,150,0.32666666666666666,10.02194094281959,1.0944400417702638,0.9119193237890806,0.7831325301204819,baseline,,data1513,150
104,32,8,4644.908332433846,2499.7144405865697,2999.997027841252,8.492478434107209,2499.289816664867,249,123,150,0.6933333333333334,10.037308500662116,1.8581755807850984,1.54830431141335,0.4939759036144578,lya_V0.5,0.5,data1513,150
109,41,10,4091.1448504624314,2498.6505003513976,2998.7551689420634,9.364213009528855,2498.1822897009242,249,117,150,0.7266666666666667,10.032860601208531,1.6373417770460788,1.364281049961726,0.46987951807228917,lya_V1.0,1.0,data1513,150
105,45,12,4542.871488713419,2499.5539536278993,2999.8393128738653,9.364213009528855,2499.0857429774264,249,118,150,0.7,10.036488927620187,1.8174728663567397,1.5143716095784208,0.4738955823293173,lya_V2.0,2.0,data1513,150
105,45,7,5061.511048589168,2490.591232747651,2989.084047817568,9.364213009528855,2490.1230220971775,248,123,150,0.7,10.040818637488618,2.0322528169366625,1.6933317924883209,0.4959677419354839,lya_V3.0,3.0,data1513,150
96,54,8,4221.012436511609,2498.9102355234972,2999.0668511485806,9.364213009528855,2498.442024873023,249,131,150,0.64,10.03390371434949,1.6891412810702053,1.4074419297772733,0.5261044176706827,lya_V4.0,4.0,data1513,150
48,102,0,3933.389433805024,2498.3300146324914,2998.3666061708955,9.264715297640695,2497.8667788676103,249,198,150,0.32,10.031593489428154,1.5744074684959635,1.3118440639346007,0.7951807228915663,baseline,,data1514,150
109,24,12,4657.272587402684,2499.7256637075575,2999.999691275271,8.222370655026715,2499.3145451748064,249,117,150,0.7266666666666667,10.037407811947014,1.863113482819184,1.5524243555581574,0.46987951807228917,lya_V0.5,0.5,data1514,150
109,41,7,5112.84976465808,2490.688935294198,2989.197310964946,9.264715297640695,2490.2256995293164,248,117,150,0.7266666666666667,10.041232659392405,2.0527853527619073,1.7104423806027027,0.4717741935483871,lya_V1.0,1.0,data1514,150
114,36,12,4332.591729540921,2499.128419223966,2999.324691680665,9.264715297640695,2498.665183459083,249,110,150,0.76,10.034799933570614,1.7336410951167869,1.4445224091804354,0.44176706827309237,lya_V2.0,2.0,data1514,150
102,48,12,4135.231757301278,2498.733699279486,2998.8510277472888,9.264715297640695,2498.2704635146038,249,117,150,0.68,10.033214712910056,1.654930959026838,1.3789387065377599,0.46987951807228917,lya_V3.0,3.0,data1514,150
105,45,13,5492.2106569509,2491.447657078785,2990.1077771064474,9.264715297640695,2490.9844213139036,248,120,150,0.7,10.044292021427031,2.2044254637845775,1.8367935426948918,0.4838709677419355,lya_V4.0,4.0,data1514,150
67,83,0,4410.5149914649965,2499.278746011153,2999.5006680359606,9.154320564435913,2498.8210299829298,249,180,150,0.44666666666666666,10.035425823224617,1.7647151197137074,1.4704164057922855,0.7228915662650602,baseline,,data1515,150
92,58,16,3094.1332029519217,2496.645982434125,2996.3413517435274,9.154320564435913,2496.1882664059026,249,126,150,0.6133333333333333,10.024852475525714,1.2393159561754412,1.032637086275731,0.5060240963855421,lya_V0.5,0.5,data1515,150
102,48,10,4166.590760659199,2498.79089754954,2998.9152498820254,9.154320564435913,2498.3331815213182,249,120,150,0.68,10.033466592455094,1.6674427479086789,1.3893659585155362,0.4819277108433735,lya_V1.0,1.0,data1515,150
107,43,19,5134.537914694639,2490.7267918576117,2989.2383230517094,9.154320564435913,2490.2690758293893,248,112,150,0.7133333333333334,10.041407563828182,2.061461711288392,1.717674323622613,0.45161290322580644,lya_V2.0,2.0,data1515,150
107,43,4,5714.1245204144825,2491.8859650690515,2990.629330905438,9.154320564435913,2491.4282490408295,248,123,150,0.7133333333333334,10.046081649358184,2.2930923005765,1.9106762785224485,0.4959677419354839,lya_V3.0,3.0,data1515,150
103,47,10,5437.552082910866,2491.3328201940435,2989.9655570554287,9.154320564435913,2490.875104165821,248,121,150,0.6866666666666666,10.043851226475086,2.182587584780162,1.8186002410896882,0.4879032258064516,lya_V4.0,4.0,data1515,150
44,106,0,3462.3905046066016,2497.4054653893127,2997.271105971246,9.613687601934975,2496.924781009214,249,200,150,0.29333333333333333,10.027810365498851,1.386395021789888,1.1551809570074365,0.8032128514056225,baseline,,data1516,150
106,44,1,6359.584085342809,2493.199852550784,2992.2243705650144,9.613687601934975,2492.7191681706863,248,125,150,0.7066666666666667,10.051286968430187,2.550771884105617,2.125370058443159,0.5040322580645161,lya_V0.5,0.5,data1516,150
119,31,7,6276.082874129716,2493.032850128356,2992.023967658103,9.613687601934975,2492.5521657482595,248,111,150,0.7933333333333333,10.050613571565563,2.5174489272400025,2.097604478430061,0.4475806451612903,lya_V1.0,1.0,data1516,150
108,42,19,4978.838536532582,2490.4383614531625,2988.9105812478706,9.613687601934975,2489.957677073065,248,108,150,0.72,10.040151923681714,1.9991815953346648,1.6657703203867398,0.43548387096774194,lya_V2.0,2.0,data1516,150
92,58,21,4420.267466016319,2499.321219312131,2999.570010678631,9.613687601934975,2498.8405349320337,249,123,150,0.6133333333333333,10.035504156353548,1.7685871795354404,1.4736337042575864,0.4939759036144578,lya_V3.0,3.0,data1516,150
103,47,9,5475.673098215379,2491.432030576529,2990.10298419591,9.613687601934975,2490.951346196432,248,119,150,0.6866666666666666,10.04415865401787,2.197801517767387,1.8312657213336354,0.4798387096774194,lya_V4.0,4.0,data1516,150
73,30,0,4752.892352293498,2499.8017783651735,2999.9989289666764,5.919873211712563,2499.5057847045878,249,175,150,0.4866666666666667,10.0381758421871,1.9013076930450887,1.5842980163764895,0.7028112449799196,baseline,,data1517,150
99,51,7,4820.514634679124,2490.0984354548104,2988.4840474941334,9.14812370904278,2489.6410292693577,248,128,150,0.66,10.038875118021604,1.9358731229428965,1.6130300707882856,0.5161290322580645,lya_V0.5,0.5,data1517,150
113,37,10,4706.514089673268,2489.870434364799,2988.210446186119,9.14812370904278,2489.4130281793464,248,114,150,0.7533333333333333,10.037955758787687,1.8902646598452284,1.5750276543207444,0.4596774193548387,lya_V1.0,1.0,data1517,150
116,34,5,6146.310990607726,2492.750028166668,2991.6659587483614,9.14812370904278,2492.2926219812157,248,114,150,0.7733333333333333,10.049567024117804,2.465674825456978,2.0544776974964107,0.4596774193548387,lya_V2.0,2.0,data1517,150
98,52,13,3740.902136792836,2497.9392104590374,2997.892977499206,9.14812370904278,2497.481804273585,249,121,150,0.6533333333333333,10.030047406721225,1.4975953462475908,1.2478437905790205,0.4859437751004016,lya_V3.0,3.0,data1517,150
102,48,7,5671.876512228269,2491.801159209909,2990.527316000251,9.14812370904278,2491.3437530244564,248,123,150,0.68,10.045740939614744,2.2762155364060774,1.896614179673921,0.4959677419354839,lya_V4.0,4.0,data1517,150
58,92,0,2369.4615389414907,2495.202040299754,2994.6129421372025,9.262344437439715,2494.7389230778836,249,188,150,0.38666666666666666,10.019031819589895,0.949607086188837,0.7912413339302701,0.7550200803212851,baseline,,data1518,150
114,36,3,6259.1288723813,2492.981374966633,2991.9481437374593,9.262344437439715,2492.518257744762,248,119,150,0.76,10.050476845745008,2.5107002143026738,2.0919910946593374,0.4798387096774194,lya_V0.5,0.5,data1518,150
108,42,4,6147.954528647493,2492.7590262791646,2991.6813253124983,9.262344437439715,2492.295909057294,248,121,150,0.72,10.049580278456832,2.466325249987875,2.055016514168769,0.4879032258064516,lya_V1.0,1.0,data1518,150
102,48,12,4264.518177117641,2498.9921535761064,2999.1610780688266,9.262344437439715,2498.5290363542344,249,120,150,0.68,10.034253158049134,1.7064952248909757,1.4219036810999108,0.4819277108433735,lya_V2.0,2.0,data1518,150
109,41,4,5676.6700866232495,2491.816457395117,2990.55024265164,9.262344437439715,2491.353340173246,248,119,150,0.7266666666666667,10.045779597472766,2.2781252887933405,1.8982025466958548,0.4798387096774194,lya_V3.0,3.0,data1518,150
116,34,3,6834.584173038246,2494.1322855679473,2993.329236459037,9.262344437439715,2493.669168346076,248,116,150,0.7733333333333333,10.055117614298693,2.7402653069309513,2.2832717797268525,0.46774193548387094,lya_V4.0,4.0,data1518,150
56,94,0,3371.7138638322313,2497.220297118674,2997.0458520552143,9.537387820191165,2496.743427727665,249,191,150,0.37333333333333335,10.02708203906693,1.3501867927801803,1.1250124390055927,0.7670682730923695,baseline,,data1519,150
106,44,4,5667.96967355034,2491.8128087381115,2990.5568659985374,9.537387820191165,2491.335939347102,248,124,150,0.7066666666666667,10.045709432851217,2.2746370247694,1.8952890473319333,0.5,lya_V0.5,0.5,data1519,150
103,47,18,4998.138506192943,2490.4731464033953,2988.94927119688,9.537387820191165,2489.996277012387,248,115,150,0.6866666666666666,10.040307568598335,2.0069031916328752,1.6722058665758195,0.4637096774193548,lya_V1.0,1.0,data1519,150
110,40,8,6481.424412234706,2493.4397182154803,2992.5091573713803,9.537387820191165,2492.962848824471,248,118,150,0.7333333333333333,10.052269551711577,2.599390859496443,2.1658829000637008,0.47580645161290325,lya_V2.0,2.0,data1519,150
109,41,4,5500.240448298236,2491.477350287607,2990.1543158579325,9.537387820191165,2491.0004808965978,248,120,150,0.7266666666666667,10.044356777808861,2.2076220952453403,1.8394503651963232,0.4838709677419355,lya_V3.0,3.0,data1519,150
107,43,9,5529.479905191301,2491.5358292013925,2990.2244905544762,9.537387820191165,2491.0589598103834,248,119,150,0.7133333333333334,10.044592579880579,2.2193057953991597,1.8491855453186967,0.4798387096774194,lya_V4.0,4.0,data1519,150
44,106,0,2110.2117345153015,2494.6937964203435,2994.0112540654663,9.467459026276762,2494.2204234690307,249,201,150,0.29333333333333333,10.016949491843496,0.8458800585239205,0.7048108892877127,0.8072289156626506,baseline,,data1520,150
105,45,7,4785.1085743481035,2490.0435901000096,2988.4310064810647,9.467459026276762,2489.5702171486964,248,123,150,0.7,10.038589585277002,1.9216967097977251,1.601210991309671,0.4959677419354839,lya_V0.5,0.5,data1520,150
109,41,13,6079.471578406825,2492.6323161081264,2991.5374776908056,9.467459026276762,2492.158943156813,248,114,150,0.7266666666666667,10.049027996600053,2.4389764744360747,2.032223103920337,0.4596774193548387,lya_V1.0,1.0,data1520,150
105,45,18,3994.291008618193,2498.461954968549,2998.533044323313,9.467459026276762,2497.9885820172362,249,113,150,0.7,10.03208265870376,1.5986999524547387,1.3320817044787963,0.4538152610441767,lya_V2.0,2.0,data1520,150
106,44,13,5179.263191815013,2490.8318993349426,2989.3769775629858,9.467459026276762,2490.3585263836294,248,114,150,0.7066666666666667,10.041768251546893,2.079330681929153,1.7325560578971464,0.4596774193548387,lya_V3.0,3.0,data1520,150
111,39,15,5287.786187924267,2491.0489453271616,2989.6374327536473,9.467459026276762,2490.575572375848,248,112,150,0.74,10.042643436999388,2.1227146892650866,1.7687048369119054,0.45161290322580644,lya_V4.0,4.0,data1520,150
55,135,0,4562.411005415007,2499.648137475417,2999.99641734217,10.466309291735179,2499.1248220108305,249,193,200,0.275,10.036645871529439,1.8252212929548273,1.5208054846468948,0.7751004016064257,baseline,,data1751,200
102,98,13,4861.65642252645,2490.27557638178,2988.77250248751,11.045270734468549,2489.723312845055,248,120,200,0.51,10.039206906633286,1.9522563962941577,1.6266398390911878,0.4838709677419355,lya_V0.5,0.5,data1751,200
108,92,10,5252.552522418505,2491.0573685815634,2989.7106531272507,11.045270734468549,2490.5051050448383,248,117,200,0.54,10.042359294535638,2.108563451274255,1.7568765448670798,0.4717741935483871,lya_V1.0,1.0,data1751,200
103,97,25,3977.937513171956,2498.508138563071,2998.6515771050576,11.045270734468549,2497.955875026346,249,107,200,0.515,10.03195130532669,1.5921250972829437,1.326575432619056,0.42971887550200805,lya_V2.0,2.0,data1751,200
118,82,14,7064.492824086708,2494.6812491849014,2994.0593098512536,11.045270734468549,2494.1289856481762,248,105,200,0.59,10.056971716323291,2.8318218315044947,2.3595033007003714,0.42338709677419356,lya_V3.0,3.0,data1751,200
105,95,0,5699.052229637184,2491.9503679960003,2990.782252424576,11.045270734468549,2491.398104459275,248,128,200,0.525,10.045960098626109,2.286984645773784,1.9055390023854326,0.5161290322580645,lya_V4.0,4.0,data1751,200
55,145,0,3645.643214729849,2497.8355857061156,2997.838142268658,10.885985533062218,2497.29128642946,249,192,200,0.275,10.029282274817108,1.4595208890417255,1.2160907433017565,0.7710843373493976,baseline,,data1752,200
112,88,4,4768.868996880918,2490.0820372704147,2988.5338841458192,10.885985533062218,2489.5377379937604,248,119,200,0.56,10.038458620942583,1.9151453347731748,1.5957219097229518,0.4798387096774194,lya_V0.5,0.5,data1752,200
110,90,5,2891.5593192296683,2496.327417915113,2996.0283409194562,10.885985533062218,2495.7831186384587,249,118,200,0.55,10.023225376058067,1.1583253456570395,0.9651308299514526,0.4738955823293173,lya_V1.0,1.0,data1752,200
104,45,3,4668.4013370535695,2499.7334953668856,2999.9975485944824,7.933853855558355,2499.3368026741073,249,126,200,0.52,10.037497199494407,1.8675596201379814,1.5561350505905396,0.5060240963855421,lya_V2.0,2.0,data1752,200
119,81,4,7003.211556693812,2494.55072239004,2993.89630628937,10.885985533062218,2494.0064231133865,248,114,200,0.595,10.056477512553977,2.807403952076791,2.3391630304569837,0.4596774193548387,lya_V3.0,3.0,data1752,200
124,76,2,6846.422933145383,2494.2371451429435,2993.5200135928535,10.885985533062218,2493.692845866289,248,113,200,0.62,10.055213088170522,2.7448965494229367,2.287081062447361,0.45564516129032256,lya_V4.0,4.0,data1752,200
58,134,0,4573.175367610395,2499.6578046637833,2999.9985287393897,10.229078571270467,2499.1463507352205,249,189,200,0.29,10.036732332269962,1.8295205684065667,1.524392536796363,0.7590361445783133,baseline,,data1753,200
95,105,8,5648.914163539689,2491.8270363775396,2990.6158100934153,10.584161009217553,2491.2978283270804,248,130,200,0.475,10.045555759383388,2.2669768330918036,1.8888799238185123,0.5241935483870968,lya_V0.5,0.5,data1753,200
95,35,6,4707.208766257924,2499.7596216914844,2999.987709356955,6.904083179381971,2499.414417532517,249,133,200,0.475,10.03780890575308,1.8830645656532166,1.569076017070387,0.5341365461847389,lya_V1.0,1.0,data1753,200
100,100,13,4936.333545045732,2490.4018751405524,2988.905616609031,10.584161009217553,2489.872667090093,248,120,200,0.5,10.03980914149231,1.9821433618086786,1.6515521659884644,0.4838709677419355,lya_V2.0,2.0,data1753,200
102,98,15,6235.555985492665,2493.0003200214455,2992.023750466103,10.584161009217553,2492.4711119709864,248,119,200,0.51,10.050286741818493,2.5012255054339603,2.08405965511513,0.4798387096774194,lya_V3.0,3.0,data1753,200
106,94,11,6468.906439183893,2493.4670209288292,2992.5837915549623,10.584161009217553,2492.9378128783696,248,116,200,0.53,10.052168600316007,2.594342088701134,2.161645885217675,0.46774193548387094,lya_V4.0,4.0,data1753,200
45,155,0,1970.7241382286113,2494.4698301348167,2993.786501648467,10.567637167205028,2493.941448276458,249,199,200,0.225,10.015829109544008,0.7900372714157465,0.6582714355694611,0.7991967871485943,baseline,,data1754,200
111,89,6,4154.292859803289,2498.836967577967,2999.0270665802445,10.567637167205028,2498.3085857196074,249,117,200,0.555,10.03336781413497,1.6624905560885375,1.3852135267789965,0.46987951807228917,lya_V0.5,0.5,data1754,200
113,72,11,4591.400695093913,2499.6670092217464,2999.9877773313374,9.684156631145697,2499.182801390188,249,114,200,0.565,10.036878720442523,1.8368049336793115,1.5304731338533084,0.4578313253012048,lya_V1.0,1.0,data1754,200
116,84,2,4970.931452888011,2490.4702447641357,2988.9869992036483,10.567637167205028,2489.9418629057764,248,115,200,0.58,10.04008815687813,1.9959810655592845,1.6630823266251775,0.4637096774193548,lya_V2.0,2.0,data1754,200
114,86,5,5607.385697278435,2491.7431532529167,2990.5144893901847,10.567637167205028,2491.2147713945565,248,115,200,0.57,10.045220852397405,2.2503867182129564,1.8750571907183349,0.4637096774193548,lya_V3.0,3.0,data1754,200
112,88,11,3727.509064426389,2497.983399987213,2998.0027854713394,10.567637167205028,2497.4550181288528,249,113,200,0.56,10.029939831842782,1.4922072998745588,1.2433307542242187,0.4538152610441767,lya_V4.0,4.0,data1754,200
43,157,0,3347.2475225630997,2497.2145404688513,2997.073484901596,10.400908474472068,2496.694495045126,249,202,200,0.215,10.026885522269582,1.3403924525982678,1.1168386559173742,0.8112449799196787,baseline,,data1755,200
109,91,10,5885.82036365871,2492.291686151042,2991.1660597202263,10.400908474472068,2491.7716407273183,248,116,200,0.545,10.047466293255315,2.3616097571422094,1.967734403956573,0.46774193548387094,lya_V0.5,0.5,data1755,200
111,89,4,8195.230182810907,2496.910505789346,2996.7086432861915,10.400908474472068,2496.3904603656224,248,124,200,0.555,10.066090565990413,3.282148144200369,2.734743733319371,0.5,lya_V1.0,1.0,data1755,200
105,95,7,5059.199099310619,2490.638443622345,2989.1821686857916,10.400908474472068,2490.1183981986214,248,123,200,0.525,10.040799992736376,2.031286039234422,1.6925027695902926,0.4959677419354839,lya_V2.0,2.0,data1755,200
99,101,11,5747.338697786612,2492.0147228192973,2990.833703722134,10.400908474472068,2491.4946773955735,248,124,200,0.495,10.046349505627312,2.3063020636107883,1.9216510401878812,0.5,lya_V3.0,3.0,data1755,200
109,91,2,5274.418687921277,2491.0688827995664,2989.6986956984565,10.400908474472068,2490.548837375842,248,120,200,0.545,10.042535634580009,2.117331529585672,1.7641974074210383,0.4838709677419355,lya_V4.0,4.0,data1755,200
58,142,0,3631.8989719907663,2497.7960288099143,2997.781019264647,10.644617318694314,2497.263797943982,249,188,200,0.29,10.0291718792931,1.454041454986699,1.2115291105824895,0.7550200803212851,baseline,,data1756,200
114,86,9,6696.5079723999015,2493.9252468107325,2993.1360808656314,10.644617318694314,2493.3930159448,248,110,200,0.57,10.054004096551614,2.685127784388683,2.237288179180692,0.4435483870967742,lya_V0.5,0.5,data1756,200
113,87,5,5966.397523430462,2492.4650259127934,2991.383815788105,10.644617318694314,2491.932795046861,248,116,200,0.565,10.048116109059924,2.393773818850453,1.9945275801589388,0.46774193548387094,lya_V1.0,1.0,data1756,200
111,56,20,4635.355786495699,2499.7078153458215,2999.9990614332564,8.742075456643663,2499.270711572991,249,110,200,0.555,10.037231773385505,1.8543590407002917,1.5451190788976938,0.44176706827309237,lya_V2.0,2.0,data1756,200
118,82,7,5795.970458349641,2492.124171782632,2990.9747908319114,10.644617318694314,2491.5919409166995,248,110,200,0.59,10.046741697244757,2.325714955930044,1.9378198960806177,0.4435483870967742,lya_V3.0,3.0,data1756,200
119,81,7,5715.653006055508,2491.963536878043,2990.782028946405,10.644617318694314,2491.4313060121103,248,108,200,0.595,10.046093975855284,2.2936342853620304,1.9110897921467793,0.43548387096774194,lya_V4.0,4.0,data1756,200
46,154,0,3290.2688243998655,2497.1024982312,2996.9405663433677,10.439211648048623,2496.5805376487992,249,199,200,0.23,10.02642786204337,1.3176346692738874,1.09787590096069,0.7991967871485943,baseline,,data1757,200
101,99,9,6075.568489389933,2492.6730975611827,2991.6252855393427,10.439211648048623,2492.15113697878,248,124,200,0.505,10.048996520075725,2.437370746823655,2.030858783938445,0.5,lya_V0.5,0.5,data1757,200
117,83,5,6956.181592225978,2494.4343237668554,2993.7387569861494,10.439211648048623,2493.9123631844523,248,112,200,0.585,10.056098238646985,2.7886809951049023,2.323576690181508,0.45161290322580644,lya_V1.0,1.0,data1757,200
107,93,21,5468.262835386857,2491.458486253176,2990.1677519697346,10.439211648048623,2490.9365256707733,248,108,200,0.535,10.044098893833764,2.194803913273466,1.8287478459309545,0.43548387096774194,lya_V2.0,2.0,data1757,200
110,90,10,5581.307849580638,2491.684576281564,2990.439060003799,10.439211648048623,2491.162615699161,248,114,200,0.55,10.045010547174037,2.2399736719122916,1.8663840785886294,0.4596774193548387,lya_V3.0,3.0,data1757,200
109,91,12,4534.278616554846,2499.5905178155126,2999.926189844538,10.439211648048623,2499.0685572331095,249,113,200,0.545,10.036419908566705,1.8140085682984286,1.511463392634277,0.4538152610441767,lya_V4.0,4.0,data1757,200
53,147,0,3793.608887616626,2498.134100597057,2998.1984269739305,10.937656436480532,2497.5872177752326,249,194,200,0.265,10.0304707541174,1.5185769597836836,1.2652961370023463,0.7791164658634538,baseline,,data1758,200
125,75,3,7727.298730428471,2496.0014802826818,2995.6392825966805,10.937656436480532,2495.4545974608573,248,108,200,0.625,10.062316925245392,3.095871052750067,2.5795157565600797,0.43548387096774194,lya_V0.5,0.5,data1758,200
117,83,1,6264.183209727735,2493.07524924128,2992.1278053469987,10.937656436480532,2492.528366419455,248,114,200,0.585,10.05051760653006,2.5126330268747883,2.093554693263269,0.4596774193548387,lya_V1.0,1.0,data1758,200
109,91,4,5396.35317969211,2491.3395891812092,2990.0450132749133,10.937656436480532,2490.792706359384,248,119,200,0.545,10.04351897725558,2.1660448070291562,1.8047732243942487,0.4798387096774194,lya_V2.0,2.0,data1758,200
103,97,10,4171.6992218252335,2498.8902812654756,2999.105843776034,10.937656436480532,2498.3433984436497,249,120,200,0.515,10.033507624271685,1.6694207237112557,1.3909809920455631,0.4819277108433735,lya_V3.0,3.0,data1758,200
111,89,6,6537.859006482401,2493.6226008347903,2992.784627259211,10.937656436480532,2493.075718012965,248,120,200,0.555,10.052724669407116,2.621831789739843,2.1845404266426502,0.4838709677419355,lya_V4.0,4.0,data1758,200
49,151,0,2217.05303481537,2494.9557480369494,2994.364211218197,10.432839346374518,2494.4341060696306,249,197,200,0.245,10.017807654898116,0.8886141714376156,0.7404086071124283,0.7911646586345381,baseline,,data1759,200
108,92,8,4964.089243410566,2490.44982045414,2988.9570981188267,10.432839346374518,2489.9281784868213,248,117,200,0.54,10.04003297776944,1.9932500557290296,1.660809801028873,0.4717741935483871,lya_V0.5,0.5,data1759,200
106,94,4,5918.17311280265,2492.357988192925,2991.2468994053684,10.432839346374518,2491.836346225606,248,124,200,0.53,10.047727202522605,2.374527712647572,1.9784970321169835,0.5,lya_V1.0,1.0,data1759,200
124,76,4,6133.449778105389,2492.788541523529,2991.763563402094,10.432839346374518,2492.2668995562103,248,110,200,0.62,10.049463304662138,2.4604773633774726,2.0501117979826975,0.4435483870967742,lya_V2.0,2.0,data1759,200
110,90,11,4347.956961342052,2499.217555890003,2999.4783806418627,10.432839346374518,2498.695913922684,249,118,200,0.55,10.034923349087085,1.739727280282204,1.4495710285505128,0.4738955823293173,lya_V3.0,3.0,data1759,200
109,91,8,4349.456929929877,2499.220555827179,2999.481980566473,10.432839346374518,2498.69891385986,249,118,200,0.545,10.034935397027551,1.7403253665582616,1.450069364680248,0.4738955823293173,lya_V4.0,4.0,data1759,200
49,151,0,2598.4223188430956,2495.733470402111,2995.309465094075,10.732515288518625,2495.196844637686,249,196,200,0.245,10.020870861998738,1.0411457592162032,0.8674971147802538,0.7871485943775101,baseline,,data1760,200
116,84,8,6724.568009201832,2493.985761782829,2993.212214750935,10.732515288518625,2493.4491360184056,248,112,200,0.58,10.05423038717099,2.696313712871707,2.246605829036209,0.45161290322580644,lya_V0.5,0.5,data1760,200
114,86,8,6407.041624390268,2493.350709013206,2992.4501514273866,10.732515288518625,2492.814083248782,248,114,200,0.57,10.051669690519283,2.5696511931632693,2.1410687898457175,0.4596774193548387,lya_V1.0,1.0,data1760,200
99,101,4,2975.6813043892435,2496.4879883732037,2996.2148866593852,10.732515288518625,2495.9513626087796,249,129,200,0.495,10.023901054653733,1.1919469744087567,0.9931468258963777,0.5180722891566265,lya_V2.0,2.0,data1760,200
99,41,20,4678.822510630181,2499.7415392812604,2999.9969625455115,7.677885200005455,2499.3576450212618,249,115,200,0.495,10.037580903699846,1.8717225109502567,1.5596090826239297,0.46184738955823296,lya_V3.0,3.0,data1760,200
115,85,23,4240.2029178372595,2499.0170316000995,2999.24973853166,10.732515288518625,2498.4804058356754,249,104,200,0.575,10.034057854761748,1.6967483071222982,1.4137545344633862,0.41767068273092367,lya_V4.0,4.0,data1760,200
40,160,0,2612.1172350243887,2495.7640984314453,2995.3488092868533,10.797279227947962,2495.22423447005,249,203,200,0.2,10.020980861325501,1.0466202461466891,0.8720577806917565,0.8152610441767069,baseline,,data1761,200
109,91,1,6131.482005673555,2492.8028279727428,2991.795284736414,10.797279227947962,2492.2629640113482,248,123,200,0.545,10.04944743552963,2.4596738806895315,2.049432338153363,0.4959677419354839,lya_V0.5,0.5,data1761,200
107,93,7,5986.797120600347,2492.5134582025967,2991.4480410122387,10.797279227947962,2491.9735942412017,248,117,200,0.535,10.048280621940329,2.401911653033782,2.0013040636248354,0.4717741935483871,lya_V1.0,1.0,data1761,200
111,89,2,6691.470542757395,2493.922805046911,2993.1392572254163,10.797279227947962,2493.3829410855164,248,122,200,0.555,10.053963472119017,2.683110531414996,2.2356028128675383,0.49193548387096775,lya_V2.0,2.0,data1761,200
104,96,24,5282.393312547617,2491.104650586491,2989.7574718729124,10.797279227947962,2490.5647866250956,248,110,200,0.52,10.042599946068934,2.1205023688201785,1.766830039641476,0.4435483870967742,lya_V3.0,3.0,data1761,200
111,89,8,5545.491565233868,2491.6308470918634,2990.388907679359,10.797279227947962,2491.090983130469,248,115,200,0.555,10.044721706171245,2.2256473392542695,1.854438247477768,0.4637096774193548,lya_V4.0,4.0,data1761,200
52,148,0,5064.33008224289,2490.659579273978,2989.21623041637,10.61838218986377,2490.1286601644865,248,193,200,0.26,10.040841371630995,2.033328891826771,1.6941999814906252,0.7782258064516129,baseline,,data1762,200
99,101,9,5112.2589034236535,2490.75543691634,2989.3312595872057,10.61838218986377,2490.2245178068474,248,121,200,0.495,10.04122789438245,2.052493322970659,1.7101680809137227,0.4879032258064516,lya_V0.5,0.5,data1762,200
95,105,2,5966.181058534211,2492.46328122656,2991.3806727594706,10.61838218986377,2491.9323621170684,248,132,200,0.475,10.048114363375275,2.3936886466781604,1.9944573129271992,0.532258064516129,lya_V1.0,1.0,data1762,200
106,94,2,7591.063530066639,2495.7130461696265,2995.2803906911486,10.61838218986377,2495.182127060134,248,124,200,0.53,10.061218254274733,3.0416411621188826,2.534341544003175,0.5,lya_V2.0,2.0,data1762,200
108,92,16,6316.257749228724,2493.1634346079495,2992.220856817138,10.61838218986377,2492.632515498458,248,111,200,0.54,10.050937562493782,2.5334310866074277,2.1108928957695334,0.4475806451612903,lya_V3.0,3.0,data1762,200
101,99,11,5573.425009477245,2491.6777691284465,2990.438058241734,10.61838218986377,2491.1468500189544,248,127,200,0.505,10.044946975882882,2.2368161238709248,1.8637486886299899,0.5120967741935484,lya_V4.0,4.0,data1762,200
62,138,0,2316.4142301507263,2495.1693106004814,2994.632358432721,10.729642803630925,2494.6328284603,249,183,200,0.31,10.018605736788354,0.9283595386932936,0.7735220731278851,0.7349397590361446,baseline,,data1763,200
117,83,3,6299.175182006094,2493.1348325041913,2992.190984717176,10.729642803630925,2492.598350364011,248,114,200,0.585,10.050799799854882,2.5266083084960886,2.105204919799428,0.4596774193548387,lya_V0.5,0.5,data1763,200
122,78,4,7228.810733196339,2494.994103606572,2994.422110040032,10.729642803630925,2494.457621466391,248,114,200,0.61,10.058296860751577,2.8973257783442956,2.414092091077867,0.4596774193548387,lya_V1.0,1.0,data1763,200
99,101,19,3358.3427138001375,2497.25316756778,2997.132986793481,10.729642803630925,2496.7166854275997,249,115,200,0.495,10.026974640271485,1.3448146777489214,1.120518418301185,0.46184738955823296,lya_V2.0,2.0,data1763,200
113,87,5,4352.460607599332,2499.2414033553787,2999.5188697385993,10.729642803630925,2498.7049212151983,249,115,200,0.565,10.034959522952603,1.74151268531159,1.4510529176896423,0.46184738955823296,lya_V3.0,3.0,data1763,200
108,92,11,5274.412732143344,2491.085307604466,2989.7315548375054,10.729642803630925,2490.5488254642855,248,119,200,0.54,10.042535586549539,2.1173151782647883,1.7641760256398717,0.4798387096774194,lya_V4.0,4.0,data1763,200
46,154,0,3650.9839049615375,2497.844060424319,2997.8465466006996,10.841852287921139,2497.301967809923,249,199,200,0.23,10.029325171927402,1.461654057115691,1.2178688429204088,0.7991967871485943,baseline,,data1764,200
97,57,13,4651.246989226215,2499.720495548155,2999.9989959135482,8.360031394066295,2499.3024939784514,249,123,200,0.485,10.037359413568078,1.8607068260270672,1.5504161819926994,0.4939759036144578,lya_V0.5,0.5,data1764,200
108,92,4,6343.8788501063145,2493.2298503146085,2992.3094944690483,10.841852287921139,2492.687757700212,248,118,200,0.54,10.051160313307307,2.5444420414370588,2.1200610638145116,0.47580645161290325,lya_V1.0,1.0,data1764,200
97,103,7,5049.516819830836,2490.641126254058,2989.203025596387,10.841852287921139,2490.0990336396612,248,127,200,0.485,10.040721909837343,2.027396386658621,1.6892518763670754,0.5120967741935484,lya_V2.0,2.0,data1764,200
101,99,8,4419.846995524821,2499.3817866054446,2999.6918180180523,10.841852287921139,2498.839693991048,249,124,200,0.505,10.035500779080515,1.7683760917245346,1.4734336937469428,0.4979919678714859,lya_V3.0,3.0,data1764,200
103,97,22,4813.653944209889,2490.1694005028153,2988.636954694897,10.841852287921139,2489.627307888419,248,109,200,0.515,10.038819789872658,1.9330628443341709,1.6106519517695328,0.43951612903225806,lya_V4.0,4.0,data1764,200
72,128,0,5861.627768581142,2492.2615997145144,2991.1445949992976,10.76688354704182,2491.7232555371625,248,175,200,0.36,10.047271191682107,2.3519311814027004,1.9596604518487073,0.7056451612903226,baseline,,data1765,200
106,75,11,4593.683694625816,2499.672459472075,2999.995025032752,9.701841656503255,2499.1873673892514,249,118,200,0.53,10.036897057788158,1.83771424820834,1.531230437482364,0.4738955823293173,lya_V0.5,0.5,data1765,200
125,75,3,6803.145746752957,2494.144635670857,2993.404238146911,10.76688354704182,2493.606291493506,248,108,200,0.625,10.054864078602847,2.7276468451169418,2.2727120046320555,0.43548387096774194,lya_V1.0,1.0,data1765,200
109,91,8,4935.0102913097435,2490.4083647599705,2988.920713053846,10.76688354704182,2489.8700205826194,248,113,200,0.545,10.039798470091208,1.9816068565869067,1.6511011047420976,0.45564516129032256,lya_V2.0,2.0,data1765,200
121,79,3,7011.968897817861,2494.562281972987,2993.9054137094668,10.76688354704182,2494.0239377956354,248,110,200,0.605,10.056548136272724,2.810901515063392,2.342080970797935,0.4435483870967742,lya_V3.0,3.0,data1765,200
120,80,5,6549.741270400208,2493.637826718152,2992.796067403664,10.76688354704182,2493.0994825408006,248,113,200,0.6,10.052820494116132,2.626580813068691,2.188502364640667,0.45564516129032256,lya_V4.0,4.0,data1765,200
58,142,0,3953.1514419249106,2498.4434965551213,2998.561950803156,10.743873425379558,2497.9063028838514,249,187,200,0.29,10.031752220417074,1.5822456851137738,1.3183490975952892,0.751004016064257,baseline,,data1766,200
96,104,11,3329.3558875707918,2497.19590544641,2997.0648414727075,10.743873425379558,2496.6587117751415,249,126,200,0.48,10.026741814357997,1.3332377649304294,1.1108721578191822,0.5060240963855421,lya_V0.5,0.5,data1766,200
109,91,5,4931.406090574338,2490.4000058524184,2988.9097619599174,10.743873425379558,2489.8628121811494,248,117,200,0.545,10.039769403956248,1.9801662700713045,1.6499012962307258,0.4717741935483871,lya_V1.0,1.0,data1766,200
115,85,8,5694.951220194997,2491.92709611166,2990.742270271006,10.743873425379558,2491.389902440391,248,113,200,0.575,10.045927025969318,2.2853602856525197,1.9041932421943364,0.45564516129032256,lya_V2.0,2.0,data1766,200
109,91,3,6362.216098159695,2493.2616258675876,2992.3437059781213,10.743873425379558,2492.724432196319,248,124,200,0.545,10.051308194339995,2.5517643363823947,2.126164880541371,0.5,lya_V3.0,3.0,data1766,200
111,89,13,5498.320188221727,2491.5338340477133,2990.270355794271,10.743873425379558,2490.9966403764433,248,114,200,0.555,10.044341291840498,2.206801333815013,1.83873681440462,0.4596774193548387,lya_V4.0,4.0,data1766,200
43,157,0,4348.9482097553855,2499.2409260934805,2999.5235350513426,10.860593479314325,2498.697896419511,249,203,200,0.215,10.034931310921731,1.7401076320213553,1.449879675533516,0.8152610441767069,baseline,,data1767,200
109,91,12,5700.338819285753,2491.943707312539,2990.7668725142166,10.860593479314325,2491.400677638571,248,115,200,0.545,10.045970474349076,2.2875070582687194,1.9059789887580603,0.4637096774193548,lya_V0.5,0.5,data1767,200
106,94,6,6665.217308436845,2493.8734642908407,2993.08258088818,10.860593479314325,2493.3304346168734,248,125,200,0.53,10.053751752487393,2.6726365246170056,2.226873842705329,0.5040322580645161,lya_V1.0,1.0,data1767,200
105,95,11,5321.910562341654,2491.186850798651,2989.858644697552,10.860593479314325,2490.6438211246827,248,119,200,0.525,10.04291863356727,2.136295220342665,1.779987348826656,0.4798387096774194,lya_V2.0,2.0,data1767,200
105,95,9,5719.380172285193,2491.981790018537,2990.8125717614166,10.860593479314325,2491.438760344569,248,121,200,0.525,10.046124033647455,2.2951131485766787,1.9123164809076643,0.4879032258064516,lya_V3.0,3.0,data1767,200
110,90,12,5862.85630484847,2492.268742283664,2991.1569144795685,10.860593479314325,2491.7257126096956,248,111,200,0.55,10.047281099232643,2.3524173799476937,1.9600631034993858,0.4475806451612903,lya_V4.0,4.0,data1767,200
64,136,0,3805.2647463591643,2498.1577474940655,2998.227071393964,10.94436002702268,2497.6105294927165,249,183,200,0.32,10.030564375472757,1.5232283670541922,1.2691716323507094,0.7349397590361446,baseline,,data1768,200
108,92,2,5505.776148260981,2491.5587702978733,2990.308298758528,10.94436002702268,2491.0115522965225,248,122,200,0.54,10.044401420550495,2.2097717356282747,1.8412068583519592,0.49193548387096775,lya_V0.5,0.5,data1768,200
109,91,4,5831.673226998564,2492.2105644553494,2991.090451747499,10.94436002702268,2491.6633464539987,248,123,200,0.545,10.047029622798382,2.339960078081534,1.949681335645165,0.4959677419354839,lya_V1.0,1.0,data1768,200
95,105,14,3655.6930477483734,2497.8586040968485,2997.8680993172984,10.94436002702268,2497.3113860954973,249,124,200,0.475,10.029362996367459,1.4635308186590343,1.2194309177848355,0.4979919678714859,lya_V2.0,2.0,data1768,200
115,85,5,6321.710380710262,2493.1906387627723,2992.266540916406,10.94436002702268,2492.643420761421,248,113,200,0.575,10.050981535328312,2.535590452821275,2.1126829091816757,0.45564516129032256,lya_V3.0,3.0,data1768,200
105,95,11,5046.33338903652,2490.639884779425,2989.205636136389,10.94436002702268,2490.092666778074,248,118,200,0.525,10.040696237008364,2.0261192394272736,1.6881854255965516,0.47580645161290325,lya_V4.0,4.0,data1768,200
76,3,0,4828.114299412657,2499.861106373838,2999.997229868616,4.0975555002503805,2499.6562285988252,249,173,200,0.38,10.038780034533435,1.9313530208148466,1.6093729191956962,0.6947791164658634,baseline,,data1769,200
115,85,3,6245.455935074626,2492.9974346259073,2992.0021397557002,10.130455115192909,2492.490911870149,248,121,200,0.575,10.050366580121569,2.505199503348788,2.087383512227225,0.4879032258064516,lya_V0.5,0.5,data1769,200
98,102,20,4558.074859892337,2499.6226724755425,2999.9524251752628,10.130455115192909,2499.1161497197845,249,119,200,0.49,10.036611043051343,1.8235051674332001,1.5193823814142806,0.4779116465863454,lya_V1.0,1.0,data1769,200
104,32,19,4713.814548515803,2499.7694934531514,2999.996883628682,6.837287122433854,2499.427629097031,249,115,200,0.52,10.037861964245105,1.885699685855513,1.5712731483954583,0.46184738955823296,lya_V2.0,2.0,data1769,200
108,92,16,5989.974248292939,2492.4864712523436,2991.388983707424,10.130455115192909,2491.979948496586,248,112,200,0.54,10.048306243937848,2.403212341322475,2.002405665367254,0.45161290322580644,lya_V3.0,3.0,data1769,200
100,100,17,5150.177775487763,2490.8068783067324,2989.373472172692,10.130455115192909,2490.300355550975,248,118,200,0.5,10.041533691737802,2.067674463380673,1.7228284867814083,0.47580645161290325,lya_V4.0,4.0,data1769,200
53,147,0,3881.8908447819213,2498.293407019434,2998.3757886872168,10.592506597375865,2497.7637816895644,249,192,200,0.265,10.031179846142829,1.5538170312081858,1.2946645511974118,0.7710843373493976,baseline,,data1770,200
109,91,1,6641.608865992673,2493.8128430618563,2992.999111938121,10.592506597375865,2493.283217731985,248,122,200,0.545,10.05356136182252,2.6632346867851684,2.219048057682813,0.49193548387096775,lya_V0.5,0.5,data1770,200
115,85,0,6562.836631095354,2493.655298592062,2992.8100585743664,10.592506597375865,2493.1256732621914,248,118,200,0.575,10.052926101863674,2.63181388173449,2.1928677405680665,0.47580645161290325,lya_V1.0,1.0,data1770,200
114,86,8,6030.143575181419,2492.5899124802336,2991.5315952401734,10.592506597375865,2492.060287150363,248,114,200,0.57,10.04863019012243,2.419228106873452,2.0157378864980005,0.4596774193548387,lya_V2.0,2.0,data1770,200
107,93,3,6780.54340148726,2494.0907121328455,2993.3325548233074,10.592506597375865,2493.561086802975,248,124,200,0.535,10.054681801624898,2.718643459318612,2.2652155339577718,0.5,lya_V3.0,3.0,data1770,200
113,87,8,6370.613170284884,2493.2708516704424,2992.3487222684216,10.592506597375865,2492.741226340571,248,117,200,0.565,10.051375912663593,2.555122788210795,2.128967497296067,0.4717741935483871,lya_V4.0,4.0,data1770,200
